yarn run v1.22.22
$ nodemon -e ts,js,json src/index.ts
[33m[nodemon] 3.1.14[39m
[33m[nodemon] to restart at any time, enter `rs`[39m
[33m[nodemon] watching path(s): *.*[39m
[33m[nodemon] watching extensions: ts,js,json[39m
[32m[nodemon] starting `ts-node src/index.ts`[39m
◇ injected env (1) from .env // tip: ⌘ custom filepath { path: '/custom/path/.env' }
◇ injected env (0) from .env // tip: ⌘ suppress logs { quiet: true }
CronService: Bắt đầu tiến trình tự động hóa kỳ quay (chạy mỗi phút).
Server running on port 5001 (0.0.0.0)
MongoDB Connected: localhost
CronService: Đã tự động sinh kết quả ngẫu nhiên cho kỳ quay #2218
CronService: Lỗi xử lý cron VersionError: No matching document found for id "6a5ceaa86216947a08135004" version 0 modifiedPaths "winningNumbers, status"
    at generateVersionError (/Users/luannguyen/Documents/git/vuaxoso/backend/node_modules/mongoose/lib/model.js:596:10)
    at model.save (/Users/luannguyen/Documents/git/vuaxoso/backend/node_modules/mongoose/lib/model.js:658:30)
    at /Users/luannguyen/Documents/git/vuaxoso/backend/src/services/cronService.ts:60:20
    at processTicksAndRejections (node:internal/process/task_queues:95:5)
    at async execute (/Users/luannguyen/Documents/git/vuaxoso/backend/node_modules/node-cron/src/scheduler/runner.ts:194:26)
    at async runTask (/Users/luannguyen/Documents/git/vuaxoso/backend/node_modules/node-cron/src/scheduler/runner.ts:237:9)
    at async Runner.runCoordinated (/Users/luannguyen/Documents/git/vuaxoso/backend/node_modules/node-cron/src/scheduler/runner.ts:125:7)
    at async /Users/luannguyen/Documents/git/vuaxoso/backend/node_modules/node-cron/src/scheduler/runner.ts:275:13 {
  version: 0,
  modifiedPaths: [ 'winningNumbers', 'status' ]
}
CronService: Đã tự động sinh kết quả ngẫu nhiên cho kỳ quay #2220
CronService: Đã tự động sinh kết quả ngẫu nhiên cho kỳ quay #2220
CronService: Đã tự động sinh kết quả ngẫu nhiên cho kỳ quay #2220
PrizeService: Bắt đầu dò vé cho kỳ quay #2220 (Game: keno)
PrizeService: Bắt đầu dò vé cho kỳ quay #2220 (Game: bao_keno)
CronService: Đã tự động sinh kết quả ngẫu nhiên cho kỳ quay #2220
PrizeService: Tìm thấy 0 đơn hàng đang chờ dò vé.
PrizeService: Hoàn tất dò vé cho kỳ quay #2220.
PrizeService: Tìm thấy 0 đơn hàng đang chờ dò vé.
PrizeService: Hoàn tất dò vé cho kỳ quay #2220.
CronService: Đã tự động sinh kết quả ngẫu nhiên cho kỳ quay #2220
PrizeService: Bắt đầu dò vé cho kỳ quay #2220 (Game: mua_chung)
PrizeService: Tìm thấy 0 đơn hàng đang chờ dò vé.
PrizeService: Hoàn tất dò vé cho kỳ quay #2220.
CronService: Đã tự động sinh kết quả ngẫu nhiên cho kỳ quay #2220
PrizeService: Bắt đầu dò vé cho kỳ quay #2220 (Game: power_655)
CronService: Đã tự động sinh kết quả ngẫu nhiên cho kỳ quay #2220
PrizeService: Bắt đầu dò vé cho kỳ quay #2220 (Game: mega_645)
PrizeService: Tìm thấy 0 đơn hàng đang chờ dò vé.
PrizeService: Hoàn tất dò vé cho kỳ quay #2220.
CronService: Đã tự động sinh kết quả ngẫu nhiên cho kỳ quay #2220
PrizeService: Bắt đầu dò vé cho kỳ quay #2220 (Game: max_3d)
PrizeService: Tìm thấy 0 đơn hàng đang chờ dò vé.
PrizeService: Hoàn tất dò vé cho kỳ quay #2220.
CronService: Đã tự động sinh kết quả ngẫu nhiên cho kỳ quay #2220
PrizeService: Bắt đầu dò vé cho kỳ quay #2220 (Game: lotto_535)
PrizeService: Tìm thấy 0 đơn hàng đang chờ dò vé.
PrizeService: Hoàn tất dò vé cho kỳ quay #2220.
CronService: Đã tự động sinh kết quả ngẫu nhiên cho kỳ quay #2220
PrizeService: Bắt đầu dò vé cho kỳ quay #2220 (Game: loto_235)
PrizeService: Tìm thấy 0 đơn hàng đang chờ dò vé.
PrizeService: Hoàn tất dò vé cho kỳ quay #2220.
PrizeService: Tìm thấy 0 đơn hàng đang chờ dò vé.
PrizeService: Hoàn tất dò vé cho kỳ quay #2220.
CronService: Đã tự động sinh kết quả ngẫu nhiên cho kỳ quay #2220
PrizeService: Bắt đầu dò vé cho kỳ quay #2220 (Game: loto_cap)
CronService: Đã tự động sinh kết quả ngẫu nhiên cho kỳ quay #2220
PrizeService: Tìm thấy 0 đơn hàng đang chờ dò vé.
PrizeService: Hoàn tất dò vé cho kỳ quay #2220.
PrizeService: Bắt đầu dò vé cho kỳ quay #2220 (Game: dientoan_636)
CronService: Đã tự động sinh kết quả ngẫu nhiên cho kỳ quay #2220
PrizeService: Bắt đầu dò vé cho kỳ quay #2220 (Game: bao_loto_2)
PrizeService: Tìm thấy 0 đơn hàng đang chờ dò vé.
PrizeService: Hoàn tất dò vé cho kỳ quay #2220.
CronService: Đã tự động sinh kết quả ngẫu nhiên cho kỳ quay #2220
PrizeService: Bắt đầu dò vé cho kỳ quay #2220 (Game: than_tai_4)
PrizeService: Tìm thấy 0 đơn hàng đang chờ dò vé.
PrizeService: Hoàn tất dò vé cho kỳ quay #2220.
PrizeService: Tìm thấy 0 đơn hàng đang chờ dò vé.
PrizeService: Hoàn tất dò vé cho kỳ quay #2220.
CronService: Đã tự động sinh kết quả ngẫu nhiên cho kỳ quay #2220
PrizeService: Bắt đầu dò vé cho kỳ quay #2220 (Game: bao_636)
CronService: Đã tự động sinh kết quả ngẫu nhiên cho kỳ quay #2220
PrizeService: Bắt đầu dò vé cho kỳ quay #2220 (Game: MB)
PrizeService: Tìm thấy 0 đơn hàng đang chờ dò vé.
PrizeService: Hoàn tất dò vé cho kỳ quay #2220.
PrizeService: Tìm thấy 0 đơn hàng đang chờ dò vé.
PrizeService: Hoàn tất dò vé cho kỳ quay #2220.
PrizeService: Bắt đầu dò vé cho kỳ quay #2220 (Game: MT)
PrizeService: Bắt đầu dò vé cho kỳ quay #2220 (Game: MN)
PrizeService: Tìm thấy 0 đơn hàng đang chờ dò vé.
PrizeService: Hoàn tất dò vé cho kỳ quay #2220.
PrizeService: Tìm thấy 0 đơn hàng đang chờ dò vé.
PrizeService: Hoàn tất dò vé cho kỳ quay #2220.
CronService: Đã mở kỳ quay mới #2222 cho game KENO
CronService: Đã mở kỳ quay mới #2222 cho game BAO KENO
CronService: Đã mở kỳ quay mới #2222 cho game MUA CHUNG
CronService: Đã mở kỳ quay mới #2222 cho game POWER 6/55
CronService: Đã mở kỳ quay mới #2222 cho game MEGA 6/45
CronService: Đã mở kỳ quay mới #2222 cho game MAX 3D
CronService: Đã mở kỳ quay mới #2222 cho game LOTTO 5/35
CronService: Đã mở kỳ quay mới #2222 cho game LÔ TÔ 2, 3, 5 Số
CronService: Đã mở kỳ quay mới #2222 cho game LÔ TÔ 2, 3, 4 Cặp
CronService: Đã mở kỳ quay mới #2222 cho game ĐIỆN TOÁN 6x36
CronService: Đã mở kỳ quay mới #2222 cho game BAO LÔ TÔ 2 Số
CronService: Đã mở kỳ quay mới #2222 cho game Thần Tài 4 / ĐT 1-2-3
CronService: Đã mở kỳ quay mới #2222 cho game BAO 6x36
CronService: Đã mở kỳ quay mới #2222 cho game Xổ số Miền Bắc
CronService: Đã mở kỳ quay mới #2222 cho game Xổ số Miền Trung
CronService: Đã mở kỳ quay mới #2222 cho game Xổ số Miền Nam
[31m[nodemon] app crashed - waiting for file changes before starting...[39m
[32m[nodemon] restarting due to changes...[39m
[32m[nodemon] starting `ts-node src/index.ts`[39m
◇ injected env (1) from .env // tip: ⌘ enable debugging { debug: true }
◇ injected env (0) from .env // tip: ⌘ override existing { override: true }
CronService: Bắt đầu tiến trình tự động hóa kỳ quay (chạy mỗi phút).
Server running on port 5001 (0.0.0.0)
MongoDB Connected: localhost
CronService: Đã tự động sinh kết quả ngẫu nhiên cho kỳ quay #2224
CronService: Đã tự động sinh kết quả ngẫu nhiên cho kỳ quay #2224
CronService: Đã tự động sinh kết quả ngẫu nhiên cho kỳ quay #2224
PrizeService: Bắt đầu dò vé cho kỳ quay #2224 (Game: keno)
CronService: Đã tự động sinh kết quả ngẫu nhiên cho kỳ quay #2224
PrizeService: Bắt đầu dò vé cho kỳ quay #2224 (Game: bao_keno)
PrizeService: Tìm thấy 0 đơn hàng đang chờ dò vé.
PrizeService: Hoàn tất dò vé cho kỳ quay #2224.
PrizeService: Tìm thấy 0 đơn hàng đang chờ dò vé.
PrizeService: Hoàn tất dò vé cho kỳ quay #2224.
PrizeService: Bắt đầu dò vé cho kỳ quay #2224 (Game: mua_chung)
CronService: Đã tự động sinh kết quả ngẫu nhiên cho kỳ quay #2224
PrizeService: Tìm thấy 0 đơn hàng đang chờ dò vé.
PrizeService: Hoàn tất dò vé cho kỳ quay #2224.
PrizeService: Bắt đầu dò vé cho kỳ quay #2224 (Game: power_655)
CronService: Đã tự động sinh kết quả ngẫu nhiên cho kỳ quay #2224
PrizeService: Tìm thấy 0 đơn hàng đang chờ dò vé.
PrizeService: Hoàn tất dò vé cho kỳ quay #2224.
CronService: Đã tự động sinh kết quả ngẫu nhiên cho kỳ quay #2224
PrizeService: Bắt đầu dò vé cho kỳ quay #2224 (Game: mega_645)
CronService: Đã tự động sinh kết quả ngẫu nhiên cho kỳ quay #2224
PrizeService: Bắt đầu dò vé cho kỳ quay #2224 (Game: max_3d)
PrizeService: Tìm thấy 0 đơn hàng đang chờ dò vé.
PrizeService: Hoàn tất dò vé cho kỳ quay #2224.
CronService: Đã tự động sinh kết quả ngẫu nhiên cho kỳ quay #2224
PrizeService: Bắt đầu dò vé cho kỳ quay #2224 (Game: lotto_535)
PrizeService: Tìm thấy 0 đơn hàng đang chờ dò vé.
PrizeService: Hoàn tất dò vé cho kỳ quay #2224.
CronService: Đã tự động sinh kết quả ngẫu nhiên cho kỳ quay #2224
PrizeService: Bắt đầu dò vé cho kỳ quay #2224 (Game: loto_235)
PrizeService: Tìm thấy 0 đơn hàng đang chờ dò vé.
PrizeService: Hoàn tất dò vé cho kỳ quay #2224.
CronService: Đã tự động sinh kết quả ngẫu nhiên cho kỳ quay #2224
PrizeService: Bắt đầu dò vé cho kỳ quay #2224 (Game: loto_cap)
PrizeService: Tìm thấy 0 đơn hàng đang chờ dò vé.
PrizeService: Hoàn tất dò vé cho kỳ quay #2224.
CronService: Đã tự động sinh kết quả ngẫu nhiên cho kỳ quay #2224
PrizeService: Bắt đầu dò vé cho kỳ quay #2224 (Game: dientoan_636)
PrizeService: Tìm thấy 0 đơn hàng đang chờ dò vé.
PrizeService: Hoàn tất dò vé cho kỳ quay #2224.
CronService: Đã tự động sinh kết quả ngẫu nhiên cho kỳ quay #2224
PrizeService: Bắt đầu dò vé cho kỳ quay #2224 (Game: bao_loto_2)
PrizeService: Tìm thấy 0 đơn hàng đang chờ dò vé.
PrizeService: Hoàn tất dò vé cho kỳ quay #2224.
PrizeService: Tìm thấy 0 đơn hàng đang chờ dò vé.
PrizeService: Hoàn tất dò vé cho kỳ quay #2224.
CronService: Đã tự động sinh kết quả ngẫu nhiên cho kỳ quay #2224
PrizeService: Bắt đầu dò vé cho kỳ quay #2224 (Game: than_tai_4)
CronService: Đã tự động sinh kết quả ngẫu nhiên cho kỳ quay #2224
PrizeService: Bắt đầu dò vé cho kỳ quay #2224 (Game: bao_636)
PrizeService: Tìm thấy 0 đơn hàng đang chờ dò vé.
PrizeService: Hoàn tất dò vé cho kỳ quay #2224.
CronService: Đã tự động sinh kết quả ngẫu nhiên cho kỳ quay #2224
PrizeService: Bắt đầu dò vé cho kỳ quay #2224 (Game: MB)
PrizeService: Tìm thấy 0 đơn hàng đang chờ dò vé.
PrizeService: Hoàn tất dò vé cho kỳ quay #2224.
PrizeService: Bắt đầu dò vé cho kỳ quay #2224 (Game: MT)
PrizeService: Tìm thấy 0 đơn hàng đang chờ dò vé.
PrizeService: Hoàn tất dò vé cho kỳ quay #2224.
PrizeService: Bắt đầu dò vé cho kỳ quay #2224 (Game: MN)
PrizeService: Tìm thấy 0 đơn hàng đang chờ dò vé.
PrizeService: Hoàn tất dò vé cho kỳ quay #2224.
PrizeService: Tìm thấy 0 đơn hàng đang chờ dò vé.
PrizeService: Hoàn tất dò vé cho kỳ quay #2224.
CronService: Đã mở kỳ quay mới #2226 cho game KENO
CronService: Đã mở kỳ quay mới #2226 cho game BAO KENO
CronService: Đã mở kỳ quay mới #2226 cho game MUA CHUNG
CronService: Đã mở kỳ quay mới #2226 cho game POWER 6/55
CronService: Đã mở kỳ quay mới #2226 cho game MEGA 6/45
CronService: Đã mở kỳ quay mới #2226 cho game MAX 3D
CronService: Đã mở kỳ quay mới #2226 cho game LOTTO 5/35
CronService: Đã mở kỳ quay mới #2226 cho game LÔ TÔ 2, 3, 5 Số
CronService: Đã mở kỳ quay mới #2226 cho game LÔ TÔ 2, 3, 4 Cặp
CronService: Đã mở kỳ quay mới #2226 cho game ĐIỆN TOÁN 6x36
CronService: Đã mở kỳ quay mới #2226 cho game BAO LÔ TÔ 2 Số
CronService: Đã mở kỳ quay mới #2226 cho game Thần Tài 4 / ĐT 1-2-3
CronService: Đã mở kỳ quay mới #2226 cho game BAO 6x36
CronService: Đã mở kỳ quay mới #2226 cho game Xổ số Miền Bắc
CronService: Đã mở kỳ quay mới #2226 cho game Xổ số Miền Trung
CronService: Đã mở kỳ quay mới #2226 cho game Xổ số Miền Nam
CronService: Đã tự động sinh kết quả ngẫu nhiên cho kỳ quay #2226
CronService: Đã tự động sinh kết quả ngẫu nhiên cho kỳ quay #2226
CronService: Đã tự động sinh kết quả ngẫu nhiên cho kỳ quay #2226
PrizeService: Bắt đầu dò vé cho kỳ quay #2226 (Game: keno)
PrizeService: Bắt đầu dò vé cho kỳ quay #2226 (Game: bao_keno)
CronService: Đã tự động sinh kết quả ngẫu nhiên cho kỳ quay #2226
PrizeService: Tìm thấy 0 đơn hàng đang chờ dò vé.
PrizeService: Hoàn tất dò vé cho kỳ quay #2226.
PrizeService: Tìm thấy 0 đơn hàng đang chờ dò vé.
PrizeService: Hoàn tất dò vé cho kỳ quay #2226.
CronService: Đã tự động sinh kết quả ngẫu nhiên cho kỳ quay #2226
PrizeService: Bắt đầu dò vé cho kỳ quay #2226 (Game: mua_chung)
CronService: Đã tự động sinh kết quả ngẫu nhiên cho kỳ quay #2226
PrizeService: Bắt đầu dò vé cho kỳ quay #2226 (Game: power_655)
PrizeService: Tìm thấy 0 đơn hàng đang chờ dò vé.
PrizeService: Hoàn tất dò vé cho kỳ quay #2226.
CronService: Đã tự động sinh kết quả ngẫu nhiên cho kỳ quay #2226
PrizeService: Bắt đầu dò vé cho kỳ quay #2226 (Game: mega_645)
PrizeService: Tìm thấy 0 đơn hàng đang chờ dò vé.
PrizeService: Hoàn tất dò vé cho kỳ quay #2226.
CronService: Đã tự động sinh kết quả ngẫu nhiên cho kỳ quay #2226
PrizeService: Bắt đầu dò vé cho kỳ quay #2226 (Game: max_3d)
PrizeService: Tìm thấy 0 đơn hàng đang chờ dò vé.
PrizeService: Hoàn tất dò vé cho kỳ quay #2226.
CronService: Đã tự động sinh kết quả ngẫu nhiên cho kỳ quay #2226
PrizeService: Bắt đầu dò vé cho kỳ quay #2226 (Game: lotto_535)
PrizeService: Tìm thấy 0 đơn hàng đang chờ dò vé.
PrizeService: Hoàn tất dò vé cho kỳ quay #2226.
CronService: Đã tự động sinh kết quả ngẫu nhiên cho kỳ quay #2226
PrizeService: Bắt đầu dò vé cho kỳ quay #2226 (Game: loto_235)
PrizeService: Tìm thấy 0 đơn hàng đang chờ dò vé.
PrizeService: Hoàn tất dò vé cho kỳ quay #2226.
PrizeService: Tìm thấy 0 đơn hàng đang chờ dò vé.
PrizeService: Hoàn tất dò vé cho kỳ quay #2226.
CronService: Đã tự động sinh kết quả ngẫu nhiên cho kỳ quay #2226
PrizeService: Bắt đầu dò vé cho kỳ quay #2226 (Game: loto_cap)
CronService: Đã tự động sinh kết quả ngẫu nhiên cho kỳ quay #2226
PrizeService: Bắt đầu dò vé cho kỳ quay #2226 (Game: dientoan_636)
PrizeService: Tìm thấy 0 đơn hàng đang chờ dò vé.
PrizeService: Hoàn tất dò vé cho kỳ quay #2226.
CronService: Đã tự động sinh kết quả ngẫu nhiên cho kỳ quay #2226
PrizeService: Bắt đầu dò vé cho kỳ quay #2226 (Game: bao_loto_2)
PrizeService: Tìm thấy 0 đơn hàng đang chờ dò vé.
PrizeService: Hoàn tất dò vé cho kỳ quay #2226.
CronService: Đã tự động sinh kết quả ngẫu nhiên cho kỳ quay #2226
PrizeService: Bắt đầu dò vé cho kỳ quay #2226 (Game: than_tai_4)
PrizeService: Tìm thấy 0 đơn hàng đang chờ dò vé.
PrizeService: Hoàn tất dò vé cho kỳ quay #2226.
CronService: Đã tự động sinh kết quả ngẫu nhiên cho kỳ quay #2226
PrizeService: Bắt đầu dò vé cho kỳ quay #2226 (Game: bao_636)
PrizeService: Tìm thấy 0 đơn hàng đang chờ dò vé.
PrizeService: Hoàn tất dò vé cho kỳ quay #2226.
CronService: Đã tự động sinh kết quả ngẫu nhiên cho kỳ quay #2226
PrizeService: Bắt đầu dò vé cho kỳ quay #2226 (Game: MB)
PrizeService: Tìm thấy 0 đơn hàng đang chờ dò vé.
PrizeService: Hoàn tất dò vé cho kỳ quay #2226.
PrizeService: Bắt đầu dò vé cho kỳ quay #2226 (Game: MT)
PrizeService: Tìm thấy 0 đơn hàng đang chờ dò vé.
PrizeService: Hoàn tất dò vé cho kỳ quay #2226.
PrizeService: Bắt đầu dò vé cho kỳ quay #2226 (Game: MN)
PrizeService: Tìm thấy 0 đơn hàng đang chờ dò vé.
PrizeService: Hoàn tất dò vé cho kỳ quay #2226.
PrizeService: Tìm thấy 0 đơn hàng đang chờ dò vé.
PrizeService: Hoàn tất dò vé cho kỳ quay #2226.
CronService: Đã mở kỳ quay mới #2228 cho game KENO
CronService: Đã mở kỳ quay mới #2228 cho game BAO KENO
CronService: Đã mở kỳ quay mới #2228 cho game MUA CHUNG
CronService: Đã mở kỳ quay mới #2228 cho game POWER 6/55
CronService: Đã mở kỳ quay mới #2228 cho game MEGA 6/45
CronService: Đã mở kỳ quay mới #2228 cho game MAX 3D
CronService: Đã mở kỳ quay mới #2228 cho game LOTTO 5/35
CronService: Đã mở kỳ quay mới #2228 cho game LÔ TÔ 2, 3, 5 Số
CronService: Đã mở kỳ quay mới #2228 cho game LÔ TÔ 2, 3, 4 Cặp
CronService: Đã mở kỳ quay mới #2228 cho game ĐIỆN TOÁN 6x36
CronService: Đã mở kỳ quay mới #2228 cho game BAO LÔ TÔ 2 Số
CronService: Đã mở kỳ quay mới #2228 cho game Thần Tài 4 / ĐT 1-2-3
CronService: Đã mở kỳ quay mới #2228 cho game BAO 6x36
CronService: Đã mở kỳ quay mới #2228 cho game Xổ số Miền Bắc
CronService: Đã mở kỳ quay mới #2228 cho game Xổ số Miền Trung
CronService: Đã mở kỳ quay mới #2228 cho game Xổ số Miền Nam
CronService: Đã tự động sinh kết quả ngẫu nhiên cho kỳ quay #2228
CronService: Lỗi xử lý cron VersionError: No matching document found for id "6a5ced0003be6a4e654267a9" version 0 modifiedPaths "winningNumbers, status"
    at generateVersionError (/Users/luannguyen/Documents/git/vuaxoso/backend/node_modules/mongoose/lib/model.js:596:10)
    at model.save (/Users/luannguyen/Documents/git/vuaxoso/backend/node_modules/mongoose/lib/model.js:658:30)
    at /Users/luannguyen/Documents/git/vuaxoso/backend/src/services/cronService.ts:60:20
    at processTicksAndRejections (node:internal/process/task_queues:95:5)
    at async execute (/Users/luannguyen/Documents/git/vuaxoso/backend/node_modules/node-cron/src/scheduler/runner.ts:194:26)
    at async runTask (/Users/luannguyen/Documents/git/vuaxoso/backend/node_modules/node-cron/src/scheduler/runner.ts:237:9)
    at async Runner.runCoordinated (/Users/luannguyen/Documents/git/vuaxoso/backend/node_modules/node-cron/src/scheduler/runner.ts:125:7)
    at async /Users/luannguyen/Documents/git/vuaxoso/backend/node_modules/node-cron/src/scheduler/runner.ts:275:13 {
  version: 0,
  modifiedPaths: [ 'winningNumbers', 'status' ]
}
CronService: Đã tự động sinh kết quả ngẫu nhiên cho kỳ quay #2230
CronService: Lỗi xử lý cron VersionError: No matching document found for id "6a5ced78066a8d53fe181f68" version 0 modifiedPaths "winningNumbers, status"
    at generateVersionError (/Users/luannguyen/Documents/git/vuaxoso/backend/node_modules/mongoose/lib/model.js:596:10)
    at model.save (/Users/luannguyen/Documents/git/vuaxoso/backend/node_modules/mongoose/lib/model.js:658:30)
    at /Users/luannguyen/Documents/git/vuaxoso/backend/src/services/cronService.ts:60:20
    at processTicksAndRejections (node:internal/process/task_queues:95:5)
    at async execute (/Users/luannguyen/Documents/git/vuaxoso/backend/node_modules/node-cron/src/scheduler/runner.ts:194:26)
    at async runTask (/Users/luannguyen/Documents/git/vuaxoso/backend/node_modules/node-cron/src/scheduler/runner.ts:237:9)
    at async Runner.runCoordinated (/Users/luannguyen/Documents/git/vuaxoso/backend/node_modules/node-cron/src/scheduler/runner.ts:125:7)
    at async /Users/luannguyen/Documents/git/vuaxoso/backend/node_modules/node-cron/src/scheduler/runner.ts:275:13 {
  version: 0,
  modifiedPaths: [ 'winningNumbers', 'status' ]
}
[2026-07-19T15:39:14.466Z] [PID: 25727] [32m[NODE-CRON][32m [33m[WARN][0m missed execution at Sun Jul 19 2026 22:34:00 GMT+0700 (Indochina Time)! Possible blocking IO or high CPU user at the same process used by node-cron.
[2026-07-19T15:39:14.547Z] [PID: 25727] [32m[NODE-CRON][32m [33m[WARN][0m missed execution at Sun Jul 19 2026 22:35:00 GMT+0700 (Indochina Time)! Possible blocking IO or high CPU user at the same process used by node-cron.
[2026-07-19T15:39:14.548Z] [PID: 25727] [32m[NODE-CRON][32m [33m[WARN][0m missed execution at Sun Jul 19 2026 22:36:00 GMT+0700 (Indochina Time)! Possible blocking IO or high CPU user at the same process used by node-cron.
[2026-07-19T15:39:14.548Z] [PID: 25727] [32m[NODE-CRON][32m [33m[WARN][0m missed execution at Sun Jul 19 2026 22:37:00 GMT+0700 (Indochina Time)! Possible blocking IO or high CPU user at the same process used by node-cron.
[2026-07-19T15:39:14.548Z] [PID: 25727] [32m[NODE-CRON][32m [33m[WARN][0m missed execution at Sun Jul 19 2026 22:38:00 GMT+0700 (Indochina Time)! Possible blocking IO or high CPU user at the same process used by node-cron.
[2026-07-19T15:39:14.548Z] [PID: 25727] [32m[NODE-CRON][32m [33m[WARN][0m missed execution at Sun Jul 19 2026 22:39:00 GMT+0700 (Indochina Time)! Possible blocking IO or high CPU user at the same process used by node-cron.
[2026-07-19T15:55:01.072Z] [PID: 25727] [32m[NODE-CRON][32m [33m[WARN][0m missed execution at Sun Jul 19 2026 22:40:00 GMT+0700 (Indochina Time)! Possible blocking IO or high CPU user at the same process used by node-cron.
[2026-07-19T15:55:01.073Z] [PID: 25727] [32m[NODE-CRON][32m [33m[WARN][0m missed execution at Sun Jul 19 2026 22:41:00 GMT+0700 (Indochina Time)! Possible blocking IO or high CPU user at the same process used by node-cron.
[2026-07-19T15:55:01.073Z] [PID: 25727] [32m[NODE-CRON][32m [33m[WARN][0m missed execution at Sun Jul 19 2026 22:42:00 GMT+0700 (Indochina Time)! Possible blocking IO or high CPU user at the same process used by node-cron.
[2026-07-19T15:55:01.074Z] [PID: 25727] [32m[NODE-CRON][32m [33m[WARN][0m missed execution at Sun Jul 19 2026 22:43:00 GMT+0700 (Indochina Time)! Possible blocking IO or high CPU user at the same process used by node-cron.
[2026-07-19T15:55:01.074Z] [PID: 25727] [32m[NODE-CRON][32m [33m[WARN][0m missed execution at Sun Jul 19 2026 22:44:00 GMT+0700 (Indochina Time)! Possible blocking IO or high CPU user at the same process used by node-cron.
[2026-07-19T15:55:01.074Z] [PID: 25727] [32m[NODE-CRON][32m [33m[WARN][0m missed execution at Sun Jul 19 2026 22:45:00 GMT+0700 (Indochina Time)! Possible blocking IO or high CPU user at the same process used by node-cron.
[2026-07-19T15:55:01.074Z] [PID: 25727] [32m[NODE-CRON][32m [33m[WARN][0m missed execution at Sun Jul 19 2026 22:46:00 GMT+0700 (Indochina Time)! Possible blocking IO or high CPU user at the same process used by node-cron.
[2026-07-19T15:55:01.074Z] [PID: 25727] [32m[NODE-CRON][32m [33m[WARN][0m missed execution at Sun Jul 19 2026 22:47:00 GMT+0700 (Indochina Time)! Possible blocking IO or high CPU user at the same process used by node-cron.
[2026-07-19T15:55:01.074Z] [PID: 25727] [32m[NODE-CRON][32m [33m[WARN][0m missed execution at Sun Jul 19 2026 22:48:00 GMT+0700 (Indochina Time)! Possible blocking IO or high CPU user at the same process used by node-cron.
[2026-07-19T15:55:01.085Z] [PID: 25727] [32m[NODE-CRON][32m [33m[WARN][0m missed execution at Sun Jul 19 2026 22:49:00 GMT+0700 (Indochina Time)! Possible blocking IO or high CPU user at the same process used by node-cron.
[2026-07-19T15:55:01.086Z] [PID: 25727] [32m[NODE-CRON][32m [33m[WARN][0m missed execution at Sun Jul 19 2026 22:50:00 GMT+0700 (Indochina Time)! Possible blocking IO or high CPU user at the same process used by node-cron.
[2026-07-19T15:55:01.086Z] [PID: 25727] [32m[NODE-CRON][32m [33m[WARN][0m missed execution at Sun Jul 19 2026 22:51:00 GMT+0700 (Indochina Time)! Possible blocking IO or high CPU user at the same process used by node-cron.
[2026-07-19T15:55:01.086Z] [PID: 25727] [32m[NODE-CRON][32m [33m[WARN][0m missed execution at Sun Jul 19 2026 22:52:00 GMT+0700 (Indochina Time)! Possible blocking IO or high CPU user at the same process used by node-cron.
[2026-07-19T15:55:01.086Z] [PID: 25727] [32m[NODE-CRON][32m [33m[WARN][0m missed execution at Sun Jul 19 2026 22:53:00 GMT+0700 (Indochina Time)! Possible blocking IO or high CPU user at the same process used by node-cron.
[2026-07-19T15:55:01.086Z] [PID: 25727] [32m[NODE-CRON][32m [33m[WARN][0m missed execution at Sun Jul 19 2026 22:54:00 GMT+0700 (Indochina Time)! Possible blocking IO or high CPU user at the same process used by node-cron.
[2026-07-19T15:57:57.473Z] [PID: 25727] [32m[NODE-CRON][32m [33m[WARN][0m missed execution at Sun Jul 19 2026 22:56:00 GMT+0700 (Indochina Time)! Possible blocking IO or high CPU user at the same process used by node-cron.
[2026-07-19T15:57:57.473Z] [PID: 25727] [32m[NODE-CRON][32m [33m[WARN][0m missed execution at Sun Jul 19 2026 22:57:00 GMT+0700 (Indochina Time)! Possible blocking IO or high CPU user at the same process used by node-cron.
CronService: Đã mở kỳ quay mới #2258 cho game KENO
CronService: Đã mở kỳ quay mới #2258 cho game BAO KENO
CronService: Đã mở kỳ quay mới #2258 cho game POWER 6/55
CronService: Đã mở kỳ quay mới #2258 cho game MEGA 6/45
CronService: Đã mở kỳ quay mới #2258 cho game MAX 3D
CronService: Đã mở kỳ quay mới #2258 cho game ĐIỆN TOÁN 6x36
CronService: Đã mở kỳ quay mới #2258 cho game Xổ số Miền Bắc
CronService: Đã mở kỳ quay mới #2258 cho game Xổ số Miền Trung
CronService: Đã mở kỳ quay mới #2258 cho game Xổ số Miền Nam
CronService: Đã tự động sinh kết quả ngẫu nhiên cho kỳ quay #2258
CronService: Lỗi xử lý cron VersionError: No matching document found for id "6a5cf408066a8d53fe18382a" version 0 modifiedPaths "winningNumbers, status"
    at generateVersionError (/Users/luannguyen/Documents/git/vuaxoso/backend/node_modules/mongoose/lib/model.js:596:10)
    at model.save (/Users/luannguyen/Documents/git/vuaxoso/backend/node_modules/mongoose/lib/model.js:658:30)
    at /Users/luannguyen/Documents/git/vuaxoso/backend/src/services/cronService.ts:60:20
    at processTicksAndRejections (node:internal/process/task_queues:95:5)
    at async execute (/Users/luannguyen/Documents/git/vuaxoso/backend/node_modules/node-cron/src/scheduler/runner.ts:194:26)
    at async runTask (/Users/luannguyen/Documents/git/vuaxoso/backend/node_modules/node-cron/src/scheduler/runner.ts:237:9)
    at async Runner.runCoordinated (/Users/luannguyen/Documents/git/vuaxoso/backend/node_modules/node-cron/src/scheduler/runner.ts:125:7)
    at async /Users/luannguyen/Documents/git/vuaxoso/backend/node_modules/node-cron/src/scheduler/runner.ts:275:13 {
  version: 0,
  modifiedPaths: [ 'winningNumbers', 'status' ]
}
[32m[nodemon] restarting due to changes...[39m
[32m[nodemon] starting `ts-node src/index.ts`[39m
◇ injected env (1) from .env // tip: ⌘ enable debugging { debug: true }
◇ injected env (0) from .env // tip: ◈ secrets for agents [www.dotenvx.com]
CronService: Bắt đầu tiến trình tự động hóa kỳ quay (chạy mỗi phút).
Server running on port 5001 (0.0.0.0)
MongoDB Connected: localhost
CronService: Đã tự động sinh kết quả ngẫu nhiên cho kỳ quay #2300
CronService: Lỗi xử lý cron VersionError: No matching document found for id "6a5cf480066a8d53fe183d27" version 0 modifiedPaths "winningNumbers, status"
    at generateVersionError (/Users/luannguyen/Documents/git/vuaxoso/backend/node_modules/mongoose/lib/model.js:596:10)
    at model.save (/Users/luannguyen/Documents/git/vuaxoso/backend/node_modules/mongoose/lib/model.js:658:30)
    at /Users/luannguyen/Documents/git/vuaxoso/backend/src/services/cronService.ts:60:20
    at processTicksAndRejections (node:internal/process/task_queues:95:5)
    at async execute (/Users/luannguyen/Documents/git/vuaxoso/backend/node_modules/node-cron/src/scheduler/runner.ts:194:26)
    at async runTask (/Users/luannguyen/Documents/git/vuaxoso/backend/node_modules/node-cron/src/scheduler/runner.ts:237:9)
    at async Runner.runCoordinated (/Users/luannguyen/Documents/git/vuaxoso/backend/node_modules/node-cron/src/scheduler/runner.ts:125:7)
    at async /Users/luannguyen/Documents/git/vuaxoso/backend/node_modules/node-cron/src/scheduler/runner.ts:275:13 {
  version: 0,
  modifiedPaths: [ 'winningNumbers', 'status' ]
}
CronService: Đã tự động sinh kết quả ngẫu nhiên cho kỳ quay #2302
CronService: Lỗi xử lý cron VersionError: No matching document found for id "6a5cf4f8107d6454f76805e8" version 0 modifiedPaths "winningNumbers, status"
    at generateVersionError (/Users/luannguyen/Documents/git/vuaxoso/backend/node_modules/mongoose/lib/model.js:596:10)
    at model.save (/Users/luannguyen/Documents/git/vuaxoso/backend/node_modules/mongoose/lib/model.js:658:30)
    at /Users/luannguyen/Documents/git/vuaxoso/backend/src/services/cronService.ts:60:20
    at processTicksAndRejections (node:internal/process/task_queues:95:5)
    at async execute (/Users/luannguyen/Documents/git/vuaxoso/backend/node_modules/node-cron/src/scheduler/runner.ts:194:26)
    at async runTask (/Users/luannguyen/Documents/git/vuaxoso/backend/node_modules/node-cron/src/scheduler/runner.ts:237:9)
    at async Runner.runCoordinated (/Users/luannguyen/Documents/git/vuaxoso/backend/node_modules/node-cron/src/scheduler/runner.ts:125:7)
    at async /Users/luannguyen/Documents/git/vuaxoso/backend/node_modules/node-cron/src/scheduler/runner.ts:275:13 {
  version: 0,
  modifiedPaths: [ 'winningNumbers', 'status' ]
}
CronService: Đã tự động sinh kết quả ngẫu nhiên cho kỳ quay #2304
CronService: Lỗi xử lý cron VersionError: No matching document found for id "6a5cf570107d6454f768273a" version 0 modifiedPaths "winningNumbers, status"
    at generateVersionError (/Users/luannguyen/Documents/git/vuaxoso/backend/node_modules/mongoose/lib/model.js:596:10)
    at model.save (/Users/luannguyen/Documents/git/vuaxoso/backend/node_modules/mongoose/lib/model.js:658:30)
    at /Users/luannguyen/Documents/git/vuaxoso/backend/src/services/cronService.ts:60:20
    at processTicksAndRejections (node:internal/process/task_queues:95:5)
    at async execute (/Users/luannguyen/Documents/git/vuaxoso/backend/node_modules/node-cron/src/scheduler/runner.ts:194:26)
    at async runTask (/Users/luannguyen/Documents/git/vuaxoso/backend/node_modules/node-cron/src/scheduler/runner.ts:237:9)
    at async Runner.runCoordinated (/Users/luannguyen/Documents/git/vuaxoso/backend/node_modules/node-cron/src/scheduler/runner.ts:125:7)
    at async /Users/luannguyen/Documents/git/vuaxoso/backend/node_modules/node-cron/src/scheduler/runner.ts:275:13 {
  version: 0,
  modifiedPaths: [ 'winningNumbers', 'status' ]
}
[32m[nodemon] restarting due to changes...[39m
[32m[nodemon] starting `ts-node src/index.ts`[39m
◇ injected env (1) from .env // tip: ⌘ custom filepath { path: '/custom/path/.env' }
◇ injected env (0) from .env // tip: ⌘ suppress logs { quiet: true }
CronService: Bắt đầu tiến trình tự động hóa kỳ quay (chạy mỗi phút).
Server running on port 5001 (0.0.0.0)
MongoDB Connected: localhost
[32m[nodemon] restarting due to changes...[39m
[32m[nodemon] starting `ts-node src/index.ts`[39m
◇ injected env (1) from .env // tip: ◈ secrets for agents [www.dotenvx.com]
◇ injected env (0) from .env // tip: ⌘ override existing { override: true }
CronService: Bắt đầu tiến trình tự động hóa kỳ quay (chạy mỗi phút).
Server running on port 5001 (0.0.0.0)
MongoDB Connected: localhost
[32m[nodemon] restarting due to changes...[39m
[32m[nodemon] starting `ts-node src/index.ts`[39m
◇ injected env (1) from .env // tip: ◈ encrypted .env [www.dotenvx.com]
◇ injected env (0) from .env // tip: ⌁ auth for agents [www.vestauth.com]
CronService: Bắt đầu tiến trình tự động hóa kỳ quay (chạy mỗi phút).
Server running on port 5001 (0.0.0.0)
MongoDB Connected: localhost
CronService: Đã tự động sinh kết quả ngẫu nhiên cho kỳ quay #2306
CronService: Lỗi xử lý cron VersionError: No matching document found for id "6a5cf5e8107d6454f76831f6" version 0 modifiedPaths "winningNumbers, status"
    at generateVersionError (/Users/luannguyen/Documents/git/vuaxoso/backend/node_modules/mongoose/lib/model.js:596:10)
    at model.save (/Users/luannguyen/Documents/git/vuaxoso/backend/node_modules/mongoose/lib/model.js:658:30)
    at /Users/luannguyen/Documents/git/vuaxoso/backend/src/services/cronService.ts:60:20
    at processTicksAndRejections (node:internal/process/task_queues:95:5)
    at async execute (/Users/luannguyen/Documents/git/vuaxoso/backend/node_modules/node-cron/src/scheduler/runner.ts:194:26)
    at async runTask (/Users/luannguyen/Documents/git/vuaxoso/backend/node_modules/node-cron/src/scheduler/runner.ts:237:9)
    at async Runner.runCoordinated (/Users/luannguyen/Documents/git/vuaxoso/backend/node_modules/node-cron/src/scheduler/runner.ts:125:7)
    at async /Users/luannguyen/Documents/git/vuaxoso/backend/node_modules/node-cron/src/scheduler/runner.ts:275:13 {
  version: 0,
  modifiedPaths: [ 'winningNumbers', 'status' ]
}
[32m[nodemon] restarting due to changes...[39m
[32m[nodemon] starting `ts-node src/index.ts`[39m
◇ injected env (1) from .env // tip: ◈ encrypted .env [www.dotenvx.com]
/Users/luannguyen/Documents/git/vuaxoso/backend/node_modules/ts-node/src/index.ts:859
    return new TSError(diagnosticText, diagnosticCodes, diagnostics);
           ^
TSError: ⨯ Unable to compile TypeScript:
src/routes/coBuyRoutes.ts(3,25): error TS2307: Cannot find module '../middlewares/authMiddleware' or its corresponding type declarations.

    at createTSError (/Users/luannguyen/Documents/git/vuaxoso/backend/node_modules/ts-node/src/index.ts:859:12)
    at reportTSError (/Users/luannguyen/Documents/git/vuaxoso/backend/node_modules/ts-node/src/index.ts:863:19)
    at getOutput (/Users/luannguyen/Documents/git/vuaxoso/backend/node_modules/ts-node/src/index.ts:1077:36)
    at Object.compile (/Users/luannguyen/Documents/git/vuaxoso/backend/node_modules/ts-node/src/index.ts:1433:41)
    at Module.m._compile (/Users/luannguyen/Documents/git/vuaxoso/backend/node_modules/ts-node/src/index.ts:1617:30)
    at Module._extensions..js (node:internal/modules/cjs/loader:1623:10)
    at Object.require.extensions.<computed> [as .ts] (/Users/luannguyen/Documents/git/vuaxoso/backend/node_modules/ts-node/src/index.ts:1621:12)
    at Module.load (node:internal/modules/cjs/loader:1266:32)
    at Function.Module._load (node:internal/modules/cjs/loader:1091:12)
    at Module.require (node:internal/modules/cjs/loader:1289:19) {
  diagnosticCodes: [ 2307 ]
}
[31m[nodemon] app crashed - waiting for file changes before starting...[39m
[32m[nodemon] restarting due to changes...[39m
[32m[nodemon] starting `ts-node src/index.ts`[39m
◇ injected env (1) from .env // tip: ⌘ multiple files { path: ['.env.local', '.env'] }
/Users/luannguyen/Documents/git/vuaxoso/backend/node_modules/ts-node/src/index.ts:859
    return new TSError(diagnosticText, diagnosticCodes, diagnostics);
           ^
TSError: ⨯ Unable to compile TypeScript:
src/routes/coBuyRoutes.ts(3,25): error TS2307: Cannot find module '../middlewares/authMiddleware' or its corresponding type declarations.

    at createTSError (/Users/luannguyen/Documents/git/vuaxoso/backend/node_modules/ts-node/src/index.ts:859:12)
    at reportTSError (/Users/luannguyen/Documents/git/vuaxoso/backend/node_modules/ts-node/src/index.ts:863:19)
    at getOutput (/Users/luannguyen/Documents/git/vuaxoso/backend/node_modules/ts-node/src/index.ts:1077:36)
    at Object.compile (/Users/luannguyen/Documents/git/vuaxoso/backend/node_modules/ts-node/src/index.ts:1433:41)
    at Module.m._compile (/Users/luannguyen/Documents/git/vuaxoso/backend/node_modules/ts-node/src/index.ts:1617:30)
    at Module._extensions..js (node:internal/modules/cjs/loader:1623:10)
    at Object.require.extensions.<computed> [as .ts] (/Users/luannguyen/Documents/git/vuaxoso/backend/node_modules/ts-node/src/index.ts:1621:12)
    at Module.load (node:internal/modules/cjs/loader:1266:32)
    at Function.Module._load (node:internal/modules/cjs/loader:1091:12)
    at Module.require (node:internal/modules/cjs/loader:1289:19) {
  diagnosticCodes: [ 2307 ]
}
[31m[nodemon] app crashed - waiting for file changes before starting...[39m
[32m[nodemon] restarting due to changes...[39m
[32m[nodemon] starting `ts-node src/index.ts`[39m
◇ injected env (1) from .env // tip: ◈ encrypted .env [www.dotenvx.com]
/Users/luannguyen/Documents/git/vuaxoso/backend/node_modules/ts-node/src/index.ts:859
    return new TSError(diagnosticText, diagnosticCodes, diagnostics);
           ^
TSError: ⨯ Unable to compile TypeScript:
src/routes/coBuyRoutes.ts(3,25): error TS2307: Cannot find module '../middlewares/authMiddleware' or its corresponding type declarations.

    at createTSError (/Users/luannguyen/Documents/git/vuaxoso/backend/node_modules/ts-node/src/index.ts:859:12)
    at reportTSError (/Users/luannguyen/Documents/git/vuaxoso/backend/node_modules/ts-node/src/index.ts:863:19)
    at getOutput (/Users/luannguyen/Documents/git/vuaxoso/backend/node_modules/ts-node/src/index.ts:1077:36)
    at Object.compile (/Users/luannguyen/Documents/git/vuaxoso/backend/node_modules/ts-node/src/index.ts:1433:41)
    at Module.m._compile (/Users/luannguyen/Documents/git/vuaxoso/backend/node_modules/ts-node/src/index.ts:1617:30)
    at Module._extensions..js (node:internal/modules/cjs/loader:1623:10)
    at Object.require.extensions.<computed> [as .ts] (/Users/luannguyen/Documents/git/vuaxoso/backend/node_modules/ts-node/src/index.ts:1621:12)
    at Module.load (node:internal/modules/cjs/loader:1266:32)
    at Function.Module._load (node:internal/modules/cjs/loader:1091:12)
    at Module.require (node:internal/modules/cjs/loader:1289:19) {
  diagnosticCodes: [ 2307 ]
}
[31m[nodemon] app crashed - waiting for file changes before starting...[39m
[32m[nodemon] restarting due to changes...[39m
[32m[nodemon] starting `ts-node src/index.ts`[39m
◇ injected env (1) from .env // tip: ⌘ multiple files { path: ['.env.local', '.env'] }
/Users/luannguyen/Documents/git/vuaxoso/backend/node_modules/ts-node/src/index.ts:859
    return new TSError(diagnosticText, diagnosticCodes, diagnostics);
           ^
TSError: ⨯ Unable to compile TypeScript:
src/routes/coBuyRoutes.ts(3,25): error TS2307: Cannot find module '../middlewares/authMiddleware' or its corresponding type declarations.

    at createTSError (/Users/luannguyen/Documents/git/vuaxoso/backend/node_modules/ts-node/src/index.ts:859:12)
    at reportTSError (/Users/luannguyen/Documents/git/vuaxoso/backend/node_modules/ts-node/src/index.ts:863:19)
    at getOutput (/Users/luannguyen/Documents/git/vuaxoso/backend/node_modules/ts-node/src/index.ts:1077:36)
    at Object.compile (/Users/luannguyen/Documents/git/vuaxoso/backend/node_modules/ts-node/src/index.ts:1433:41)
    at Module.m._compile (/Users/luannguyen/Documents/git/vuaxoso/backend/node_modules/ts-node/src/index.ts:1617:30)
    at Module._extensions..js (node:internal/modules/cjs/loader:1623:10)
    at Object.require.extensions.<computed> [as .ts] (/Users/luannguyen/Documents/git/vuaxoso/backend/node_modules/ts-node/src/index.ts:1621:12)
    at Module.load (node:internal/modules/cjs/loader:1266:32)
    at Function.Module._load (node:internal/modules/cjs/loader:1091:12)
    at Module.require (node:internal/modules/cjs/loader:1289:19) {
  diagnosticCodes: [ 2307 ]
}
[31m[nodemon] app crashed - waiting for file changes before starting...[39m
[32m[nodemon] restarting due to changes...[39m
[32m[nodemon] starting `ts-node src/index.ts`[39m
◇ injected env (1) from .env // tip: ◈ secrets for agents [www.dotenvx.com]
/Users/luannguyen/Documents/git/vuaxoso/backend/node_modules/ts-node/src/index.ts:859
    return new TSError(diagnosticText, diagnosticCodes, diagnostics);
           ^
TSError: ⨯ Unable to compile TypeScript:
src/routes/coBuyRoutes.ts(3,25): error TS2307: Cannot find module '../middlewares/authMiddleware' or its corresponding type declarations.

    at createTSError (/Users/luannguyen/Documents/git/vuaxoso/backend/node_modules/ts-node/src/index.ts:859:12)
    at reportTSError (/Users/luannguyen/Documents/git/vuaxoso/backend/node_modules/ts-node/src/index.ts:863:19)
    at getOutput (/Users/luannguyen/Documents/git/vuaxoso/backend/node_modules/ts-node/src/index.ts:1077:36)
    at Object.compile (/Users/luannguyen/Documents/git/vuaxoso/backend/node_modules/ts-node/src/index.ts:1433:41)
    at Module.m._compile (/Users/luannguyen/Documents/git/vuaxoso/backend/node_modules/ts-node/src/index.ts:1617:30)
    at Module._extensions..js (node:internal/modules/cjs/loader:1623:10)
    at Object.require.extensions.<computed> [as .ts] (/Users/luannguyen/Documents/git/vuaxoso/backend/node_modules/ts-node/src/index.ts:1621:12)
    at Module.load (node:internal/modules/cjs/loader:1266:32)
    at Function.Module._load (node:internal/modules/cjs/loader:1091:12)
    at Module.require (node:internal/modules/cjs/loader:1289:19) {
  diagnosticCodes: [ 2307 ]
}
[31m[nodemon] app crashed - waiting for file changes before starting...[39m
[32m[nodemon] restarting due to changes...[39m
[32m[nodemon] starting `ts-node src/index.ts`[39m
◇ injected env (1) from .env // tip: ⌘ enable debugging { debug: true }
◇ injected env (0) from .env // tip: ⌘ suppress logs { quiet: true }
CronService: Bắt đầu tiến trình tự động hóa kỳ quay (chạy mỗi phút).
Server running on port 5001 (0.0.0.0)
MongoDB Connected: localhost
CronService: Đã tự động sinh kết quả ngẫu nhiên cho kỳ quay #2308
CronService: Lỗi xử lý cron VersionError: No matching document found for id "6a5cf6604a195a165a9767a8" version 0 modifiedPaths "winningNumbers, status"
    at generateVersionError (/Users/luannguyen/Documents/git/vuaxoso/backend/node_modules/mongoose/lib/model.js:596:10)
    at model.save (/Users/luannguyen/Documents/git/vuaxoso/backend/node_modules/mongoose/lib/model.js:658:30)
    at /Users/luannguyen/Documents/git/vuaxoso/backend/src/services/cronService.ts:60:20
    at processTicksAndRejections (node:internal/process/task_queues:95:5)
    at async execute (/Users/luannguyen/Documents/git/vuaxoso/backend/node_modules/node-cron/src/scheduler/runner.ts:194:26)
    at async runTask (/Users/luannguyen/Documents/git/vuaxoso/backend/node_modules/node-cron/src/scheduler/runner.ts:237:9)
    at async Runner.runCoordinated (/Users/luannguyen/Documents/git/vuaxoso/backend/node_modules/node-cron/src/scheduler/runner.ts:125:7)
    at async /Users/luannguyen/Documents/git/vuaxoso/backend/node_modules/node-cron/src/scheduler/runner.ts:275:13 {
  version: 0,
  modifiedPaths: [ 'winningNumbers', 'status' ]
}
CronService: Đã mở kỳ quay mới #2314 cho game MEGA 6/45
CronService: Đã mở kỳ quay mới #2314 cho game BAO 6x36
CronService: Đã mở kỳ quay mới #2314 cho game Xổ số Miền Bắc
CronService: Đã mở kỳ quay mới #2314 cho game Xổ số Miền Trung
CronService: Đã tự động sinh kết quả ngẫu nhiên cho kỳ quay #2314
CronService: Lỗi xử lý cron VersionError: No matching document found for id "6a5cf7c8c053f79020140115" version 0 modifiedPaths "winningNumbers, status"
    at generateVersionError (/Users/luannguyen/Documents/git/vuaxoso/backend/node_modules/mongoose/lib/model.js:596:10)
    at model.save (/Users/luannguyen/Documents/git/vuaxoso/backend/node_modules/mongoose/lib/model.js:658:30)
    at /Users/luannguyen/Documents/git/vuaxoso/backend/src/services/cronService.ts:60:20
    at processTicksAndRejections (node:internal/process/task_queues:95:5)
    at async execute (/Users/luannguyen/Documents/git/vuaxoso/backend/node_modules/node-cron/src/scheduler/runner.ts:194:26)
    at async runTask (/Users/luannguyen/Documents/git/vuaxoso/backend/node_modules/node-cron/src/scheduler/runner.ts:237:9)
    at async Runner.runCoordinated (/Users/luannguyen/Documents/git/vuaxoso/backend/node_modules/node-cron/src/scheduler/runner.ts:125:7)
    at async /Users/luannguyen/Documents/git/vuaxoso/backend/node_modules/node-cron/src/scheduler/runner.ts:275:13 {
  version: 0,
  modifiedPaths: [ 'winningNumbers', 'status' ]
}
CronService: Đã tự động sinh kết quả ngẫu nhiên cho kỳ quay #2316
CronService: Lỗi xử lý cron VersionError: No matching document found for id "6a5cf840c053f79020140125" version 0 modifiedPaths "winningNumbers, status"
    at generateVersionError (/Users/luannguyen/Documents/git/vuaxoso/backend/node_modules/mongoose/lib/model.js:596:10)
    at model.save (/Users/luannguyen/Documents/git/vuaxoso/backend/node_modules/mongoose/lib/model.js:658:30)
    at /Users/luannguyen/Documents/git/vuaxoso/backend/src/services/cronService.ts:60:20
    at processTicksAndRejections (node:internal/process/task_queues:95:5)
    at async execute (/Users/luannguyen/Documents/git/vuaxoso/backend/node_modules/node-cron/src/scheduler/runner.ts:194:26)
    at async runTask (/Users/luannguyen/Documents/git/vuaxoso/backend/node_modules/node-cron/src/scheduler/runner.ts:237:9)
    at async Runner.runCoordinated (/Users/luannguyen/Documents/git/vuaxoso/backend/node_modules/node-cron/src/scheduler/runner.ts:125:7)
    at async /Users/luannguyen/Documents/git/vuaxoso/backend/node_modules/node-cron/src/scheduler/runner.ts:275:13 {
  version: 0,
  modifiedPaths: [ 'winningNumbers', 'status' ]
}
CronService: Đã tự động sinh kết quả ngẫu nhiên cho kỳ quay #2318
CronService: Lỗi xử lý cron VersionError: No matching document found for id "6a5cf8b8c053f790201416b8" version 0 modifiedPaths "winningNumbers, status"
    at generateVersionError (/Users/luannguyen/Documents/git/vuaxoso/backend/node_modules/mongoose/lib/model.js:596:10)
    at model.save (/Users/luannguyen/Documents/git/vuaxoso/backend/node_modules/mongoose/lib/model.js:658:30)
    at /Users/luannguyen/Documents/git/vuaxoso/backend/src/services/cronService.ts:60:20
    at processTicksAndRejections (node:internal/process/task_queues:95:5)
    at async execute (/Users/luannguyen/Documents/git/vuaxoso/backend/node_modules/node-cron/src/scheduler/runner.ts:194:26)
    at async runTask (/Users/luannguyen/Documents/git/vuaxoso/backend/node_modules/node-cron/src/scheduler/runner.ts:237:9)
    at async Runner.runCoordinated (/Users/luannguyen/Documents/git/vuaxoso/backend/node_modules/node-cron/src/scheduler/runner.ts:125:7)
    at async /Users/luannguyen/Documents/git/vuaxoso/backend/node_modules/node-cron/src/scheduler/runner.ts:275:13 {
  version: 0,
  modifiedPaths: [ 'winningNumbers', 'status' ]
}
CronService: Đã tự động sinh kết quả ngẫu nhiên cho kỳ quay #2320
CronService: Lỗi xử lý cron VersionError: No matching document found for id "6a5cf930c053f790201431bb" version 0 modifiedPaths "winningNumbers, status"
    at generateVersionError (/Users/luannguyen/Documents/git/vuaxoso/backend/node_modules/mongoose/lib/model.js:596:10)
    at model.save (/Users/luannguyen/Documents/git/vuaxoso/backend/node_modules/mongoose/lib/model.js:658:30)
    at /Users/luannguyen/Documents/git/vuaxoso/backend/src/services/cronService.ts:60:20
    at processTicksAndRejections (node:internal/process/task_queues:95:5)
    at async execute (/Users/luannguyen/Documents/git/vuaxoso/backend/node_modules/node-cron/src/scheduler/runner.ts:194:26)
    at async runTask (/Users/luannguyen/Documents/git/vuaxoso/backend/node_modules/node-cron/src/scheduler/runner.ts:237:9)
    at async Runner.runCoordinated (/Users/luannguyen/Documents/git/vuaxoso/backend/node_modules/node-cron/src/scheduler/runner.ts:125:7)
    at async /Users/luannguyen/Documents/git/vuaxoso/backend/node_modules/node-cron/src/scheduler/runner.ts:275:13 {
  version: 0,
  modifiedPaths: [ 'winningNumbers', 'status' ]
}
[2026-07-19T16:39:41.547Z] [PID: 27435] [32m[NODE-CRON][32m [33m[WARN][0m missed execution at Sun Jul 19 2026 23:23:00 GMT+0700 (Indochina Time)! Possible blocking IO or high CPU user at the same process used by node-cron.
[2026-07-19T16:39:41.600Z] [PID: 27435] [32m[NODE-CRON][32m [33m[WARN][0m missed execution at Sun Jul 19 2026 23:24:00 GMT+0700 (Indochina Time)! Possible blocking IO or high CPU user at the same process used by node-cron.
[2026-07-19T16:39:41.601Z] [PID: 27435] [32m[NODE-CRON][32m [33m[WARN][0m missed execution at Sun Jul 19 2026 23:25:00 GMT+0700 (Indochina Time)! Possible blocking IO or high CPU user at the same process used by node-cron.
[2026-07-19T16:39:41.601Z] [PID: 27435] [32m[NODE-CRON][32m [33m[WARN][0m missed execution at Sun Jul 19 2026 23:26:00 GMT+0700 (Indochina Time)! Possible blocking IO or high CPU user at the same process used by node-cron.
[2026-07-19T16:39:41.601Z] [PID: 27435] [32m[NODE-CRON][32m [33m[WARN][0m missed execution at Sun Jul 19 2026 23:27:00 GMT+0700 (Indochina Time)! Possible blocking IO or high CPU user at the same process used by node-cron.
[2026-07-19T16:39:41.601Z] [PID: 27435] [32m[NODE-CRON][32m [33m[WARN][0m missed execution at Sun Jul 19 2026 23:28:00 GMT+0700 (Indochina Time)! Possible blocking IO or high CPU user at the same process used by node-cron.
[2026-07-19T16:39:41.602Z] [PID: 27435] [32m[NODE-CRON][32m [33m[WARN][0m missed execution at Sun Jul 19 2026 23:29:00 GMT+0700 (Indochina Time)! Possible blocking IO or high CPU user at the same process used by node-cron.
[2026-07-19T16:39:41.602Z] [PID: 27435] [32m[NODE-CRON][32m [33m[WARN][0m missed execution at Sun Jul 19 2026 23:30:00 GMT+0700 (Indochina Time)! Possible blocking IO or high CPU user at the same process used by node-cron.
[2026-07-19T16:39:41.602Z] [PID: 27435] [32m[NODE-CRON][32m [33m[WARN][0m missed execution at Sun Jul 19 2026 23:31:00 GMT+0700 (Indochina Time)! Possible blocking IO or high CPU user at the same process used by node-cron.
[2026-07-19T16:39:41.603Z] [PID: 27435] [32m[NODE-CRON][32m [33m[WARN][0m missed execution at Sun Jul 19 2026 23:32:00 GMT+0700 (Indochina Time)! Possible blocking IO or high CPU user at the same process used by node-cron.
[2026-07-19T16:39:41.603Z] [PID: 27435] [32m[NODE-CRON][32m [33m[WARN][0m missed execution at Sun Jul 19 2026 23:33:00 GMT+0700 (Indochina Time)! Possible blocking IO or high CPU user at the same process used by node-cron.
[2026-07-19T16:39:41.603Z] [PID: 27435] [32m[NODE-CRON][32m [33m[WARN][0m missed execution at Sun Jul 19 2026 23:34:00 GMT+0700 (Indochina Time)! Possible blocking IO or high CPU user at the same process used by node-cron.
[2026-07-19T16:39:41.603Z] [PID: 27435] [32m[NODE-CRON][32m [33m[WARN][0m missed execution at Sun Jul 19 2026 23:35:00 GMT+0700 (Indochina Time)! Possible blocking IO or high CPU user at the same process used by node-cron.
[2026-07-19T16:39:41.603Z] [PID: 27435] [32m[NODE-CRON][32m [33m[WARN][0m missed execution at Sun Jul 19 2026 23:36:00 GMT+0700 (Indochina Time)! Possible blocking IO or high CPU user at the same process used by node-cron.
[2026-07-19T16:39:41.603Z] [PID: 27435] [32m[NODE-CRON][32m [33m[WARN][0m missed execution at Sun Jul 19 2026 23:37:00 GMT+0700 (Indochina Time)! Possible blocking IO or high CPU user at the same process used by node-cron.
[2026-07-19T16:39:41.603Z] [PID: 27435] [32m[NODE-CRON][32m [33m[WARN][0m missed execution at Sun Jul 19 2026 23:38:00 GMT+0700 (Indochina Time)! Possible blocking IO or high CPU user at the same process used by node-cron.
[2026-07-19T16:39:41.603Z] [PID: 27435] [32m[NODE-CRON][32m [33m[WARN][0m missed execution at Sun Jul 19 2026 23:39:00 GMT+0700 (Indochina Time)! Possible blocking IO or high CPU user at the same process used by node-cron.
[2026-07-19T16:56:06.387Z] [PID: 27435] [32m[NODE-CRON][32m [33m[WARN][0m missed execution at Sun Jul 19 2026 23:40:00 GMT+0700 (Indochina Time)! Possible blocking IO or high CPU user at the same process used by node-cron.
[2026-07-19T16:56:06.395Z] [PID: 27435] [32m[NODE-CRON][32m [33m[WARN][0m missed execution at Sun Jul 19 2026 23:41:00 GMT+0700 (Indochina Time)! Possible blocking IO or high CPU user at the same process used by node-cron.
[2026-07-19T16:56:06.396Z] [PID: 27435] [32m[NODE-CRON][32m [33m[WARN][0m missed execution at Sun Jul 19 2026 23:42:00 GMT+0700 (Indochina Time)! Possible blocking IO or high CPU user at the same process used by node-cron.
[2026-07-19T16:56:06.396Z] [PID: 27435] [32m[NODE-CRON][32m [33m[WARN][0m missed execution at Sun Jul 19 2026 23:43:00 GMT+0700 (Indochina Time)! Possible blocking IO or high CPU user at the same process used by node-cron.
[2026-07-19T16:56:06.396Z] [PID: 27435] [32m[NODE-CRON][32m [33m[WARN][0m missed execution at Sun Jul 19 2026 23:44:00 GMT+0700 (Indochina Time)! Possible blocking IO or high CPU user at the same process used by node-cron.
[2026-07-19T16:56:06.396Z] [PID: 27435] [32m[NODE-CRON][32m [33m[WARN][0m missed execution at Sun Jul 19 2026 23:45:00 GMT+0700 (Indochina Time)! Possible blocking IO or high CPU user at the same process used by node-cron.
[2026-07-19T16:56:06.396Z] [PID: 27435] [32m[NODE-CRON][32m [33m[WARN][0m missed execution at Sun Jul 19 2026 23:46:00 GMT+0700 (Indochina Time)! Possible blocking IO or high CPU user at the same process used by node-cron.
[2026-07-19T16:56:06.396Z] [PID: 27435] [32m[NODE-CRON][32m [33m[WARN][0m missed execution at Sun Jul 19 2026 23:47:00 GMT+0700 (Indochina Time)! Possible blocking IO or high CPU user at the same process used by node-cron.
[2026-07-19T16:56:06.396Z] [PID: 27435] [32m[NODE-CRON][32m [33m[WARN][0m missed execution at Sun Jul 19 2026 23:48:00 GMT+0700 (Indochina Time)! Possible blocking IO or high CPU user at the same process used by node-cron.
[2026-07-19T16:56:06.396Z] [PID: 27435] [32m[NODE-CRON][32m [33m[WARN][0m missed execution at Sun Jul 19 2026 23:49:00 GMT+0700 (Indochina Time)! Possible blocking IO or high CPU user at the same process used by node-cron.
[2026-07-19T16:56:06.396Z] [PID: 27435] [32m[NODE-CRON][32m [33m[WARN][0m missed execution at Sun Jul 19 2026 23:50:00 GMT+0700 (Indochina Time)! Possible blocking IO or high CPU user at the same process used by node-cron.
[2026-07-19T16:56:06.396Z] [PID: 27435] [32m[NODE-CRON][32m [33m[WARN][0m missed execution at Sun Jul 19 2026 23:51:00 GMT+0700 (Indochina Time)! Possible blocking IO or high CPU user at the same process used by node-cron.
[2026-07-19T16:56:06.396Z] [PID: 27435] [32m[NODE-CRON][32m [33m[WARN][0m missed execution at Sun Jul 19 2026 23:52:00 GMT+0700 (Indochina Time)! Possible blocking IO or high CPU user at the same process used by node-cron.
[2026-07-19T16:56:06.396Z] [PID: 27435] [32m[NODE-CRON][32m [33m[WARN][0m missed execution at Sun Jul 19 2026 23:53:00 GMT+0700 (Indochina Time)! Possible blocking IO or high CPU user at the same process used by node-cron.
[2026-07-19T16:56:06.396Z] [PID: 27435] [32m[NODE-CRON][32m [33m[WARN][0m missed execution at Sun Jul 19 2026 23:54:00 GMT+0700 (Indochina Time)! Possible blocking IO or high CPU user at the same process used by node-cron.
[2026-07-19T16:56:06.396Z] [PID: 27435] [32m[NODE-CRON][32m [33m[WARN][0m missed execution at Sun Jul 19 2026 23:55:00 GMT+0700 (Indochina Time)! Possible blocking IO or high CPU user at the same process used by node-cron.
[2026-07-19T16:56:06.396Z] [PID: 27435] [32m[NODE-CRON][32m [33m[WARN][0m missed execution at Sun Jul 19 2026 23:56:00 GMT+0700 (Indochina Time)! Possible blocking IO or high CPU user at the same process used by node-cron.
[2026-07-19T17:12:20.617Z] [PID: 27435] [32m[NODE-CRON][32m [33m[WARN][0m missed execution at Sun Jul 19 2026 23:57:00 GMT+0700 (Indochina Time)! Possible blocking IO or high CPU user at the same process used by node-cron.
[2026-07-19T17:12:20.619Z] [PID: 27435] [32m[NODE-CRON][32m [33m[WARN][0m missed execution at Sun Jul 19 2026 23:58:00 GMT+0700 (Indochina Time)! Possible blocking IO or high CPU user at the same process used by node-cron.
[2026-07-19T17:12:20.619Z] [PID: 27435] [32m[NODE-CRON][32m [33m[WARN][0m missed execution at Sun Jul 19 2026 23:59:00 GMT+0700 (Indochina Time)! Possible blocking IO or high CPU user at the same process used by node-cron.
[2026-07-19T17:12:20.619Z] [PID: 27435] [32m[NODE-CRON][32m [33m[WARN][0m missed execution at Mon Jul 20 2026 00:00:00 GMT+0700 (Indochina Time)! Possible blocking IO or high CPU user at the same process used by node-cron.
[2026-07-19T17:12:20.620Z] [PID: 27435] [32m[NODE-CRON][32m [33m[WARN][0m missed execution at Mon Jul 20 2026 00:01:00 GMT+0700 (Indochina Time)! Possible blocking IO or high CPU user at the same process used by node-cron.
[2026-07-19T17:12:20.620Z] [PID: 27435] [32m[NODE-CRON][32m [33m[WARN][0m missed execution at Mon Jul 20 2026 00:02:00 GMT+0700 (Indochina Time)! Possible blocking IO or high CPU user at the same process used by node-cron.
[2026-07-19T17:12:20.620Z] [PID: 27435] [32m[NODE-CRON][32m [33m[WARN][0m missed execution at Mon Jul 20 2026 00:03:00 GMT+0700 (Indochina Time)! Possible blocking IO or high CPU user at the same process used by node-cron.
[2026-07-19T17:12:20.620Z] [PID: 27435] [32m[NODE-CRON][32m [33m[WARN][0m missed execution at Mon Jul 20 2026 00:04:00 GMT+0700 (Indochina Time)! Possible blocking IO or high CPU user at the same process used by node-cron.
[2026-07-19T17:12:20.620Z] [PID: 27435] [32m[NODE-CRON][32m [33m[WARN][0m missed execution at Mon Jul 20 2026 00:05:00 GMT+0700 (Indochina Time)! Possible blocking IO or high CPU user at the same process used by node-cron.
[2026-07-19T17:12:20.620Z] [PID: 27435] [32m[NODE-CRON][32m [33m[WARN][0m missed execution at Mon Jul 20 2026 00:06:00 GMT+0700 (Indochina Time)! Possible blocking IO or high CPU user at the same process used by node-cron.
[2026-07-19T17:12:20.620Z] [PID: 27435] [32m[NODE-CRON][32m [33m[WARN][0m missed execution at Mon Jul 20 2026 00:07:00 GMT+0700 (Indochina Time)! Possible blocking IO or high CPU user at the same process used by node-cron.
[2026-07-19T17:12:20.620Z] [PID: 27435] [32m[NODE-CRON][32m [33m[WARN][0m missed execution at Mon Jul 20 2026 00:08:00 GMT+0700 (Indochina Time)! Possible blocking IO or high CPU user at the same process used by node-cron.
[2026-07-19T17:12:20.620Z] [PID: 27435] [32m[NODE-CRON][32m [33m[WARN][0m missed execution at Mon Jul 20 2026 00:09:00 GMT+0700 (Indochina Time)! Possible blocking IO or high CPU user at the same process used by node-cron.
[2026-07-19T17:12:20.620Z] [PID: 27435] [32m[NODE-CRON][32m [33m[WARN][0m missed execution at Mon Jul 20 2026 00:10:00 GMT+0700 (Indochina Time)! Possible blocking IO or high CPU user at the same process used by node-cron.
[2026-07-19T17:12:20.620Z] [PID: 27435] [32m[NODE-CRON][32m [33m[WARN][0m missed execution at Mon Jul 20 2026 00:11:00 GMT+0700 (Indochina Time)! Possible blocking IO or high CPU user at the same process used by node-cron.
[2026-07-19T17:12:20.620Z] [PID: 27435] [32m[NODE-CRON][32m [33m[WARN][0m missed execution at Mon Jul 20 2026 00:12:00 GMT+0700 (Indochina Time)! Possible blocking IO or high CPU user at the same process used by node-cron.
[2026-07-19T17:29:59.731Z] [PID: 27435] [32m[NODE-CRON][32m [33m[WARN][0m missed execution at Mon Jul 20 2026 00:13:00 GMT+0700 (Indochina Time)! Possible blocking IO or high CPU user at the same process used by node-cron.
[2026-07-19T17:29:59.732Z] [PID: 27435] [32m[NODE-CRON][32m [33m[WARN][0m missed execution at Mon Jul 20 2026 00:14:00 GMT+0700 (Indochina Time)! Possible blocking IO or high CPU user at the same process used by node-cron.
[2026-07-19T17:29:59.732Z] [PID: 27435] [32m[NODE-CRON][32m [33m[WARN][0m missed execution at Mon Jul 20 2026 00:15:00 GMT+0700 (Indochina Time)! Possible blocking IO or high CPU user at the same process used by node-cron.
[2026-07-19T17:29:59.732Z] [PID: 27435] [32m[NODE-CRON][32m [33m[WARN][0m missed execution at Mon Jul 20 2026 00:16:00 GMT+0700 (Indochina Time)! Possible blocking IO or high CPU user at the same process used by node-cron.
[2026-07-19T17:29:59.732Z] [PID: 27435] [32m[NODE-CRON][32m [33m[WARN][0m missed execution at Mon Jul 20 2026 00:17:00 GMT+0700 (Indochina Time)! Possible blocking IO or high CPU user at the same process used by node-cron.
[2026-07-19T17:29:59.732Z] [PID: 27435] [32m[NODE-CRON][32m [33m[WARN][0m missed execution at Mon Jul 20 2026 00:18:00 GMT+0700 (Indochina Time)! Possible blocking IO or high CPU user at the same process used by node-cron.
[2026-07-19T17:29:59.732Z] [PID: 27435] [32m[NODE-CRON][32m [33m[WARN][0m missed execution at Mon Jul 20 2026 00:19:00 GMT+0700 (Indochina Time)! Possible blocking IO or high CPU user at the same process used by node-cron.
[2026-07-19T17:29:59.732Z] [PID: 27435] [32m[NODE-CRON][32m [33m[WARN][0m missed execution at Mon Jul 20 2026 00:20:00 GMT+0700 (Indochina Time)! Possible blocking IO or high CPU user at the same process used by node-cron.
[2026-07-19T17:29:59.732Z] [PID: 27435] [32m[NODE-CRON][32m [33m[WARN][0m missed execution at Mon Jul 20 2026 00:21:00 GMT+0700 (Indochina Time)! Possible blocking IO or high CPU user at the same process used by node-cron.
[2026-07-19T17:29:59.732Z] [PID: 27435] [32m[NODE-CRON][32m [33m[WARN][0m missed execution at Mon Jul 20 2026 00:22:00 GMT+0700 (Indochina Time)! Possible blocking IO or high CPU user at the same process used by node-cron.
[2026-07-19T17:29:59.732Z] [PID: 27435] [32m[NODE-CRON][32m [33m[WARN][0m missed execution at Mon Jul 20 2026 00:23:00 GMT+0700 (Indochina Time)! Possible blocking IO or high CPU user at the same process used by node-cron.
[2026-07-19T17:29:59.732Z] [PID: 27435] [32m[NODE-CRON][32m [33m[WARN][0m missed execution at Mon Jul 20 2026 00:24:00 GMT+0700 (Indochina Time)! Possible blocking IO or high CPU user at the same process used by node-cron.
[2026-07-19T17:29:59.732Z] [PID: 27435] [32m[NODE-CRON][32m [33m[WARN][0m missed execution at Mon Jul 20 2026 00:25:00 GMT+0700 (Indochina Time)! Possible blocking IO or high CPU user at the same process used by node-cron.
[2026-07-19T17:29:59.732Z] [PID: 27435] [32m[NODE-CRON][32m [33m[WARN][0m missed execution at Mon Jul 20 2026 00:26:00 GMT+0700 (Indochina Time)! Possible blocking IO or high CPU user at the same process used by node-cron.
[2026-07-19T17:29:59.732Z] [PID: 27435] [32m[NODE-CRON][32m [33m[WARN][0m missed execution at Mon Jul 20 2026 00:27:00 GMT+0700 (Indochina Time)! Possible blocking IO or high CPU user at the same process used by node-cron.
[2026-07-19T17:29:59.732Z] [PID: 27435] [32m[NODE-CRON][32m [33m[WARN][0m missed execution at Mon Jul 20 2026 00:28:00 GMT+0700 (Indochina Time)! Possible blocking IO or high CPU user at the same process used by node-cron.
[2026-07-19T17:29:59.732Z] [PID: 27435] [32m[NODE-CRON][32m [33m[WARN][0m missed execution at Mon Jul 20 2026 00:29:00 GMT+0700 (Indochina Time)! Possible blocking IO or high CPU user at the same process used by node-cron.
CronService: Đã tự động sinh kết quả ngẫu nhiên cho kỳ quay #2322
CronService: Lỗi xử lý cron VersionError: No matching document found for id "6a5cf9a8c053f79020144753" version 0 modifiedPaths "winningNumbers, status"
    at generateVersionError (/Users/luannguyen/Documents/git/vuaxoso/backend/node_modules/mongoose/lib/model.js:596:10)
    at model.save (/Users/luannguyen/Documents/git/vuaxoso/backend/node_modules/mongoose/lib/model.js:658:30)
    at /Users/luannguyen/Documents/git/vuaxoso/backend/src/services/cronService.ts:60:20
    at processTicksAndRejections (node:internal/process/task_queues:95:5)
    at async execute (/Users/luannguyen/Documents/git/vuaxoso/backend/node_modules/node-cron/src/scheduler/runner.ts:194:26)
    at async runTask (/Users/luannguyen/Documents/git/vuaxoso/backend/node_modules/node-cron/src/scheduler/runner.ts:237:9)
    at async Runner.runCoordinated (/Users/luannguyen/Documents/git/vuaxoso/backend/node_modules/node-cron/src/scheduler/runner.ts:125:7)
    at async /Users/luannguyen/Documents/git/vuaxoso/backend/node_modules/node-cron/src/scheduler/runner.ts:275:13 {
  version: 0,
  modifiedPaths: [ 'winningNumbers', 'status' ]
}
[2026-07-19T17:47:42.641Z] [PID: 27435] [32m[NODE-CRON][32m [33m[WARN][0m missed execution at Mon Jul 20 2026 00:31:00 GMT+0700 (Indochina Time)! Possible blocking IO or high CPU user at the same process used by node-cron.
[2026-07-19T17:47:42.710Z] [PID: 27435] [32m[NODE-CRON][32m [33m[WARN][0m missed execution at Mon Jul 20 2026 00:32:00 GMT+0700 (Indochina Time)! Possible blocking IO or high CPU user at the same process used by node-cron.
[2026-07-19T17:47:42.710Z] [PID: 27435] [32m[NODE-CRON][32m [33m[WARN][0m missed execution at Mon Jul 20 2026 00:33:00 GMT+0700 (Indochina Time)! Possible blocking IO or high CPU user at the same process used by node-cron.
[2026-07-19T17:47:42.710Z] [PID: 27435] [32m[NODE-CRON][32m [33m[WARN][0m missed execution at Mon Jul 20 2026 00:34:00 GMT+0700 (Indochina Time)! Possible blocking IO or high CPU user at the same process used by node-cron.
[2026-07-19T17:47:42.710Z] [PID: 27435] [32m[NODE-CRON][32m [33m[WARN][0m missed execution at Mon Jul 20 2026 00:35:00 GMT+0700 (Indochina Time)! Possible blocking IO or high CPU user at the same process used by node-cron.
[2026-07-19T17:47:42.710Z] [PID: 27435] [32m[NODE-CRON][32m [33m[WARN][0m missed execution at Mon Jul 20 2026 00:36:00 GMT+0700 (Indochina Time)! Possible blocking IO or high CPU user at the same process used by node-cron.
[2026-07-19T17:47:42.710Z] [PID: 27435] [32m[NODE-CRON][32m [33m[WARN][0m missed execution at Mon Jul 20 2026 00:37:00 GMT+0700 (Indochina Time)! Possible blocking IO or high CPU user at the same process used by node-cron.
[2026-07-19T17:47:42.710Z] [PID: 27435] [32m[NODE-CRON][32m [33m[WARN][0m missed execution at Mon Jul 20 2026 00:38:00 GMT+0700 (Indochina Time)! Possible blocking IO or high CPU user at the same process used by node-cron.
[2026-07-19T17:47:42.712Z] [PID: 27435] [32m[NODE-CRON][32m [33m[WARN][0m missed execution at Mon Jul 20 2026 00:39:00 GMT+0700 (Indochina Time)! Possible blocking IO or high CPU user at the same process used by node-cron.
[2026-07-19T17:47:42.712Z] [PID: 27435] [32m[NODE-CRON][32m [33m[WARN][0m missed execution at Mon Jul 20 2026 00:40:00 GMT+0700 (Indochina Time)! Possible blocking IO or high CPU user at the same process used by node-cron.
[2026-07-19T17:47:42.712Z] [PID: 27435] [32m[NODE-CRON][32m [33m[WARN][0m missed execution at Mon Jul 20 2026 00:41:00 GMT+0700 (Indochina Time)! Possible blocking IO or high CPU user at the same process used by node-cron.
[2026-07-19T17:47:42.712Z] [PID: 27435] [32m[NODE-CRON][32m [33m[WARN][0m missed execution at Mon Jul 20 2026 00:42:00 GMT+0700 (Indochina Time)! Possible blocking IO or high CPU user at the same process used by node-cron.
[2026-07-19T17:47:42.712Z] [PID: 27435] [32m[NODE-CRON][32m [33m[WARN][0m missed execution at Mon Jul 20 2026 00:43:00 GMT+0700 (Indochina Time)! Possible blocking IO or high CPU user at the same process used by node-cron.
[2026-07-19T17:47:42.712Z] [PID: 27435] [32m[NODE-CRON][32m [33m[WARN][0m missed execution at Mon Jul 20 2026 00:44:00 GMT+0700 (Indochina Time)! Possible blocking IO or high CPU user at the same process used by node-cron.
[2026-07-19T17:47:42.712Z] [PID: 27435] [32m[NODE-CRON][32m [33m[WARN][0m missed execution at Mon Jul 20 2026 00:45:00 GMT+0700 (Indochina Time)! Possible blocking IO or high CPU user at the same process used by node-cron.
[2026-07-19T17:47:42.712Z] [PID: 27435] [32m[NODE-CRON][32m [33m[WARN][0m missed execution at Mon Jul 20 2026 00:46:00 GMT+0700 (Indochina Time)! Possible blocking IO or high CPU user at the same process used by node-cron.
[2026-07-19T17:47:42.712Z] [PID: 27435] [32m[NODE-CRON][32m [33m[WARN][0m missed execution at Mon Jul 20 2026 00:47:00 GMT+0700 (Indochina Time)! Possible blocking IO or high CPU user at the same process used by node-cron.
[2026-07-19T18:03:05.409Z] [PID: 27435] [32m[NODE-CRON][32m [33m[WARN][0m missed execution at Mon Jul 20 2026 00:48:00 GMT+0700 (Indochina Time)! Possible blocking IO or high CPU user at the same process used by node-cron.
[2026-07-19T18:03:05.409Z] [PID: 27435] [32m[NODE-CRON][32m [33m[WARN][0m missed execution at Mon Jul 20 2026 00:49:00 GMT+0700 (Indochina Time)! Possible blocking IO or high CPU user at the same process used by node-cron.
[2026-07-19T18:03:05.409Z] [PID: 27435] [32m[NODE-CRON][32m [33m[WARN][0m missed execution at Mon Jul 20 2026 00:50:00 GMT+0700 (Indochina Time)! Possible blocking IO or high CPU user at the same process used by node-cron.
[2026-07-19T18:03:05.410Z] [PID: 27435] [32m[NODE-CRON][32m [33m[WARN][0m missed execution at Mon Jul 20 2026 00:51:00 GMT+0700 (Indochina Time)! Possible blocking IO or high CPU user at the same process used by node-cron.
[2026-07-19T18:03:05.410Z] [PID: 27435] [32m[NODE-CRON][32m [33m[WARN][0m missed execution at Mon Jul 20 2026 00:52:00 GMT+0700 (Indochina Time)! Possible blocking IO or high CPU user at the same process used by node-cron.
[2026-07-19T18:03:05.410Z] [PID: 27435] [32m[NODE-CRON][32m [33m[WARN][0m missed execution at Mon Jul 20 2026 00:53:00 GMT+0700 (Indochina Time)! Possible blocking IO or high CPU user at the same process used by node-cron.
[2026-07-19T18:03:05.410Z] [PID: 27435] [32m[NODE-CRON][32m [33m[WARN][0m missed execution at Mon Jul 20 2026 00:54:00 GMT+0700 (Indochina Time)! Possible blocking IO or high CPU user at the same process used by node-cron.
[2026-07-19T18:03:05.410Z] [PID: 27435] [32m[NODE-CRON][32m [33m[WARN][0m missed execution at Mon Jul 20 2026 00:55:00 GMT+0700 (Indochina Time)! Possible blocking IO or high CPU user at the same process used by node-cron.
[2026-07-19T18:03:05.410Z] [PID: 27435] [32m[NODE-CRON][32m [33m[WARN][0m missed execution at Mon Jul 20 2026 00:56:00 GMT+0700 (Indochina Time)! Possible blocking IO or high CPU user at the same process used by node-cron.
[2026-07-19T18:03:05.410Z] [PID: 27435] [32m[NODE-CRON][32m [33m[WARN][0m missed execution at Mon Jul 20 2026 00:57:00 GMT+0700 (Indochina Time)! Possible blocking IO or high CPU user at the same process used by node-cron.
[2026-07-19T18:03:05.410Z] [PID: 27435] [32m[NODE-CRON][32m [33m[WARN][0m missed execution at Mon Jul 20 2026 00:58:00 GMT+0700 (Indochina Time)! Possible blocking IO or high CPU user at the same process used by node-cron.
[2026-07-19T18:03:05.410Z] [PID: 27435] [32m[NODE-CRON][32m [33m[WARN][0m missed execution at Mon Jul 20 2026 00:59:00 GMT+0700 (Indochina Time)! Possible blocking IO or high CPU user at the same process used by node-cron.
[2026-07-19T18:03:05.410Z] [PID: 27435] [32m[NODE-CRON][32m [33m[WARN][0m missed execution at Mon Jul 20 2026 01:00:00 GMT+0700 (Indochina Time)! Possible blocking IO or high CPU user at the same process used by node-cron.
[2026-07-19T18:03:05.410Z] [PID: 27435] [32m[NODE-CRON][32m [33m[WARN][0m missed execution at Mon Jul 20 2026 01:01:00 GMT+0700 (Indochina Time)! Possible blocking IO or high CPU user at the same process used by node-cron.
[2026-07-19T18:03:05.410Z] [PID: 27435] [32m[NODE-CRON][32m [33m[WARN][0m missed execution at Mon Jul 20 2026 01:02:00 GMT+0700 (Indochina Time)! Possible blocking IO or high CPU user at the same process used by node-cron.
[2026-07-19T18:03:05.410Z] [PID: 27435] [32m[NODE-CRON][32m [33m[WARN][0m missed execution at Mon Jul 20 2026 01:03:00 GMT+0700 (Indochina Time)! Possible blocking IO or high CPU user at the same process used by node-cron.
[2026-07-19T18:19:09.648Z] [PID: 27435] [32m[NODE-CRON][32m [33m[WARN][0m missed execution at Mon Jul 20 2026 01:04:00 GMT+0700 (Indochina Time)! Possible blocking IO or high CPU user at the same process used by node-cron.
[2026-07-19T18:19:09.648Z] [PID: 27435] [32m[NODE-CRON][32m [33m[WARN][0m missed execution at Mon Jul 20 2026 01:05:00 GMT+0700 (Indochina Time)! Possible blocking IO or high CPU user at the same process used by node-cron.
[2026-07-19T18:19:09.648Z] [PID: 27435] [32m[NODE-CRON][32m [33m[WARN][0m missed execution at Mon Jul 20 2026 01:06:00 GMT+0700 (Indochina Time)! Possible blocking IO or high CPU user at the same process used by node-cron.
[2026-07-19T18:19:09.649Z] [PID: 27435] [32m[NODE-CRON][32m [33m[WARN][0m missed execution at Mon Jul 20 2026 01:07:00 GMT+0700 (Indochina Time)! Possible blocking IO or high CPU user at the same process used by node-cron.
[2026-07-19T18:19:09.649Z] [PID: 27435] [32m[NODE-CRON][32m [33m[WARN][0m missed execution at Mon Jul 20 2026 01:08:00 GMT+0700 (Indochina Time)! Possible blocking IO or high CPU user at the same process used by node-cron.
[2026-07-19T18:19:09.649Z] [PID: 27435] [32m[NODE-CRON][32m [33m[WARN][0m missed execution at Mon Jul 20 2026 01:09:00 GMT+0700 (Indochina Time)! Possible blocking IO or high CPU user at the same process used by node-cron.
[2026-07-19T18:19:09.649Z] [PID: 27435] [32m[NODE-CRON][32m [33m[WARN][0m missed execution at Mon Jul 20 2026 01:10:00 GMT+0700 (Indochina Time)! Possible blocking IO or high CPU user at the same process used by node-cron.
[2026-07-19T18:19:09.649Z] [PID: 27435] [32m[NODE-CRON][32m [33m[WARN][0m missed execution at Mon Jul 20 2026 01:11:00 GMT+0700 (Indochina Time)! Possible blocking IO or high CPU user at the same process used by node-cron.
[2026-07-19T18:19:09.649Z] [PID: 27435] [32m[NODE-CRON][32m [33m[WARN][0m missed execution at Mon Jul 20 2026 01:12:00 GMT+0700 (Indochina Time)! Possible blocking IO or high CPU user at the same process used by node-cron.
[2026-07-19T18:19:09.649Z] [PID: 27435] [32m[NODE-CRON][32m [33m[WARN][0m missed execution at Mon Jul 20 2026 01:13:00 GMT+0700 (Indochina Time)! Possible blocking IO or high CPU user at the same process used by node-cron.
[2026-07-19T18:19:09.649Z] [PID: 27435] [32m[NODE-CRON][32m [33m[WARN][0m missed execution at Mon Jul 20 2026 01:14:00 GMT+0700 (Indochina Time)! Possible blocking IO or high CPU user at the same process used by node-cron.
[2026-07-19T18:19:09.649Z] [PID: 27435] [32m[NODE-CRON][32m [33m[WARN][0m missed execution at Mon Jul 20 2026 01:15:00 GMT+0700 (Indochina Time)! Possible blocking IO or high CPU user at the same process used by node-cron.
[2026-07-19T18:19:09.649Z] [PID: 27435] [32m[NODE-CRON][32m [33m[WARN][0m missed execution at Mon Jul 20 2026 01:16:00 GMT+0700 (Indochina Time)! Possible blocking IO or high CPU user at the same process used by node-cron.
[2026-07-19T18:19:09.649Z] [PID: 27435] [32m[NODE-CRON][32m [33m[WARN][0m missed execution at Mon Jul 20 2026 01:17:00 GMT+0700 (Indochina Time)! Possible blocking IO or high CPU user at the same process used by node-cron.
[2026-07-19T18:19:09.649Z] [PID: 27435] [32m[NODE-CRON][32m [33m[WARN][0m missed execution at Mon Jul 20 2026 01:18:00 GMT+0700 (Indochina Time)! Possible blocking IO or high CPU user at the same process used by node-cron.
[2026-07-19T18:19:09.649Z] [PID: 27435] [32m[NODE-CRON][32m [33m[WARN][0m missed execution at Mon Jul 20 2026 01:19:00 GMT+0700 (Indochina Time)! Possible blocking IO or high CPU user at the same process used by node-cron.
[2026-07-19T18:23:30.638Z] [PID: 27435] [32m[NODE-CRON][32m [33m[WARN][0m missed execution at Mon Jul 20 2026 01:20:00 GMT+0700 (Indochina Time)! Possible blocking IO or high CPU user at the same process used by node-cron.
[2026-07-19T18:23:30.638Z] [PID: 27435] [32m[NODE-CRON][32m [33m[WARN][0m missed execution at Mon Jul 20 2026 01:21:00 GMT+0700 (Indochina Time)! Possible blocking IO or high CPU user at the same process used by node-cron.
[2026-07-19T18:23:30.638Z] [PID: 27435] [32m[NODE-CRON][32m [33m[WARN][0m missed execution at Mon Jul 20 2026 01:22:00 GMT+0700 (Indochina Time)! Possible blocking IO or high CPU user at the same process used by node-cron.
[2026-07-19T18:23:30.638Z] [PID: 27435] [32m[NODE-CRON][32m [33m[WARN][0m missed execution at Mon Jul 20 2026 01:23:00 GMT+0700 (Indochina Time)! Possible blocking IO or high CPU user at the same process used by node-cron.
[2026-07-19T18:39:13.157Z] [PID: 27435] [32m[NODE-CRON][32m [33m[WARN][0m missed execution at Mon Jul 20 2026 01:24:00 GMT+0700 (Indochina Time)! Possible blocking IO or high CPU user at the same process used by node-cron.
[2026-07-19T18:39:13.158Z] [PID: 27435] [32m[NODE-CRON][32m [33m[WARN][0m missed execution at Mon Jul 20 2026 01:25:00 GMT+0700 (Indochina Time)! Possible blocking IO or high CPU user at the same process used by node-cron.
[2026-07-19T18:39:13.158Z] [PID: 27435] [32m[NODE-CRON][32m [33m[WARN][0m missed execution at Mon Jul 20 2026 01:26:00 GMT+0700 (Indochina Time)! Possible blocking IO or high CPU user at the same process used by node-cron.
[2026-07-19T18:39:13.158Z] [PID: 27435] [32m[NODE-CRON][32m [33m[WARN][0m missed execution at Mon Jul 20 2026 01:27:00 GMT+0700 (Indochina Time)! Possible blocking IO or high CPU user at the same process used by node-cron.
[2026-07-19T18:39:13.158Z] [PID: 27435] [32m[NODE-CRON][32m [33m[WARN][0m missed execution at Mon Jul 20 2026 01:28:00 GMT+0700 (Indochina Time)! Possible blocking IO or high CPU user at the same process used by node-cron.
[2026-07-19T18:39:13.159Z] [PID: 27435] [32m[NODE-CRON][32m [33m[WARN][0m missed execution at Mon Jul 20 2026 01:29:00 GMT+0700 (Indochina Time)! Possible blocking IO or high CPU user at the same process used by node-cron.
[2026-07-19T18:39:13.159Z] [PID: 27435] [32m[NODE-CRON][32m [33m[WARN][0m missed execution at Mon Jul 20 2026 01:30:00 GMT+0700 (Indochina Time)! Possible blocking IO or high CPU user at the same process used by node-cron.
[2026-07-19T18:39:13.159Z] [PID: 27435] [32m[NODE-CRON][32m [33m[WARN][0m missed execution at Mon Jul 20 2026 01:31:00 GMT+0700 (Indochina Time)! Possible blocking IO or high CPU user at the same process used by node-cron.
[2026-07-19T18:39:13.159Z] [PID: 27435] [32m[NODE-CRON][32m [33m[WARN][0m missed execution at Mon Jul 20 2026 01:32:00 GMT+0700 (Indochina Time)! Possible blocking IO or high CPU user at the same process used by node-cron.
[2026-07-19T18:39:13.159Z] [PID: 27435] [32m[NODE-CRON][32m [33m[WARN][0m missed execution at Mon Jul 20 2026 01:33:00 GMT+0700 (Indochina Time)! Possible blocking IO or high CPU user at the same process used by node-cron.
[2026-07-19T18:39:13.159Z] [PID: 27435] [32m[NODE-CRON][32m [33m[WARN][0m missed execution at Mon Jul 20 2026 01:34:00 GMT+0700 (Indochina Time)! Possible blocking IO or high CPU user at the same process used by node-cron.
[2026-07-19T18:39:13.159Z] [PID: 27435] [32m[NODE-CRON][32m [33m[WARN][0m missed execution at Mon Jul 20 2026 01:35:00 GMT+0700 (Indochina Time)! Possible blocking IO or high CPU user at the same process used by node-cron.
[2026-07-19T18:39:13.159Z] [PID: 27435] [32m[NODE-CRON][32m [33m[WARN][0m missed execution at Mon Jul 20 2026 01:36:00 GMT+0700 (Indochina Time)! Possible blocking IO or high CPU user at the same process used by node-cron.
[2026-07-19T18:39:13.159Z] [PID: 27435] [32m[NODE-CRON][32m [33m[WARN][0m missed execution at Mon Jul 20 2026 01:37:00 GMT+0700 (Indochina Time)! Possible blocking IO or high CPU user at the same process used by node-cron.
[2026-07-19T18:39:13.159Z] [PID: 27435] [32m[NODE-CRON][32m [33m[WARN][0m missed execution at Mon Jul 20 2026 01:38:00 GMT+0700 (Indochina Time)! Possible blocking IO or high CPU user at the same process used by node-cron.
[2026-07-19T18:39:13.160Z] [PID: 27435] [32m[NODE-CRON][32m [33m[WARN][0m missed execution at Mon Jul 20 2026 01:39:00 GMT+0700 (Indochina Time)! Possible blocking IO or high CPU user at the same process used by node-cron.
[2026-07-19T18:56:09.662Z] [PID: 27435] [32m[NODE-CRON][32m [33m[WARN][0m missed execution at Mon Jul 20 2026 01:40:00 GMT+0700 (Indochina Time)! Possible blocking IO or high CPU user at the same process used by node-cron.
[2026-07-19T18:56:09.662Z] [PID: 27435] [32m[NODE-CRON][32m [33m[WARN][0m missed execution at Mon Jul 20 2026 01:41:00 GMT+0700 (Indochina Time)! Possible blocking IO or high CPU user at the same process used by node-cron.
[2026-07-19T18:56:09.662Z] [PID: 27435] [32m[NODE-CRON][32m [33m[WARN][0m missed execution at Mon Jul 20 2026 01:42:00 GMT+0700 (Indochina Time)! Possible blocking IO or high CPU user at the same process used by node-cron.
[2026-07-19T18:56:09.662Z] [PID: 27435] [32m[NODE-CRON][32m [33m[WARN][0m missed execution at Mon Jul 20 2026 01:43:00 GMT+0700 (Indochina Time)! Possible blocking IO or high CPU user at the same process used by node-cron.
[2026-07-19T18:56:09.662Z] [PID: 27435] [32m[NODE-CRON][32m [33m[WARN][0m missed execution at Mon Jul 20 2026 01:44:00 GMT+0700 (Indochina Time)! Possible blocking IO or high CPU user at the same process used by node-cron.
[2026-07-19T18:56:09.662Z] [PID: 27435] [32m[NODE-CRON][32m [33m[WARN][0m missed execution at Mon Jul 20 2026 01:45:00 GMT+0700 (Indochina Time)! Possible blocking IO or high CPU user at the same process used by node-cron.
[2026-07-19T18:56:09.662Z] [PID: 27435] [32m[NODE-CRON][32m [33m[WARN][0m missed execution at Mon Jul 20 2026 01:46:00 GMT+0700 (Indochina Time)! Possible blocking IO or high CPU user at the same process used by node-cron.
[2026-07-19T18:56:09.662Z] [PID: 27435] [32m[NODE-CRON][32m [33m[WARN][0m missed execution at Mon Jul 20 2026 01:47:00 GMT+0700 (Indochina Time)! Possible blocking IO or high CPU user at the same process used by node-cron.
[2026-07-19T18:56:09.662Z] [PID: 27435] [32m[NODE-CRON][32m [33m[WARN][0m missed execution at Mon Jul 20 2026 01:48:00 GMT+0700 (Indochina Time)! Possible blocking IO or high CPU user at the same process used by node-cron.
[2026-07-19T18:56:09.662Z] [PID: 27435] [32m[NODE-CRON][32m [33m[WARN][0m missed execution at Mon Jul 20 2026 01:49:00 GMT+0700 (Indochina Time)! Possible blocking IO or high CPU user at the same process used by node-cron.
[2026-07-19T18:56:09.662Z] [PID: 27435] [32m[NODE-CRON][32m [33m[WARN][0m missed execution at Mon Jul 20 2026 01:50:00 GMT+0700 (Indochina Time)! Possible blocking IO or high CPU user at the same process used by node-cron.
[2026-07-19T18:56:09.662Z] [PID: 27435] [32m[NODE-CRON][32m [33m[WARN][0m missed execution at Mon Jul 20 2026 01:51:00 GMT+0700 (Indochina Time)! Possible blocking IO or high CPU user at the same process used by node-cron.
[2026-07-19T18:56:09.662Z] [PID: 27435] [32m[NODE-CRON][32m [33m[WARN][0m missed execution at Mon Jul 20 2026 01:52:00 GMT+0700 (Indochina Time)! Possible blocking IO or high CPU user at the same process used by node-cron.
[2026-07-19T18:56:09.662Z] [PID: 27435] [32m[NODE-CRON][32m [33m[WARN][0m missed execution at Mon Jul 20 2026 01:53:00 GMT+0700 (Indochina Time)! Possible blocking IO or high CPU user at the same process used by node-cron.
[2026-07-19T18:56:09.662Z] [PID: 27435] [32m[NODE-CRON][32m [33m[WARN][0m missed execution at Mon Jul 20 2026 01:54:00 GMT+0700 (Indochina Time)! Possible blocking IO or high CPU user at the same process used by node-cron.
[2026-07-19T18:56:09.662Z] [PID: 27435] [32m[NODE-CRON][32m [33m[WARN][0m missed execution at Mon Jul 20 2026 01:55:00 GMT+0700 (Indochina Time)! Possible blocking IO or high CPU user at the same process used by node-cron.
[2026-07-19T18:56:09.662Z] [PID: 27435] [32m[NODE-CRON][32m [33m[WARN][0m missed execution at Mon Jul 20 2026 01:56:00 GMT+0700 (Indochina Time)! Possible blocking IO or high CPU user at the same process used by node-cron.
[2026-07-19T19:12:51.351Z] [PID: 27435] [32m[NODE-CRON][32m [33m[WARN][0m missed execution at Mon Jul 20 2026 01:57:00 GMT+0700 (Indochina Time)! Possible blocking IO or high CPU user at the same process used by node-cron.
[2026-07-19T19:12:51.352Z] [PID: 27435] [32m[NODE-CRON][32m [33m[WARN][0m missed execution at Mon Jul 20 2026 01:58:00 GMT+0700 (Indochina Time)! Possible blocking IO or high CPU user at the same process used by node-cron.
[2026-07-19T19:12:51.352Z] [PID: 27435] [32m[NODE-CRON][32m [33m[WARN][0m missed execution at Mon Jul 20 2026 01:59:00 GMT+0700 (Indochina Time)! Possible blocking IO or high CPU user at the same process used by node-cron.
[2026-07-19T19:12:51.353Z] [PID: 27435] [32m[NODE-CRON][32m [33m[WARN][0m missed execution at Mon Jul 20 2026 02:00:00 GMT+0700 (Indochina Time)! Possible blocking IO or high CPU user at the same process used by node-cron.
[2026-07-19T19:12:51.353Z] [PID: 27435] [32m[NODE-CRON][32m [33m[WARN][0m missed execution at Mon Jul 20 2026 02:01:00 GMT+0700 (Indochina Time)! Possible blocking IO or high CPU user at the same process used by node-cron.
[2026-07-19T19:12:51.353Z] [PID: 27435] [32m[NODE-CRON][32m [33m[WARN][0m missed execution at Mon Jul 20 2026 02:02:00 GMT+0700 (Indochina Time)! Possible blocking IO or high CPU user at the same process used by node-cron.
[2026-07-19T19:12:51.353Z] [PID: 27435] [32m[NODE-CRON][32m [33m[WARN][0m missed execution at Mon Jul 20 2026 02:03:00 GMT+0700 (Indochina Time)! Possible blocking IO or high CPU user at the same process used by node-cron.
[2026-07-19T19:12:51.353Z] [PID: 27435] [32m[NODE-CRON][32m [33m[WARN][0m missed execution at Mon Jul 20 2026 02:04:00 GMT+0700 (Indochina Time)! Possible blocking IO or high CPU user at the same process used by node-cron.
[2026-07-19T19:12:51.353Z] [PID: 27435] [32m[NODE-CRON][32m [33m[WARN][0m missed execution at Mon Jul 20 2026 02:05:00 GMT+0700 (Indochina Time)! Possible blocking IO or high CPU user at the same process used by node-cron.
[2026-07-19T19:12:51.353Z] [PID: 27435] [32m[NODE-CRON][32m [33m[WARN][0m missed execution at Mon Jul 20 2026 02:06:00 GMT+0700 (Indochina Time)! Possible blocking IO or high CPU user at the same process used by node-cron.
[2026-07-19T19:12:51.353Z] [PID: 27435] [32m[NODE-CRON][32m [33m[WARN][0m missed execution at Mon Jul 20 2026 02:07:00 GMT+0700 (Indochina Time)! Possible blocking IO or high CPU user at the same process used by node-cron.
[2026-07-19T19:12:51.354Z] [PID: 27435] [32m[NODE-CRON][32m [33m[WARN][0m missed execution at Mon Jul 20 2026 02:08:00 GMT+0700 (Indochina Time)! Possible blocking IO or high CPU user at the same process used by node-cron.
[2026-07-19T19:12:51.354Z] [PID: 27435] [32m[NODE-CRON][32m [33m[WARN][0m missed execution at Mon Jul 20 2026 02:09:00 GMT+0700 (Indochina Time)! Possible blocking IO or high CPU user at the same process used by node-cron.
[2026-07-19T19:12:51.354Z] [PID: 27435] [32m[NODE-CRON][32m [33m[WARN][0m missed execution at Mon Jul 20 2026 02:10:00 GMT+0700 (Indochina Time)! Possible blocking IO or high CPU user at the same process used by node-cron.
[2026-07-19T19:12:51.354Z] [PID: 27435] [32m[NODE-CRON][32m [33m[WARN][0m missed execution at Mon Jul 20 2026 02:11:00 GMT+0700 (Indochina Time)! Possible blocking IO or high CPU user at the same process used by node-cron.
[2026-07-19T19:12:51.354Z] [PID: 27435] [32m[NODE-CRON][32m [33m[WARN][0m missed execution at Mon Jul 20 2026 02:12:00 GMT+0700 (Indochina Time)! Possible blocking IO or high CPU user at the same process used by node-cron.
[2026-07-19T19:28:35.654Z] [PID: 27435] [32m[NODE-CRON][32m [33m[WARN][0m missed execution at Mon Jul 20 2026 02:13:00 GMT+0700 (Indochina Time)! Possible blocking IO or high CPU user at the same process used by node-cron.
[2026-07-19T19:28:35.654Z] [PID: 27435] [32m[NODE-CRON][32m [33m[WARN][0m missed execution at Mon Jul 20 2026 02:14:00 GMT+0700 (Indochina Time)! Possible blocking IO or high CPU user at the same process used by node-cron.
[2026-07-19T19:28:35.654Z] [PID: 27435] [32m[NODE-CRON][32m [33m[WARN][0m missed execution at Mon Jul 20 2026 02:15:00 GMT+0700 (Indochina Time)! Possible blocking IO or high CPU user at the same process used by node-cron.
[2026-07-19T19:28:35.654Z] [PID: 27435] [32m[NODE-CRON][32m [33m[WARN][0m missed execution at Mon Jul 20 2026 02:16:00 GMT+0700 (Indochina Time)! Possible blocking IO or high CPU user at the same process used by node-cron.
[2026-07-19T19:28:35.654Z] [PID: 27435] [32m[NODE-CRON][32m [33m[WARN][0m missed execution at Mon Jul 20 2026 02:17:00 GMT+0700 (Indochina Time)! Possible blocking IO or high CPU user at the same process used by node-cron.
[2026-07-19T19:28:35.654Z] [PID: 27435] [32m[NODE-CRON][32m [33m[WARN][0m missed execution at Mon Jul 20 2026 02:18:00 GMT+0700 (Indochina Time)! Possible blocking IO or high CPU user at the same process used by node-cron.
[2026-07-19T19:28:35.654Z] [PID: 27435] [32m[NODE-CRON][32m [33m[WARN][0m missed execution at Mon Jul 20 2026 02:19:00 GMT+0700 (Indochina Time)! Possible blocking IO or high CPU user at the same process used by node-cron.
[2026-07-19T19:28:35.654Z] [PID: 27435] [32m[NODE-CRON][32m [33m[WARN][0m missed execution at Mon Jul 20 2026 02:20:00 GMT+0700 (Indochina Time)! Possible blocking IO or high CPU user at the same process used by node-cron.
[2026-07-19T19:28:35.654Z] [PID: 27435] [32m[NODE-CRON][32m [33m[WARN][0m missed execution at Mon Jul 20 2026 02:21:00 GMT+0700 (Indochina Time)! Possible blocking IO or high CPU user at the same process used by node-cron.
[2026-07-19T19:28:35.654Z] [PID: 27435] [32m[NODE-CRON][32m [33m[WARN][0m missed execution at Mon Jul 20 2026 02:22:00 GMT+0700 (Indochina Time)! Possible blocking IO or high CPU user at the same process used by node-cron.
[2026-07-19T19:28:35.654Z] [PID: 27435] [32m[NODE-CRON][32m [33m[WARN][0m missed execution at Mon Jul 20 2026 02:23:00 GMT+0700 (Indochina Time)! Possible blocking IO or high CPU user at the same process used by node-cron.
[2026-07-19T19:28:35.654Z] [PID: 27435] [32m[NODE-CRON][32m [33m[WARN][0m missed execution at Mon Jul 20 2026 02:24:00 GMT+0700 (Indochina Time)! Possible blocking IO or high CPU user at the same process used by node-cron.
[2026-07-19T19:28:35.654Z] [PID: 27435] [32m[NODE-CRON][32m [33m[WARN][0m missed execution at Mon Jul 20 2026 02:25:00 GMT+0700 (Indochina Time)! Possible blocking IO or high CPU user at the same process used by node-cron.
[2026-07-19T19:28:35.654Z] [PID: 27435] [32m[NODE-CRON][32m [33m[WARN][0m missed execution at Mon Jul 20 2026 02:26:00 GMT+0700 (Indochina Time)! Possible blocking IO or high CPU user at the same process used by node-cron.
[2026-07-19T19:28:35.654Z] [PID: 27435] [32m[NODE-CRON][32m [33m[WARN][0m missed execution at Mon Jul 20 2026 02:27:00 GMT+0700 (Indochina Time)! Possible blocking IO or high CPU user at the same process used by node-cron.
[2026-07-19T19:28:35.654Z] [PID: 27435] [32m[NODE-CRON][32m [33m[WARN][0m missed execution at Mon Jul 20 2026 02:28:00 GMT+0700 (Indochina Time)! Possible blocking IO or high CPU user at the same process used by node-cron.
[2026-07-19T19:43:57.359Z] [PID: 27435] [32m[NODE-CRON][32m [33m[WARN][0m missed execution at Mon Jul 20 2026 02:29:00 GMT+0700 (Indochina Time)! Possible blocking IO or high CPU user at the same process used by node-cron.
[2026-07-19T19:43:57.360Z] [PID: 27435] [32m[NODE-CRON][32m [33m[WARN][0m missed execution at Mon Jul 20 2026 02:30:00 GMT+0700 (Indochina Time)! Possible blocking IO or high CPU user at the same process used by node-cron.
[2026-07-19T19:43:57.360Z] [PID: 27435] [32m[NODE-CRON][32m [33m[WARN][0m missed execution at Mon Jul 20 2026 02:31:00 GMT+0700 (Indochina Time)! Possible blocking IO or high CPU user at the same process used by node-cron.
[2026-07-19T19:43:57.361Z] [PID: 27435] [32m[NODE-CRON][32m [33m[WARN][0m missed execution at Mon Jul 20 2026 02:32:00 GMT+0700 (Indochina Time)! Possible blocking IO or high CPU user at the same process used by node-cron.
[2026-07-19T19:43:57.361Z] [PID: 27435] [32m[NODE-CRON][32m [33m[WARN][0m missed execution at Mon Jul 20 2026 02:33:00 GMT+0700 (Indochina Time)! Possible blocking IO or high CPU user at the same process used by node-cron.
[2026-07-19T19:43:57.361Z] [PID: 27435] [32m[NODE-CRON][32m [33m[WARN][0m missed execution at Mon Jul 20 2026 02:34:00 GMT+0700 (Indochina Time)! Possible blocking IO or high CPU user at the same process used by node-cron.
[2026-07-19T19:43:57.361Z] [PID: 27435] [32m[NODE-CRON][32m [33m[WARN][0m missed execution at Mon Jul 20 2026 02:35:00 GMT+0700 (Indochina Time)! Possible blocking IO or high CPU user at the same process used by node-cron.
[2026-07-19T19:43:57.361Z] [PID: 27435] [32m[NODE-CRON][32m [33m[WARN][0m missed execution at Mon Jul 20 2026 02:36:00 GMT+0700 (Indochina Time)! Possible blocking IO or high CPU user at the same process used by node-cron.
[2026-07-19T19:43:57.361Z] [PID: 27435] [32m[NODE-CRON][32m [33m[WARN][0m missed execution at Mon Jul 20 2026 02:37:00 GMT+0700 (Indochina Time)! Possible blocking IO or high CPU user at the same process used by node-cron.
[2026-07-19T19:43:57.361Z] [PID: 27435] [32m[NODE-CRON][32m [33m[WARN][0m missed execution at Mon Jul 20 2026 02:38:00 GMT+0700 (Indochina Time)! Possible blocking IO or high CPU user at the same process used by node-cron.
[2026-07-19T19:43:57.361Z] [PID: 27435] [32m[NODE-CRON][32m [33m[WARN][0m missed execution at Mon Jul 20 2026 02:39:00 GMT+0700 (Indochina Time)! Possible blocking IO or high CPU user at the same process used by node-cron.
[2026-07-19T19:43:57.361Z] [PID: 27435] [32m[NODE-CRON][32m [33m[WARN][0m missed execution at Mon Jul 20 2026 02:40:00 GMT+0700 (Indochina Time)! Possible blocking IO or high CPU user at the same process used by node-cron.
[2026-07-19T19:43:57.361Z] [PID: 27435] [32m[NODE-CRON][32m [33m[WARN][0m missed execution at Mon Jul 20 2026 02:41:00 GMT+0700 (Indochina Time)! Possible blocking IO or high CPU user at the same process used by node-cron.
[2026-07-19T19:43:57.362Z] [PID: 27435] [32m[NODE-CRON][32m [33m[WARN][0m missed execution at Mon Jul 20 2026 02:42:00 GMT+0700 (Indochina Time)! Possible blocking IO or high CPU user at the same process used by node-cron.
[2026-07-19T19:43:57.362Z] [PID: 27435] [32m[NODE-CRON][32m [33m[WARN][0m missed execution at Mon Jul 20 2026 02:43:00 GMT+0700 (Indochina Time)! Possible blocking IO or high CPU user at the same process used by node-cron.
[2026-07-19T20:00:04.647Z] [PID: 27435] [32m[NODE-CRON][32m [33m[WARN][0m missed execution at Mon Jul 20 2026 02:44:00 GMT+0700 (Indochina Time)! Possible blocking IO or high CPU user at the same process used by node-cron.
[2026-07-19T20:00:04.647Z] [PID: 27435] [32m[NODE-CRON][32m [33m[WARN][0m missed execution at Mon Jul 20 2026 02:45:00 GMT+0700 (Indochina Time)! Possible blocking IO or high CPU user at the same process used by node-cron.
[2026-07-19T20:00:04.647Z] [PID: 27435] [32m[NODE-CRON][32m [33m[WARN][0m missed execution at Mon Jul 20 2026 02:46:00 GMT+0700 (Indochina Time)! Possible blocking IO or high CPU user at the same process used by node-cron.
[2026-07-19T20:00:04.647Z] [PID: 27435] [32m[NODE-CRON][32m [33m[WARN][0m missed execution at Mon Jul 20 2026 02:47:00 GMT+0700 (Indochina Time)! Possible blocking IO or high CPU user at the same process used by node-cron.
[2026-07-19T20:00:04.647Z] [PID: 27435] [32m[NODE-CRON][32m [33m[WARN][0m missed execution at Mon Jul 20 2026 02:48:00 GMT+0700 (Indochina Time)! Possible blocking IO or high CPU user at the same process used by node-cron.
[2026-07-19T20:00:04.647Z] [PID: 27435] [32m[NODE-CRON][32m [33m[WARN][0m missed execution at Mon Jul 20 2026 02:49:00 GMT+0700 (Indochina Time)! Possible blocking IO or high CPU user at the same process used by node-cron.
[2026-07-19T20:00:04.647Z] [PID: 27435] [32m[NODE-CRON][32m [33m[WARN][0m missed execution at Mon Jul 20 2026 02:50:00 GMT+0700 (Indochina Time)! Possible blocking IO or high CPU user at the same process used by node-cron.
[2026-07-19T20:00:04.647Z] [PID: 27435] [32m[NODE-CRON][32m [33m[WARN][0m missed execution at Mon Jul 20 2026 02:51:00 GMT+0700 (Indochina Time)! Possible blocking IO or high CPU user at the same process used by node-cron.
[2026-07-19T20:00:04.647Z] [PID: 27435] [32m[NODE-CRON][32m [33m[WARN][0m missed execution at Mon Jul 20 2026 02:52:00 GMT+0700 (Indochina Time)! Possible blocking IO or high CPU user at the same process used by node-cron.
[2026-07-19T20:00:04.647Z] [PID: 27435] [32m[NODE-CRON][32m [33m[WARN][0m missed execution at Mon Jul 20 2026 02:53:00 GMT+0700 (Indochina Time)! Possible blocking IO or high CPU user at the same process used by node-cron.
[2026-07-19T20:00:04.647Z] [PID: 27435] [32m[NODE-CRON][32m [33m[WARN][0m missed execution at Mon Jul 20 2026 02:54:00 GMT+0700 (Indochina Time)! Possible blocking IO or high CPU user at the same process used by node-cron.
[2026-07-19T20:00:04.647Z] [PID: 27435] [32m[NODE-CRON][32m [33m[WARN][0m missed execution at Mon Jul 20 2026 02:55:00 GMT+0700 (Indochina Time)! Possible blocking IO or high CPU user at the same process used by node-cron.
[2026-07-19T20:00:04.647Z] [PID: 27435] [32m[NODE-CRON][32m [33m[WARN][0m missed execution at Mon Jul 20 2026 02:56:00 GMT+0700 (Indochina Time)! Possible blocking IO or high CPU user at the same process used by node-cron.
[2026-07-19T20:00:04.647Z] [PID: 27435] [32m[NODE-CRON][32m [33m[WARN][0m missed execution at Mon Jul 20 2026 02:57:00 GMT+0700 (Indochina Time)! Possible blocking IO or high CPU user at the same process used by node-cron.
[2026-07-19T20:00:04.647Z] [PID: 27435] [32m[NODE-CRON][32m [33m[WARN][0m missed execution at Mon Jul 20 2026 02:58:00 GMT+0700 (Indochina Time)! Possible blocking IO or high CPU user at the same process used by node-cron.
[2026-07-19T20:00:04.647Z] [PID: 27435] [32m[NODE-CRON][32m [33m[WARN][0m missed execution at Mon Jul 20 2026 02:59:00 GMT+0700 (Indochina Time)! Possible blocking IO or high CPU user at the same process used by node-cron.
[2026-07-19T20:00:04.647Z] [PID: 27435] [32m[NODE-CRON][32m [33m[WARN][0m missed execution at Mon Jul 20 2026 03:00:00 GMT+0700 (Indochina Time)! Possible blocking IO or high CPU user at the same process used by node-cron.
[2026-07-19T20:15:26.371Z] [PID: 27435] [32m[NODE-CRON][32m [33m[WARN][0m missed execution at Mon Jul 20 2026 03:01:00 GMT+0700 (Indochina Time)! Possible blocking IO or high CPU user at the same process used by node-cron.
[2026-07-19T20:15:26.373Z] [PID: 27435] [32m[NODE-CRON][32m [33m[WARN][0m missed execution at Mon Jul 20 2026 03:02:00 GMT+0700 (Indochina Time)! Possible blocking IO or high CPU user at the same process used by node-cron.
[2026-07-19T20:15:26.373Z] [PID: 27435] [32m[NODE-CRON][32m [33m[WARN][0m missed execution at Mon Jul 20 2026 03:03:00 GMT+0700 (Indochina Time)! Possible blocking IO or high CPU user at the same process used by node-cron.
[2026-07-19T20:15:26.373Z] [PID: 27435] [32m[NODE-CRON][32m [33m[WARN][0m missed execution at Mon Jul 20 2026 03:04:00 GMT+0700 (Indochina Time)! Possible blocking IO or high CPU user at the same process used by node-cron.
[2026-07-19T20:15:26.373Z] [PID: 27435] [32m[NODE-CRON][32m [33m[WARN][0m missed execution at Mon Jul 20 2026 03:05:00 GMT+0700 (Indochina Time)! Possible blocking IO or high CPU user at the same process used by node-cron.
[2026-07-19T20:15:26.373Z] [PID: 27435] [32m[NODE-CRON][32m [33m[WARN][0m missed execution at Mon Jul 20 2026 03:06:00 GMT+0700 (Indochina Time)! Possible blocking IO or high CPU user at the same process used by node-cron.
[2026-07-19T20:15:26.373Z] [PID: 27435] [32m[NODE-CRON][32m [33m[WARN][0m missed execution at Mon Jul 20 2026 03:07:00 GMT+0700 (Indochina Time)! Possible blocking IO or high CPU user at the same process used by node-cron.
[2026-07-19T20:15:26.373Z] [PID: 27435] [32m[NODE-CRON][32m [33m[WARN][0m missed execution at Mon Jul 20 2026 03:08:00 GMT+0700 (Indochina Time)! Possible blocking IO or high CPU user at the same process used by node-cron.
[2026-07-19T20:15:26.374Z] [PID: 27435] [32m[NODE-CRON][32m [33m[WARN][0m missed execution at Mon Jul 20 2026 03:09:00 GMT+0700 (Indochina Time)! Possible blocking IO or high CPU user at the same process used by node-cron.
[2026-07-19T20:15:26.374Z] [PID: 27435] [32m[NODE-CRON][32m [33m[WARN][0m missed execution at Mon Jul 20 2026 03:10:00 GMT+0700 (Indochina Time)! Possible blocking IO or high CPU user at the same process used by node-cron.
[2026-07-19T20:15:26.374Z] [PID: 27435] [32m[NODE-CRON][32m [33m[WARN][0m missed execution at Mon Jul 20 2026 03:11:00 GMT+0700 (Indochina Time)! Possible blocking IO or high CPU user at the same process used by node-cron.
[2026-07-19T20:15:26.374Z] [PID: 27435] [32m[NODE-CRON][32m [33m[WARN][0m missed execution at Mon Jul 20 2026 03:12:00 GMT+0700 (Indochina Time)! Possible blocking IO or high CPU user at the same process used by node-cron.
[2026-07-19T20:15:26.374Z] [PID: 27435] [32m[NODE-CRON][32m [33m[WARN][0m missed execution at Mon Jul 20 2026 03:13:00 GMT+0700 (Indochina Time)! Possible blocking IO or high CPU user at the same process used by node-cron.
[2026-07-19T20:15:26.374Z] [PID: 27435] [32m[NODE-CRON][32m [33m[WARN][0m missed execution at Mon Jul 20 2026 03:14:00 GMT+0700 (Indochina Time)! Possible blocking IO or high CPU user at the same process used by node-cron.
[2026-07-19T20:15:26.374Z] [PID: 27435] [32m[NODE-CRON][32m [33m[WARN][0m missed execution at Mon Jul 20 2026 03:15:00 GMT+0700 (Indochina Time)! Possible blocking IO or high CPU user at the same process used by node-cron.
[2026-07-19T20:32:54.661Z] [PID: 27435] [32m[NODE-CRON][32m [33m[WARN][0m missed execution at Mon Jul 20 2026 03:16:00 GMT+0700 (Indochina Time)! Possible blocking IO or high CPU user at the same process used by node-cron.
[2026-07-19T20:32:54.661Z] [PID: 27435] [32m[NODE-CRON][32m [33m[WARN][0m missed execution at Mon Jul 20 2026 03:17:00 GMT+0700 (Indochina Time)! Possible blocking IO or high CPU user at the same process used by node-cron.
[2026-07-19T20:32:54.661Z] [PID: 27435] [32m[NODE-CRON][32m [33m[WARN][0m missed execution at Mon Jul 20 2026 03:18:00 GMT+0700 (Indochina Time)! Possible blocking IO or high CPU user at the same process used by node-cron.
[2026-07-19T20:32:54.661Z] [PID: 27435] [32m[NODE-CRON][32m [33m[WARN][0m missed execution at Mon Jul 20 2026 03:19:00 GMT+0700 (Indochina Time)! Possible blocking IO or high CPU user at the same process used by node-cron.
[2026-07-19T20:32:54.661Z] [PID: 27435] [32m[NODE-CRON][32m [33m[WARN][0m missed execution at Mon Jul 20 2026 03:20:00 GMT+0700 (Indochina Time)! Possible blocking IO or high CPU user at the same process used by node-cron.
[2026-07-19T20:32:54.661Z] [PID: 27435] [32m[NODE-CRON][32m [33m[WARN][0m missed execution at Mon Jul 20 2026 03:21:00 GMT+0700 (Indochina Time)! Possible blocking IO or high CPU user at the same process used by node-cron.
[2026-07-19T20:32:54.661Z] [PID: 27435] [32m[NODE-CRON][32m [33m[WARN][0m missed execution at Mon Jul 20 2026 03:22:00 GMT+0700 (Indochina Time)! Possible blocking IO or high CPU user at the same process used by node-cron.
[2026-07-19T20:32:54.661Z] [PID: 27435] [32m[NODE-CRON][32m [33m[WARN][0m missed execution at Mon Jul 20 2026 03:23:00 GMT+0700 (Indochina Time)! Possible blocking IO or high CPU user at the same process used by node-cron.
[2026-07-19T20:32:54.661Z] [PID: 27435] [32m[NODE-CRON][32m [33m[WARN][0m missed execution at Mon Jul 20 2026 03:24:00 GMT+0700 (Indochina Time)! Possible blocking IO or high CPU user at the same process used by node-cron.
[2026-07-19T20:32:54.661Z] [PID: 27435] [32m[NODE-CRON][32m [33m[WARN][0m missed execution at Mon Jul 20 2026 03:25:00 GMT+0700 (Indochina Time)! Possible blocking IO or high CPU user at the same process used by node-cron.
[2026-07-19T20:32:54.661Z] [PID: 27435] [32m[NODE-CRON][32m [33m[WARN][0m missed execution at Mon Jul 20 2026 03:26:00 GMT+0700 (Indochina Time)! Possible blocking IO or high CPU user at the same process used by node-cron.
[2026-07-19T20:32:54.661Z] [PID: 27435] [32m[NODE-CRON][32m [33m[WARN][0m missed execution at Mon Jul 20 2026 03:27:00 GMT+0700 (Indochina Time)! Possible blocking IO or high CPU user at the same process used by node-cron.
[2026-07-19T20:32:54.661Z] [PID: 27435] [32m[NODE-CRON][32m [33m[WARN][0m missed execution at Mon Jul 20 2026 03:28:00 GMT+0700 (Indochina Time)! Possible blocking IO or high CPU user at the same process used by node-cron.
[2026-07-19T20:32:54.661Z] [PID: 27435] [32m[NODE-CRON][32m [33m[WARN][0m missed execution at Mon Jul 20 2026 03:29:00 GMT+0700 (Indochina Time)! Possible blocking IO or high CPU user at the same process used by node-cron.
[2026-07-19T20:32:54.661Z] [PID: 27435] [32m[NODE-CRON][32m [33m[WARN][0m missed execution at Mon Jul 20 2026 03:30:00 GMT+0700 (Indochina Time)! Possible blocking IO or high CPU user at the same process used by node-cron.
[2026-07-19T20:32:54.661Z] [PID: 27435] [32m[NODE-CRON][32m [33m[WARN][0m missed execution at Mon Jul 20 2026 03:31:00 GMT+0700 (Indochina Time)! Possible blocking IO or high CPU user at the same process used by node-cron.
[2026-07-19T20:32:54.661Z] [PID: 27435] [32m[NODE-CRON][32m [33m[WARN][0m missed execution at Mon Jul 20 2026 03:32:00 GMT+0700 (Indochina Time)! Possible blocking IO or high CPU user at the same process used by node-cron.
[2026-07-19T20:50:04.659Z] [PID: 27435] [32m[NODE-CRON][32m [33m[WARN][0m missed execution at Mon Jul 20 2026 03:33:00 GMT+0700 (Indochina Time)! Possible blocking IO or high CPU user at the same process used by node-cron.
[2026-07-19T20:50:04.660Z] [PID: 27435] [32m[NODE-CRON][32m [33m[WARN][0m missed execution at Mon Jul 20 2026 03:34:00 GMT+0700 (Indochina Time)! Possible blocking IO or high CPU user at the same process used by node-cron.
[2026-07-19T20:50:04.660Z] [PID: 27435] [32m[NODE-CRON][32m [33m[WARN][0m missed execution at Mon Jul 20 2026 03:35:00 GMT+0700 (Indochina Time)! Possible blocking IO or high CPU user at the same process used by node-cron.
[2026-07-19T20:50:04.660Z] [PID: 27435] [32m[NODE-CRON][32m [33m[WARN][0m missed execution at Mon Jul 20 2026 03:36:00 GMT+0700 (Indochina Time)! Possible blocking IO or high CPU user at the same process used by node-cron.
[2026-07-19T20:50:04.660Z] [PID: 27435] [32m[NODE-CRON][32m [33m[WARN][0m missed execution at Mon Jul 20 2026 03:37:00 GMT+0700 (Indochina Time)! Possible blocking IO or high CPU user at the same process used by node-cron.
[2026-07-19T20:50:04.660Z] [PID: 27435] [32m[NODE-CRON][32m [33m[WARN][0m missed execution at Mon Jul 20 2026 03:38:00 GMT+0700 (Indochina Time)! Possible blocking IO or high CPU user at the same process used by node-cron.
[2026-07-19T20:50:04.660Z] [PID: 27435] [32m[NODE-CRON][32m [33m[WARN][0m missed execution at Mon Jul 20 2026 03:39:00 GMT+0700 (Indochina Time)! Possible blocking IO or high CPU user at the same process used by node-cron.
[2026-07-19T20:50:04.660Z] [PID: 27435] [32m[NODE-CRON][32m [33m[WARN][0m missed execution at Mon Jul 20 2026 03:40:00 GMT+0700 (Indochina Time)! Possible blocking IO or high CPU user at the same process used by node-cron.
[2026-07-19T20:50:04.660Z] [PID: 27435] [32m[NODE-CRON][32m [33m[WARN][0m missed execution at Mon Jul 20 2026 03:41:00 GMT+0700 (Indochina Time)! Possible blocking IO or high CPU user at the same process used by node-cron.
[2026-07-19T20:50:04.660Z] [PID: 27435] [32m[NODE-CRON][32m [33m[WARN][0m missed execution at Mon Jul 20 2026 03:42:00 GMT+0700 (Indochina Time)! Possible blocking IO or high CPU user at the same process used by node-cron.
[2026-07-19T20:50:04.660Z] [PID: 27435] [32m[NODE-CRON][32m [33m[WARN][0m missed execution at Mon Jul 20 2026 03:43:00 GMT+0700 (Indochina Time)! Possible blocking IO or high CPU user at the same process used by node-cron.
[2026-07-19T20:50:04.660Z] [PID: 27435] [32m[NODE-CRON][32m [33m[WARN][0m missed execution at Mon Jul 20 2026 03:44:00 GMT+0700 (Indochina Time)! Possible blocking IO or high CPU user at the same process used by node-cron.
[2026-07-19T20:50:04.660Z] [PID: 27435] [32m[NODE-CRON][32m [33m[WARN][0m missed execution at Mon Jul 20 2026 03:45:00 GMT+0700 (Indochina Time)! Possible blocking IO or high CPU user at the same process used by node-cron.
[2026-07-19T20:50:04.660Z] [PID: 27435] [32m[NODE-CRON][32m [33m[WARN][0m missed execution at Mon Jul 20 2026 03:46:00 GMT+0700 (Indochina Time)! Possible blocking IO or high CPU user at the same process used by node-cron.
[2026-07-19T20:50:04.660Z] [PID: 27435] [32m[NODE-CRON][32m [33m[WARN][0m missed execution at Mon Jul 20 2026 03:47:00 GMT+0700 (Indochina Time)! Possible blocking IO or high CPU user at the same process used by node-cron.
[2026-07-19T20:50:04.660Z] [PID: 27435] [32m[NODE-CRON][32m [33m[WARN][0m missed execution at Mon Jul 20 2026 03:48:00 GMT+0700 (Indochina Time)! Possible blocking IO or high CPU user at the same process used by node-cron.
[2026-07-19T20:50:04.661Z] [PID: 27435] [32m[NODE-CRON][32m [33m[WARN][0m missed execution at Mon Jul 20 2026 03:49:00 GMT+0700 (Indochina Time)! Possible blocking IO or high CPU user at the same process used by node-cron.
[2026-07-19T20:50:04.661Z] [PID: 27435] [32m[NODE-CRON][32m [33m[WARN][0m missed execution at Mon Jul 20 2026 03:50:00 GMT+0700 (Indochina Time)! Possible blocking IO or high CPU user at the same process used by node-cron.
[2026-07-19T21:07:18.393Z] [PID: 27435] [32m[NODE-CRON][32m [33m[WARN][0m missed execution at Mon Jul 20 2026 03:51:00 GMT+0700 (Indochina Time)! Possible blocking IO or high CPU user at the same process used by node-cron.
[2026-07-19T21:07:18.394Z] [PID: 27435] [32m[NODE-CRON][32m [33m[WARN][0m missed execution at Mon Jul 20 2026 03:52:00 GMT+0700 (Indochina Time)! Possible blocking IO or high CPU user at the same process used by node-cron.
[2026-07-19T21:07:18.394Z] [PID: 27435] [32m[NODE-CRON][32m [33m[WARN][0m missed execution at Mon Jul 20 2026 03:53:00 GMT+0700 (Indochina Time)! Possible blocking IO or high CPU user at the same process used by node-cron.
[2026-07-19T21:07:18.394Z] [PID: 27435] [32m[NODE-CRON][32m [33m[WARN][0m missed execution at Mon Jul 20 2026 03:54:00 GMT+0700 (Indochina Time)! Possible blocking IO or high CPU user at the same process used by node-cron.
[2026-07-19T21:07:18.395Z] [PID: 27435] [32m[NODE-CRON][32m [33m[WARN][0m missed execution at Mon Jul 20 2026 03:55:00 GMT+0700 (Indochina Time)! Possible blocking IO or high CPU user at the same process used by node-cron.
[2026-07-19T21:07:18.395Z] [PID: 27435] [32m[NODE-CRON][32m [33m[WARN][0m missed execution at Mon Jul 20 2026 03:56:00 GMT+0700 (Indochina Time)! Possible blocking IO or high CPU user at the same process used by node-cron.
[2026-07-19T21:07:18.395Z] [PID: 27435] [32m[NODE-CRON][32m [33m[WARN][0m missed execution at Mon Jul 20 2026 03:57:00 GMT+0700 (Indochina Time)! Possible blocking IO or high CPU user at the same process used by node-cron.
[2026-07-19T21:07:18.395Z] [PID: 27435] [32m[NODE-CRON][32m [33m[WARN][0m missed execution at Mon Jul 20 2026 03:58:00 GMT+0700 (Indochina Time)! Possible blocking IO or high CPU user at the same process used by node-cron.
[2026-07-19T21:07:18.395Z] [PID: 27435] [32m[NODE-CRON][32m [33m[WARN][0m missed execution at Mon Jul 20 2026 03:59:00 GMT+0700 (Indochina Time)! Possible blocking IO or high CPU user at the same process used by node-cron.
[2026-07-19T21:07:18.395Z] [PID: 27435] [32m[NODE-CRON][32m [33m[WARN][0m missed execution at Mon Jul 20 2026 04:00:00 GMT+0700 (Indochina Time)! Possible blocking IO or high CPU user at the same process used by node-cron.
[2026-07-19T21:07:18.395Z] [PID: 27435] [32m[NODE-CRON][32m [33m[WARN][0m missed execution at Mon Jul 20 2026 04:01:00 GMT+0700 (Indochina Time)! Possible blocking IO or high CPU user at the same process used by node-cron.
[2026-07-19T21:07:18.395Z] [PID: 27435] [32m[NODE-CRON][32m [33m[WARN][0m missed execution at Mon Jul 20 2026 04:02:00 GMT+0700 (Indochina Time)! Possible blocking IO or high CPU user at the same process used by node-cron.
[2026-07-19T21:07:18.395Z] [PID: 27435] [32m[NODE-CRON][32m [33m[WARN][0m missed execution at Mon Jul 20 2026 04:03:00 GMT+0700 (Indochina Time)! Possible blocking IO or high CPU user at the same process used by node-cron.
[2026-07-19T21:07:18.395Z] [PID: 27435] [32m[NODE-CRON][32m [33m[WARN][0m missed execution at Mon Jul 20 2026 04:04:00 GMT+0700 (Indochina Time)! Possible blocking IO or high CPU user at the same process used by node-cron.
[2026-07-19T21:07:18.396Z] [PID: 27435] [32m[NODE-CRON][32m [33m[WARN][0m missed execution at Mon Jul 20 2026 04:05:00 GMT+0700 (Indochina Time)! Possible blocking IO or high CPU user at the same process used by node-cron.
[2026-07-19T21:07:18.396Z] [PID: 27435] [32m[NODE-CRON][32m [33m[WARN][0m missed execution at Mon Jul 20 2026 04:06:00 GMT+0700 (Indochina Time)! Possible blocking IO or high CPU user at the same process used by node-cron.
[2026-07-19T21:07:18.396Z] [PID: 27435] [32m[NODE-CRON][32m [33m[WARN][0m missed execution at Mon Jul 20 2026 04:07:00 GMT+0700 (Indochina Time)! Possible blocking IO or high CPU user at the same process used by node-cron.
[2026-07-19T21:22:46.666Z] [PID: 27435] [32m[NODE-CRON][32m [33m[WARN][0m missed execution at Mon Jul 20 2026 04:08:00 GMT+0700 (Indochina Time)! Possible blocking IO or high CPU user at the same process used by node-cron.
[2026-07-19T21:22:46.666Z] [PID: 27435] [32m[NODE-CRON][32m [33m[WARN][0m missed execution at Mon Jul 20 2026 04:09:00 GMT+0700 (Indochina Time)! Possible blocking IO or high CPU user at the same process used by node-cron.
[2026-07-19T21:22:46.666Z] [PID: 27435] [32m[NODE-CRON][32m [33m[WARN][0m missed execution at Mon Jul 20 2026 04:10:00 GMT+0700 (Indochina Time)! Possible blocking IO or high CPU user at the same process used by node-cron.
[2026-07-19T21:22:46.666Z] [PID: 27435] [32m[NODE-CRON][32m [33m[WARN][0m missed execution at Mon Jul 20 2026 04:11:00 GMT+0700 (Indochina Time)! Possible blocking IO or high CPU user at the same process used by node-cron.
[2026-07-19T21:22:46.666Z] [PID: 27435] [32m[NODE-CRON][32m [33m[WARN][0m missed execution at Mon Jul 20 2026 04:12:00 GMT+0700 (Indochina Time)! Possible blocking IO or high CPU user at the same process used by node-cron.
[2026-07-19T21:22:46.666Z] [PID: 27435] [32m[NODE-CRON][32m [33m[WARN][0m missed execution at Mon Jul 20 2026 04:13:00 GMT+0700 (Indochina Time)! Possible blocking IO or high CPU user at the same process used by node-cron.
[2026-07-19T21:22:46.666Z] [PID: 27435] [32m[NODE-CRON][32m [33m[WARN][0m missed execution at Mon Jul 20 2026 04:14:00 GMT+0700 (Indochina Time)! Possible blocking IO or high CPU user at the same process used by node-cron.
[2026-07-19T21:22:46.666Z] [PID: 27435] [32m[NODE-CRON][32m [33m[WARN][0m missed execution at Mon Jul 20 2026 04:15:00 GMT+0700 (Indochina Time)! Possible blocking IO or high CPU user at the same process used by node-cron.
[2026-07-19T21:22:46.667Z] [PID: 27435] [32m[NODE-CRON][32m [33m[WARN][0m missed execution at Mon Jul 20 2026 04:16:00 GMT+0700 (Indochina Time)! Possible blocking IO or high CPU user at the same process used by node-cron.
[2026-07-19T21:22:46.667Z] [PID: 27435] [32m[NODE-CRON][32m [33m[WARN][0m missed execution at Mon Jul 20 2026 04:17:00 GMT+0700 (Indochina Time)! Possible blocking IO or high CPU user at the same process used by node-cron.
[2026-07-19T21:22:46.667Z] [PID: 27435] [32m[NODE-CRON][32m [33m[WARN][0m missed execution at Mon Jul 20 2026 04:18:00 GMT+0700 (Indochina Time)! Possible blocking IO or high CPU user at the same process used by node-cron.
[2026-07-19T21:22:46.667Z] [PID: 27435] [32m[NODE-CRON][32m [33m[WARN][0m missed execution at Mon Jul 20 2026 04:19:00 GMT+0700 (Indochina Time)! Possible blocking IO or high CPU user at the same process used by node-cron.
[2026-07-19T21:22:46.667Z] [PID: 27435] [32m[NODE-CRON][32m [33m[WARN][0m missed execution at Mon Jul 20 2026 04:20:00 GMT+0700 (Indochina Time)! Possible blocking IO or high CPU user at the same process used by node-cron.
[2026-07-19T21:22:46.667Z] [PID: 27435] [32m[NODE-CRON][32m [33m[WARN][0m missed execution at Mon Jul 20 2026 04:21:00 GMT+0700 (Indochina Time)! Possible blocking IO or high CPU user at the same process used by node-cron.
[2026-07-19T21:22:46.667Z] [PID: 27435] [32m[NODE-CRON][32m [33m[WARN][0m missed execution at Mon Jul 20 2026 04:22:00 GMT+0700 (Indochina Time)! Possible blocking IO or high CPU user at the same process used by node-cron.
[2026-07-19T21:40:44.686Z] [PID: 27435] [32m[NODE-CRON][32m [33m[WARN][0m missed execution at Mon Jul 20 2026 04:23:00 GMT+0700 (Indochina Time)! Possible blocking IO or high CPU user at the same process used by node-cron.
[2026-07-19T21:40:44.686Z] [PID: 27435] [32m[NODE-CRON][32m [33m[WARN][0m missed execution at Mon Jul 20 2026 04:24:00 GMT+0700 (Indochina Time)! Possible blocking IO or high CPU user at the same process used by node-cron.
[2026-07-19T21:40:44.686Z] [PID: 27435] [32m[NODE-CRON][32m [33m[WARN][0m missed execution at Mon Jul 20 2026 04:25:00 GMT+0700 (Indochina Time)! Possible blocking IO or high CPU user at the same process used by node-cron.
[2026-07-19T21:40:44.686Z] [PID: 27435] [32m[NODE-CRON][32m [33m[WARN][0m missed execution at Mon Jul 20 2026 04:26:00 GMT+0700 (Indochina Time)! Possible blocking IO or high CPU user at the same process used by node-cron.
[2026-07-19T21:40:44.686Z] [PID: 27435] [32m[NODE-CRON][32m [33m[WARN][0m missed execution at Mon Jul 20 2026 04:27:00 GMT+0700 (Indochina Time)! Possible blocking IO or high CPU user at the same process used by node-cron.
[2026-07-19T21:40:44.686Z] [PID: 27435] [32m[NODE-CRON][32m [33m[WARN][0m missed execution at Mon Jul 20 2026 04:28:00 GMT+0700 (Indochina Time)! Possible blocking IO or high CPU user at the same process used by node-cron.
[2026-07-19T21:40:44.686Z] [PID: 27435] [32m[NODE-CRON][32m [33m[WARN][0m missed execution at Mon Jul 20 2026 04:29:00 GMT+0700 (Indochina Time)! Possible blocking IO or high CPU user at the same process used by node-cron.
[2026-07-19T21:40:44.687Z] [PID: 27435] [32m[NODE-CRON][32m [33m[WARN][0m missed execution at Mon Jul 20 2026 04:30:00 GMT+0700 (Indochina Time)! Possible blocking IO or high CPU user at the same process used by node-cron.
[2026-07-19T21:40:44.687Z] [PID: 27435] [32m[NODE-CRON][32m [33m[WARN][0m missed execution at Mon Jul 20 2026 04:31:00 GMT+0700 (Indochina Time)! Possible blocking IO or high CPU user at the same process used by node-cron.
[2026-07-19T21:40:44.687Z] [PID: 27435] [32m[NODE-CRON][32m [33m[WARN][0m missed execution at Mon Jul 20 2026 04:32:00 GMT+0700 (Indochina Time)! Possible blocking IO or high CPU user at the same process used by node-cron.
[2026-07-19T21:40:44.687Z] [PID: 27435] [32m[NODE-CRON][32m [33m[WARN][0m missed execution at Mon Jul 20 2026 04:33:00 GMT+0700 (Indochina Time)! Possible blocking IO or high CPU user at the same process used by node-cron.
[2026-07-19T21:40:44.687Z] [PID: 27435] [32m[NODE-CRON][32m [33m[WARN][0m missed execution at Mon Jul 20 2026 04:34:00 GMT+0700 (Indochina Time)! Possible blocking IO or high CPU user at the same process used by node-cron.
[2026-07-19T21:40:44.687Z] [PID: 27435] [32m[NODE-CRON][32m [33m[WARN][0m missed execution at Mon Jul 20 2026 04:35:00 GMT+0700 (Indochina Time)! Possible blocking IO or high CPU user at the same process used by node-cron.
[2026-07-19T21:40:44.687Z] [PID: 27435] [32m[NODE-CRON][32m [33m[WARN][0m missed execution at Mon Jul 20 2026 04:36:00 GMT+0700 (Indochina Time)! Possible blocking IO or high CPU user at the same process used by node-cron.
[2026-07-19T21:40:44.687Z] [PID: 27435] [32m[NODE-CRON][32m [33m[WARN][0m missed execution at Mon Jul 20 2026 04:37:00 GMT+0700 (Indochina Time)! Possible blocking IO or high CPU user at the same process used by node-cron.
[2026-07-19T21:40:44.687Z] [PID: 27435] [32m[NODE-CRON][32m [33m[WARN][0m missed execution at Mon Jul 20 2026 04:38:00 GMT+0700 (Indochina Time)! Possible blocking IO or high CPU user at the same process used by node-cron.
[2026-07-19T21:40:44.687Z] [PID: 27435] [32m[NODE-CRON][32m [33m[WARN][0m missed execution at Mon Jul 20 2026 04:39:00 GMT+0700 (Indochina Time)! Possible blocking IO or high CPU user at the same process used by node-cron.
[2026-07-19T21:40:44.687Z] [PID: 27435] [32m[NODE-CRON][32m [33m[WARN][0m missed execution at Mon Jul 20 2026 04:40:00 GMT+0700 (Indochina Time)! Possible blocking IO or high CPU user at the same process used by node-cron.
[2026-07-19T21:58:17.402Z] [PID: 27435] [32m[NODE-CRON][32m [33m[WARN][0m missed execution at Mon Jul 20 2026 04:41:00 GMT+0700 (Indochina Time)! Possible blocking IO or high CPU user at the same process used by node-cron.
[2026-07-19T21:58:17.403Z] [PID: 27435] [32m[NODE-CRON][32m [33m[WARN][0m missed execution at Mon Jul 20 2026 04:42:00 GMT+0700 (Indochina Time)! Possible blocking IO or high CPU user at the same process used by node-cron.
[2026-07-19T21:58:17.403Z] [PID: 27435] [32m[NODE-CRON][32m [33m[WARN][0m missed execution at Mon Jul 20 2026 04:43:00 GMT+0700 (Indochina Time)! Possible blocking IO or high CPU user at the same process used by node-cron.
[2026-07-19T21:58:17.403Z] [PID: 27435] [32m[NODE-CRON][32m [33m[WARN][0m missed execution at Mon Jul 20 2026 04:44:00 GMT+0700 (Indochina Time)! Possible blocking IO or high CPU user at the same process used by node-cron.
[2026-07-19T21:58:17.403Z] [PID: 27435] [32m[NODE-CRON][32m [33m[WARN][0m missed execution at Mon Jul 20 2026 04:45:00 GMT+0700 (Indochina Time)! Possible blocking IO or high CPU user at the same process used by node-cron.
[2026-07-19T21:58:17.403Z] [PID: 27435] [32m[NODE-CRON][32m [33m[WARN][0m missed execution at Mon Jul 20 2026 04:46:00 GMT+0700 (Indochina Time)! Possible blocking IO or high CPU user at the same process used by node-cron.
[2026-07-19T21:58:17.404Z] [PID: 27435] [32m[NODE-CRON][32m [33m[WARN][0m missed execution at Mon Jul 20 2026 04:47:00 GMT+0700 (Indochina Time)! Possible blocking IO or high CPU user at the same process used by node-cron.
[2026-07-19T21:58:17.404Z] [PID: 27435] [32m[NODE-CRON][32m [33m[WARN][0m missed execution at Mon Jul 20 2026 04:48:00 GMT+0700 (Indochina Time)! Possible blocking IO or high CPU user at the same process used by node-cron.
[2026-07-19T21:58:17.404Z] [PID: 27435] [32m[NODE-CRON][32m [33m[WARN][0m missed execution at Mon Jul 20 2026 04:49:00 GMT+0700 (Indochina Time)! Possible blocking IO or high CPU user at the same process used by node-cron.
[2026-07-19T21:58:17.404Z] [PID: 27435] [32m[NODE-CRON][32m [33m[WARN][0m missed execution at Mon Jul 20 2026 04:50:00 GMT+0700 (Indochina Time)! Possible blocking IO or high CPU user at the same process used by node-cron.
[2026-07-19T21:58:17.404Z] [PID: 27435] [32m[NODE-CRON][32m [33m[WARN][0m missed execution at Mon Jul 20 2026 04:51:00 GMT+0700 (Indochina Time)! Possible blocking IO or high CPU user at the same process used by node-cron.
[2026-07-19T21:58:17.404Z] [PID: 27435] [32m[NODE-CRON][32m [33m[WARN][0m missed execution at Mon Jul 20 2026 04:52:00 GMT+0700 (Indochina Time)! Possible blocking IO or high CPU user at the same process used by node-cron.
[2026-07-19T21:58:17.404Z] [PID: 27435] [32m[NODE-CRON][32m [33m[WARN][0m missed execution at Mon Jul 20 2026 04:53:00 GMT+0700 (Indochina Time)! Possible blocking IO or high CPU user at the same process used by node-cron.
[2026-07-19T21:58:17.404Z] [PID: 27435] [32m[NODE-CRON][32m [33m[WARN][0m missed execution at Mon Jul 20 2026 04:54:00 GMT+0700 (Indochina Time)! Possible blocking IO or high CPU user at the same process used by node-cron.
[2026-07-19T21:58:17.404Z] [PID: 27435] [32m[NODE-CRON][32m [33m[WARN][0m missed execution at Mon Jul 20 2026 04:55:00 GMT+0700 (Indochina Time)! Possible blocking IO or high CPU user at the same process used by node-cron.
[2026-07-19T21:58:17.404Z] [PID: 27435] [32m[NODE-CRON][32m [33m[WARN][0m missed execution at Mon Jul 20 2026 04:56:00 GMT+0700 (Indochina Time)! Possible blocking IO or high CPU user at the same process used by node-cron.
[2026-07-19T21:58:17.405Z] [PID: 27435] [32m[NODE-CRON][32m [33m[WARN][0m missed execution at Mon Jul 20 2026 04:57:00 GMT+0700 (Indochina Time)! Possible blocking IO or high CPU user at the same process used by node-cron.
[2026-07-19T21:58:17.405Z] [PID: 27435] [32m[NODE-CRON][32m [33m[WARN][0m missed execution at Mon Jul 20 2026 04:58:00 GMT+0700 (Indochina Time)! Possible blocking IO or high CPU user at the same process used by node-cron.
[2026-07-19T22:15:48.704Z] [PID: 27435] [32m[NODE-CRON][32m [33m[WARN][0m missed execution at Mon Jul 20 2026 04:59:00 GMT+0700 (Indochina Time)! Possible blocking IO or high CPU user at the same process used by node-cron.
[2026-07-19T22:15:48.707Z] [PID: 27435] [32m[NODE-CRON][32m [33m[WARN][0m missed execution at Mon Jul 20 2026 05:00:00 GMT+0700 (Indochina Time)! Possible blocking IO or high CPU user at the same process used by node-cron.
[2026-07-19T22:15:48.708Z] [PID: 27435] [32m[NODE-CRON][32m [33m[WARN][0m missed execution at Mon Jul 20 2026 05:01:00 GMT+0700 (Indochina Time)! Possible blocking IO or high CPU user at the same process used by node-cron.
[2026-07-19T22:15:48.708Z] [PID: 27435] [32m[NODE-CRON][32m [33m[WARN][0m missed execution at Mon Jul 20 2026 05:02:00 GMT+0700 (Indochina Time)! Possible blocking IO or high CPU user at the same process used by node-cron.
[2026-07-19T22:15:48.708Z] [PID: 27435] [32m[NODE-CRON][32m [33m[WARN][0m missed execution at Mon Jul 20 2026 05:03:00 GMT+0700 (Indochina Time)! Possible blocking IO or high CPU user at the same process used by node-cron.
[2026-07-19T22:15:48.708Z] [PID: 27435] [32m[NODE-CRON][32m [33m[WARN][0m missed execution at Mon Jul 20 2026 05:04:00 GMT+0700 (Indochina Time)! Possible blocking IO or high CPU user at the same process used by node-cron.
[2026-07-19T22:15:48.708Z] [PID: 27435] [32m[NODE-CRON][32m [33m[WARN][0m missed execution at Mon Jul 20 2026 05:05:00 GMT+0700 (Indochina Time)! Possible blocking IO or high CPU user at the same process used by node-cron.
[2026-07-19T22:15:48.708Z] [PID: 27435] [32m[NODE-CRON][32m [33m[WARN][0m missed execution at Mon Jul 20 2026 05:06:00 GMT+0700 (Indochina Time)! Possible blocking IO or high CPU user at the same process used by node-cron.
[2026-07-19T22:15:48.708Z] [PID: 27435] [32m[NODE-CRON][32m [33m[WARN][0m missed execution at Mon Jul 20 2026 05:07:00 GMT+0700 (Indochina Time)! Possible blocking IO or high CPU user at the same process used by node-cron.
[2026-07-19T22:15:48.708Z] [PID: 27435] [32m[NODE-CRON][32m [33m[WARN][0m missed execution at Mon Jul 20 2026 05:08:00 GMT+0700 (Indochina Time)! Possible blocking IO or high CPU user at the same process used by node-cron.
[2026-07-19T22:15:48.708Z] [PID: 27435] [32m[NODE-CRON][32m [33m[WARN][0m missed execution at Mon Jul 20 2026 05:09:00 GMT+0700 (Indochina Time)! Possible blocking IO or high CPU user at the same process used by node-cron.
[2026-07-19T22:15:48.708Z] [PID: 27435] [32m[NODE-CRON][32m [33m[WARN][0m missed execution at Mon Jul 20 2026 05:10:00 GMT+0700 (Indochina Time)! Possible blocking IO or high CPU user at the same process used by node-cron.
[2026-07-19T22:15:48.709Z] [PID: 27435] [32m[NODE-CRON][32m [33m[WARN][0m missed execution at Mon Jul 20 2026 05:11:00 GMT+0700 (Indochina Time)! Possible blocking IO or high CPU user at the same process used by node-cron.
[2026-07-19T22:15:48.709Z] [PID: 27435] [32m[NODE-CRON][32m [33m[WARN][0m missed execution at Mon Jul 20 2026 05:12:00 GMT+0700 (Indochina Time)! Possible blocking IO or high CPU user at the same process used by node-cron.
[2026-07-19T22:15:48.709Z] [PID: 27435] [32m[NODE-CRON][32m [33m[WARN][0m missed execution at Mon Jul 20 2026 05:13:00 GMT+0700 (Indochina Time)! Possible blocking IO or high CPU user at the same process used by node-cron.
[2026-07-19T22:15:48.709Z] [PID: 27435] [32m[NODE-CRON][32m [33m[WARN][0m missed execution at Mon Jul 20 2026 05:14:00 GMT+0700 (Indochina Time)! Possible blocking IO or high CPU user at the same process used by node-cron.
[2026-07-19T22:15:48.709Z] [PID: 27435] [32m[NODE-CRON][32m [33m[WARN][0m missed execution at Mon Jul 20 2026 05:15:00 GMT+0700 (Indochina Time)! Possible blocking IO or high CPU user at the same process used by node-cron.
[2026-07-19T22:33:06.723Z] [PID: 27435] [32m[NODE-CRON][32m [33m[WARN][0m missed execution at Mon Jul 20 2026 05:16:00 GMT+0700 (Indochina Time)! Possible blocking IO or high CPU user at the same process used by node-cron.
[2026-07-19T22:33:06.723Z] [PID: 27435] [32m[NODE-CRON][32m [33m[WARN][0m missed execution at Mon Jul 20 2026 05:17:00 GMT+0700 (Indochina Time)! Possible blocking IO or high CPU user at the same process used by node-cron.
[2026-07-19T22:33:06.723Z] [PID: 27435] [32m[NODE-CRON][32m [33m[WARN][0m missed execution at Mon Jul 20 2026 05:18:00 GMT+0700 (Indochina Time)! Possible blocking IO or high CPU user at the same process used by node-cron.
[2026-07-19T22:33:06.723Z] [PID: 27435] [32m[NODE-CRON][32m [33m[WARN][0m missed execution at Mon Jul 20 2026 05:19:00 GMT+0700 (Indochina Time)! Possible blocking IO or high CPU user at the same process used by node-cron.
[2026-07-19T22:33:06.723Z] [PID: 27435] [32m[NODE-CRON][32m [33m[WARN][0m missed execution at Mon Jul 20 2026 05:20:00 GMT+0700 (Indochina Time)! Possible blocking IO or high CPU user at the same process used by node-cron.
[2026-07-19T22:33:06.724Z] [PID: 27435] [32m[NODE-CRON][32m [33m[WARN][0m missed execution at Mon Jul 20 2026 05:21:00 GMT+0700 (Indochina Time)! Possible blocking IO or high CPU user at the same process used by node-cron.
[2026-07-19T22:33:06.724Z] [PID: 27435] [32m[NODE-CRON][32m [33m[WARN][0m missed execution at Mon Jul 20 2026 05:22:00 GMT+0700 (Indochina Time)! Possible blocking IO or high CPU user at the same process used by node-cron.
[2026-07-19T22:33:06.724Z] [PID: 27435] [32m[NODE-CRON][32m [33m[WARN][0m missed execution at Mon Jul 20 2026 05:23:00 GMT+0700 (Indochina Time)! Possible blocking IO or high CPU user at the same process used by node-cron.
[2026-07-19T22:33:06.724Z] [PID: 27435] [32m[NODE-CRON][32m [33m[WARN][0m missed execution at Mon Jul 20 2026 05:24:00 GMT+0700 (Indochina Time)! Possible blocking IO or high CPU user at the same process used by node-cron.
[2026-07-19T22:33:06.724Z] [PID: 27435] [32m[NODE-CRON][32m [33m[WARN][0m missed execution at Mon Jul 20 2026 05:25:00 GMT+0700 (Indochina Time)! Possible blocking IO or high CPU user at the same process used by node-cron.
[2026-07-19T22:33:06.724Z] [PID: 27435] [32m[NODE-CRON][32m [33m[WARN][0m missed execution at Mon Jul 20 2026 05:26:00 GMT+0700 (Indochina Time)! Possible blocking IO or high CPU user at the same process used by node-cron.
[2026-07-19T22:33:06.724Z] [PID: 27435] [32m[NODE-CRON][32m [33m[WARN][0m missed execution at Mon Jul 20 2026 05:27:00 GMT+0700 (Indochina Time)! Possible blocking IO or high CPU user at the same process used by node-cron.
[2026-07-19T22:33:06.724Z] [PID: 27435] [32m[NODE-CRON][32m [33m[WARN][0m missed execution at Mon Jul 20 2026 05:28:00 GMT+0700 (Indochina Time)! Possible blocking IO or high CPU user at the same process used by node-cron.
[2026-07-19T22:33:06.724Z] [PID: 27435] [32m[NODE-CRON][32m [33m[WARN][0m missed execution at Mon Jul 20 2026 05:29:00 GMT+0700 (Indochina Time)! Possible blocking IO or high CPU user at the same process used by node-cron.
[2026-07-19T22:33:06.724Z] [PID: 27435] [32m[NODE-CRON][32m [33m[WARN][0m missed execution at Mon Jul 20 2026 05:30:00 GMT+0700 (Indochina Time)! Possible blocking IO or high CPU user at the same process used by node-cron.
[2026-07-19T22:33:06.724Z] [PID: 27435] [32m[NODE-CRON][32m [33m[WARN][0m missed execution at Mon Jul 20 2026 05:31:00 GMT+0700 (Indochina Time)! Possible blocking IO or high CPU user at the same process used by node-cron.
[2026-07-19T22:33:06.724Z] [PID: 27435] [32m[NODE-CRON][32m [33m[WARN][0m missed execution at Mon Jul 20 2026 05:32:00 GMT+0700 (Indochina Time)! Possible blocking IO or high CPU user at the same process used by node-cron.
[2026-07-19T22:33:06.724Z] [PID: 27435] [32m[NODE-CRON][32m [33m[WARN][0m missed execution at Mon Jul 20 2026 05:33:00 GMT+0700 (Indochina Time)! Possible blocking IO or high CPU user at the same process used by node-cron.
[2026-07-19T22:48:48.411Z] [PID: 27435] [32m[NODE-CRON][32m [33m[WARN][0m missed execution at Mon Jul 20 2026 05:34:00 GMT+0700 (Indochina Time)! Possible blocking IO or high CPU user at the same process used by node-cron.
[2026-07-19T22:48:48.412Z] [PID: 27435] [32m[NODE-CRON][32m [33m[WARN][0m missed execution at Mon Jul 20 2026 05:35:00 GMT+0700 (Indochina Time)! Possible blocking IO or high CPU user at the same process used by node-cron.
[2026-07-19T22:48:48.412Z] [PID: 27435] [32m[NODE-CRON][32m [33m[WARN][0m missed execution at Mon Jul 20 2026 05:36:00 GMT+0700 (Indochina Time)! Possible blocking IO or high CPU user at the same process used by node-cron.
[2026-07-19T22:48:48.412Z] [PID: 27435] [32m[NODE-CRON][32m [33m[WARN][0m missed execution at Mon Jul 20 2026 05:37:00 GMT+0700 (Indochina Time)! Possible blocking IO or high CPU user at the same process used by node-cron.
[2026-07-19T22:48:48.413Z] [PID: 27435] [32m[NODE-CRON][32m [33m[WARN][0m missed execution at Mon Jul 20 2026 05:38:00 GMT+0700 (Indochina Time)! Possible blocking IO or high CPU user at the same process used by node-cron.
[2026-07-19T22:48:48.413Z] [PID: 27435] [32m[NODE-CRON][32m [33m[WARN][0m missed execution at Mon Jul 20 2026 05:39:00 GMT+0700 (Indochina Time)! Possible blocking IO or high CPU user at the same process used by node-cron.
[2026-07-19T22:48:48.413Z] [PID: 27435] [32m[NODE-CRON][32m [33m[WARN][0m missed execution at Mon Jul 20 2026 05:40:00 GMT+0700 (Indochina Time)! Possible blocking IO or high CPU user at the same process used by node-cron.
[2026-07-19T22:48:48.413Z] [PID: 27435] [32m[NODE-CRON][32m [33m[WARN][0m missed execution at Mon Jul 20 2026 05:41:00 GMT+0700 (Indochina Time)! Possible blocking IO or high CPU user at the same process used by node-cron.
[2026-07-19T22:48:48.413Z] [PID: 27435] [32m[NODE-CRON][32m [33m[WARN][0m missed execution at Mon Jul 20 2026 05:42:00 GMT+0700 (Indochina Time)! Possible blocking IO or high CPU user at the same process used by node-cron.
[2026-07-19T22:48:48.413Z] [PID: 27435] [32m[NODE-CRON][32m [33m[WARN][0m missed execution at Mon Jul 20 2026 05:43:00 GMT+0700 (Indochina Time)! Possible blocking IO or high CPU user at the same process used by node-cron.
[2026-07-19T22:48:48.413Z] [PID: 27435] [32m[NODE-CRON][32m [33m[WARN][0m missed execution at Mon Jul 20 2026 05:44:00 GMT+0700 (Indochina Time)! Possible blocking IO or high CPU user at the same process used by node-cron.
[2026-07-19T22:48:48.413Z] [PID: 27435] [32m[NODE-CRON][32m [33m[WARN][0m missed execution at Mon Jul 20 2026 05:45:00 GMT+0700 (Indochina Time)! Possible blocking IO or high CPU user at the same process used by node-cron.
[2026-07-19T22:48:48.413Z] [PID: 27435] [32m[NODE-CRON][32m [33m[WARN][0m missed execution at Mon Jul 20 2026 05:46:00 GMT+0700 (Indochina Time)! Possible blocking IO or high CPU user at the same process used by node-cron.
[2026-07-19T22:48:48.413Z] [PID: 27435] [32m[NODE-CRON][32m [33m[WARN][0m missed execution at Mon Jul 20 2026 05:47:00 GMT+0700 (Indochina Time)! Possible blocking IO or high CPU user at the same process used by node-cron.
[2026-07-19T22:48:48.414Z] [PID: 27435] [32m[NODE-CRON][32m [33m[WARN][0m missed execution at Mon Jul 20 2026 05:48:00 GMT+0700 (Indochina Time)! Possible blocking IO or high CPU user at the same process used by node-cron.
[2026-07-19T23:00:59.725Z] [PID: 27435] [32m[NODE-CRON][32m [33m[WARN][0m missed execution at Mon Jul 20 2026 05:49:00 GMT+0700 (Indochina Time)! Possible blocking IO or high CPU user at the same process used by node-cron.
[2026-07-19T23:00:59.725Z] [PID: 27435] [32m[NODE-CRON][32m [33m[WARN][0m missed execution at Mon Jul 20 2026 05:50:00 GMT+0700 (Indochina Time)! Possible blocking IO or high CPU user at the same process used by node-cron.
[2026-07-19T23:00:59.725Z] [PID: 27435] [32m[NODE-CRON][32m [33m[WARN][0m missed execution at Mon Jul 20 2026 05:51:00 GMT+0700 (Indochina Time)! Possible blocking IO or high CPU user at the same process used by node-cron.
[2026-07-19T23:00:59.725Z] [PID: 27435] [32m[NODE-CRON][32m [33m[WARN][0m missed execution at Mon Jul 20 2026 05:52:00 GMT+0700 (Indochina Time)! Possible blocking IO or high CPU user at the same process used by node-cron.
[2026-07-19T23:00:59.725Z] [PID: 27435] [32m[NODE-CRON][32m [33m[WARN][0m missed execution at Mon Jul 20 2026 05:53:00 GMT+0700 (Indochina Time)! Possible blocking IO or high CPU user at the same process used by node-cron.
[2026-07-19T23:00:59.725Z] [PID: 27435] [32m[NODE-CRON][32m [33m[WARN][0m missed execution at Mon Jul 20 2026 05:54:00 GMT+0700 (Indochina Time)! Possible blocking IO or high CPU user at the same process used by node-cron.
[2026-07-19T23:00:59.725Z] [PID: 27435] [32m[NODE-CRON][32m [33m[WARN][0m missed execution at Mon Jul 20 2026 05:55:00 GMT+0700 (Indochina Time)! Possible blocking IO or high CPU user at the same process used by node-cron.
[2026-07-19T23:00:59.725Z] [PID: 27435] [32m[NODE-CRON][32m [33m[WARN][0m missed execution at Mon Jul 20 2026 05:56:00 GMT+0700 (Indochina Time)! Possible blocking IO or high CPU user at the same process used by node-cron.
[2026-07-19T23:00:59.725Z] [PID: 27435] [32m[NODE-CRON][32m [33m[WARN][0m missed execution at Mon Jul 20 2026 05:57:00 GMT+0700 (Indochina Time)! Possible blocking IO or high CPU user at the same process used by node-cron.
[2026-07-19T23:00:59.725Z] [PID: 27435] [32m[NODE-CRON][32m [33m[WARN][0m missed execution at Mon Jul 20 2026 05:58:00 GMT+0700 (Indochina Time)! Possible blocking IO or high CPU user at the same process used by node-cron.
[2026-07-19T23:00:59.725Z] [PID: 27435] [32m[NODE-CRON][32m [33m[WARN][0m missed execution at Mon Jul 20 2026 05:59:00 GMT+0700 (Indochina Time)! Possible blocking IO or high CPU user at the same process used by node-cron.
[2026-07-19T23:00:59.725Z] [PID: 27435] [32m[NODE-CRON][32m [33m[WARN][0m missed execution at Mon Jul 20 2026 06:00:00 GMT+0700 (Indochina Time)! Possible blocking IO or high CPU user at the same process used by node-cron.
CronService: Đã tự động sinh kết quả ngẫu nhiên cho kỳ quay #0030
CronService: Lỗi xử lý cron VersionError: No matching document found for id "6a5d0998c053f79020144763" version 0 modifiedPaths "winningNumbers, status"
    at generateVersionError (/Users/luannguyen/Documents/git/vuaxoso/backend/node_modules/mongoose/lib/model.js:596:10)
    at model.save (/Users/luannguyen/Documents/git/vuaxoso/backend/node_modules/mongoose/lib/model.js:658:30)
    at /Users/luannguyen/Documents/git/vuaxoso/backend/src/services/cronService.ts:60:20
    at processTicksAndRejections (node:internal/process/task_queues:95:5)
    at async execute (/Users/luannguyen/Documents/git/vuaxoso/backend/node_modules/node-cron/src/scheduler/runner.ts:194:26)
    at async runTask (/Users/luannguyen/Documents/git/vuaxoso/backend/node_modules/node-cron/src/scheduler/runner.ts:237:9)
    at async Runner.runCoordinated (/Users/luannguyen/Documents/git/vuaxoso/backend/node_modules/node-cron/src/scheduler/runner.ts:125:7)
    at async /Users/luannguyen/Documents/git/vuaxoso/backend/node_modules/node-cron/src/scheduler/runner.ts:275:13 {
  version: 0,
  modifiedPaths: [ 'winningNumbers', 'status' ]
}
[2026-07-19T23:17:35.701Z] [PID: 27435] [32m[NODE-CRON][32m [33m[WARN][0m missed execution at Mon Jul 20 2026 06:02:00 GMT+0700 (Indochina Time)! Possible blocking IO or high CPU user at the same process used by node-cron.
[2026-07-19T23:17:35.783Z] [PID: 27435] [32m[NODE-CRON][32m [33m[WARN][0m missed execution at Mon Jul 20 2026 06:03:00 GMT+0700 (Indochina Time)! Possible blocking IO or high CPU user at the same process used by node-cron.
[2026-07-19T23:17:35.784Z] [PID: 27435] [32m[NODE-CRON][32m [33m[WARN][0m missed execution at Mon Jul 20 2026 06:04:00 GMT+0700 (Indochina Time)! Possible blocking IO or high CPU user at the same process used by node-cron.
[2026-07-19T23:17:35.784Z] [PID: 27435] [32m[NODE-CRON][32m [33m[WARN][0m missed execution at Mon Jul 20 2026 06:05:00 GMT+0700 (Indochina Time)! Possible blocking IO or high CPU user at the same process used by node-cron.
[2026-07-19T23:17:35.784Z] [PID: 27435] [32m[NODE-CRON][32m [33m[WARN][0m missed execution at Mon Jul 20 2026 06:06:00 GMT+0700 (Indochina Time)! Possible blocking IO or high CPU user at the same process used by node-cron.
[2026-07-19T23:17:35.784Z] [PID: 27435] [32m[NODE-CRON][32m [33m[WARN][0m missed execution at Mon Jul 20 2026 06:07:00 GMT+0700 (Indochina Time)! Possible blocking IO or high CPU user at the same process used by node-cron.
[2026-07-19T23:17:35.784Z] [PID: 27435] [32m[NODE-CRON][32m [33m[WARN][0m missed execution at Mon Jul 20 2026 06:08:00 GMT+0700 (Indochina Time)! Possible blocking IO or high CPU user at the same process used by node-cron.
[2026-07-19T23:17:35.784Z] [PID: 27435] [32m[NODE-CRON][32m [33m[WARN][0m missed execution at Mon Jul 20 2026 06:09:00 GMT+0700 (Indochina Time)! Possible blocking IO or high CPU user at the same process used by node-cron.
[2026-07-19T23:17:35.784Z] [PID: 27435] [32m[NODE-CRON][32m [33m[WARN][0m missed execution at Mon Jul 20 2026 06:10:00 GMT+0700 (Indochina Time)! Possible blocking IO or high CPU user at the same process used by node-cron.
[2026-07-19T23:17:35.784Z] [PID: 27435] [32m[NODE-CRON][32m [33m[WARN][0m missed execution at Mon Jul 20 2026 06:11:00 GMT+0700 (Indochina Time)! Possible blocking IO or high CPU user at the same process used by node-cron.
[2026-07-19T23:17:35.784Z] [PID: 27435] [32m[NODE-CRON][32m [33m[WARN][0m missed execution at Mon Jul 20 2026 06:12:00 GMT+0700 (Indochina Time)! Possible blocking IO or high CPU user at the same process used by node-cron.
[2026-07-19T23:17:35.784Z] [PID: 27435] [32m[NODE-CRON][32m [33m[WARN][0m missed execution at Mon Jul 20 2026 06:13:00 GMT+0700 (Indochina Time)! Possible blocking IO or high CPU user at the same process used by node-cron.
[2026-07-19T23:17:35.784Z] [PID: 27435] [32m[NODE-CRON][32m [33m[WARN][0m missed execution at Mon Jul 20 2026 06:14:00 GMT+0700 (Indochina Time)! Possible blocking IO or high CPU user at the same process used by node-cron.
[2026-07-19T23:17:35.784Z] [PID: 27435] [32m[NODE-CRON][32m [33m[WARN][0m missed execution at Mon Jul 20 2026 06:15:00 GMT+0700 (Indochina Time)! Possible blocking IO or high CPU user at the same process used by node-cron.
[2026-07-19T23:17:35.789Z] [PID: 27435] [32m[NODE-CRON][32m [33m[WARN][0m missed execution at Mon Jul 20 2026 06:16:00 GMT+0700 (Indochina Time)! Possible blocking IO or high CPU user at the same process used by node-cron.
[2026-07-19T23:17:35.790Z] [PID: 27435] [32m[NODE-CRON][32m [33m[WARN][0m missed execution at Mon Jul 20 2026 06:17:00 GMT+0700 (Indochina Time)! Possible blocking IO or high CPU user at the same process used by node-cron.
[2026-07-19T23:34:44.538Z] [PID: 27435] [32m[NODE-CRON][32m [33m[WARN][0m missed execution at Mon Jul 20 2026 06:18:00 GMT+0700 (Indochina Time)! Possible blocking IO or high CPU user at the same process used by node-cron.
[2026-07-19T23:34:44.540Z] [PID: 27435] [32m[NODE-CRON][32m [33m[WARN][0m missed execution at Mon Jul 20 2026 06:19:00 GMT+0700 (Indochina Time)! Possible blocking IO or high CPU user at the same process used by node-cron.
[2026-07-19T23:34:44.540Z] [PID: 27435] [32m[NODE-CRON][32m [33m[WARN][0m missed execution at Mon Jul 20 2026 06:20:00 GMT+0700 (Indochina Time)! Possible blocking IO or high CPU user at the same process used by node-cron.
[2026-07-19T23:34:44.540Z] [PID: 27435] [32m[NODE-CRON][32m [33m[WARN][0m missed execution at Mon Jul 20 2026 06:21:00 GMT+0700 (Indochina Time)! Possible blocking IO or high CPU user at the same process used by node-cron.
[2026-07-19T23:34:44.540Z] [PID: 27435] [32m[NODE-CRON][32m [33m[WARN][0m missed execution at Mon Jul 20 2026 06:22:00 GMT+0700 (Indochina Time)! Possible blocking IO or high CPU user at the same process used by node-cron.
[2026-07-19T23:34:44.540Z] [PID: 27435] [32m[NODE-CRON][32m [33m[WARN][0m missed execution at Mon Jul 20 2026 06:23:00 GMT+0700 (Indochina Time)! Possible blocking IO or high CPU user at the same process used by node-cron.
[2026-07-19T23:34:44.540Z] [PID: 27435] [32m[NODE-CRON][32m [33m[WARN][0m missed execution at Mon Jul 20 2026 06:24:00 GMT+0700 (Indochina Time)! Possible blocking IO or high CPU user at the same process used by node-cron.
[2026-07-19T23:34:44.540Z] [PID: 27435] [32m[NODE-CRON][32m [33m[WARN][0m missed execution at Mon Jul 20 2026 06:25:00 GMT+0700 (Indochina Time)! Possible blocking IO or high CPU user at the same process used by node-cron.
[2026-07-19T23:34:44.540Z] [PID: 27435] [32m[NODE-CRON][32m [33m[WARN][0m missed execution at Mon Jul 20 2026 06:26:00 GMT+0700 (Indochina Time)! Possible blocking IO or high CPU user at the same process used by node-cron.
[2026-07-19T23:34:44.541Z] [PID: 27435] [32m[NODE-CRON][32m [33m[WARN][0m missed execution at Mon Jul 20 2026 06:27:00 GMT+0700 (Indochina Time)! Possible blocking IO or high CPU user at the same process used by node-cron.
[2026-07-19T23:34:44.541Z] [PID: 27435] [32m[NODE-CRON][32m [33m[WARN][0m missed execution at Mon Jul 20 2026 06:28:00 GMT+0700 (Indochina Time)! Possible blocking IO or high CPU user at the same process used by node-cron.
[2026-07-19T23:34:44.541Z] [PID: 27435] [32m[NODE-CRON][32m [33m[WARN][0m missed execution at Mon Jul 20 2026 06:29:00 GMT+0700 (Indochina Time)! Possible blocking IO or high CPU user at the same process used by node-cron.
[2026-07-19T23:34:44.541Z] [PID: 27435] [32m[NODE-CRON][32m [33m[WARN][0m missed execution at Mon Jul 20 2026 06:30:00 GMT+0700 (Indochina Time)! Possible blocking IO or high CPU user at the same process used by node-cron.
[2026-07-19T23:34:44.541Z] [PID: 27435] [32m[NODE-CRON][32m [33m[WARN][0m missed execution at Mon Jul 20 2026 06:31:00 GMT+0700 (Indochina Time)! Possible blocking IO or high CPU user at the same process used by node-cron.
[2026-07-19T23:34:44.541Z] [PID: 27435] [32m[NODE-CRON][32m [33m[WARN][0m missed execution at Mon Jul 20 2026 06:32:00 GMT+0700 (Indochina Time)! Possible blocking IO or high CPU user at the same process used by node-cron.
[2026-07-19T23:34:44.541Z] [PID: 27435] [32m[NODE-CRON][32m [33m[WARN][0m missed execution at Mon Jul 20 2026 06:33:00 GMT+0700 (Indochina Time)! Possible blocking IO or high CPU user at the same process used by node-cron.
[2026-07-19T23:34:44.541Z] [PID: 27435] [32m[NODE-CRON][32m [33m[WARN][0m missed execution at Mon Jul 20 2026 06:34:00 GMT+0700 (Indochina Time)! Possible blocking IO or high CPU user at the same process used by node-cron.
[2026-07-19T23:51:15.784Z] [PID: 27435] [32m[NODE-CRON][32m [33m[WARN][0m missed execution at Mon Jul 20 2026 06:35:00 GMT+0700 (Indochina Time)! Possible blocking IO or high CPU user at the same process used by node-cron.
[2026-07-19T23:51:15.784Z] [PID: 27435] [32m[NODE-CRON][32m [33m[WARN][0m missed execution at Mon Jul 20 2026 06:36:00 GMT+0700 (Indochina Time)! Possible blocking IO or high CPU user at the same process used by node-cron.
[2026-07-19T23:51:15.784Z] [PID: 27435] [32m[NODE-CRON][32m [33m[WARN][0m missed execution at Mon Jul 20 2026 06:37:00 GMT+0700 (Indochina Time)! Possible blocking IO or high CPU user at the same process used by node-cron.
[2026-07-19T23:51:15.784Z] [PID: 27435] [32m[NODE-CRON][32m [33m[WARN][0m missed execution at Mon Jul 20 2026 06:38:00 GMT+0700 (Indochina Time)! Possible blocking IO or high CPU user at the same process used by node-cron.
[2026-07-19T23:51:15.784Z] [PID: 27435] [32m[NODE-CRON][32m [33m[WARN][0m missed execution at Mon Jul 20 2026 06:39:00 GMT+0700 (Indochina Time)! Possible blocking IO or high CPU user at the same process used by node-cron.
[2026-07-19T23:51:15.784Z] [PID: 27435] [32m[NODE-CRON][32m [33m[WARN][0m missed execution at Mon Jul 20 2026 06:40:00 GMT+0700 (Indochina Time)! Possible blocking IO or high CPU user at the same process used by node-cron.
[2026-07-19T23:51:15.784Z] [PID: 27435] [32m[NODE-CRON][32m [33m[WARN][0m missed execution at Mon Jul 20 2026 06:41:00 GMT+0700 (Indochina Time)! Possible blocking IO or high CPU user at the same process used by node-cron.
[2026-07-19T23:51:15.784Z] [PID: 27435] [32m[NODE-CRON][32m [33m[WARN][0m missed execution at Mon Jul 20 2026 06:42:00 GMT+0700 (Indochina Time)! Possible blocking IO or high CPU user at the same process used by node-cron.
[2026-07-19T23:51:15.784Z] [PID: 27435] [32m[NODE-CRON][32m [33m[WARN][0m missed execution at Mon Jul 20 2026 06:43:00 GMT+0700 (Indochina Time)! Possible blocking IO or high CPU user at the same process used by node-cron.
[2026-07-19T23:51:15.784Z] [PID: 27435] [32m[NODE-CRON][32m [33m[WARN][0m missed execution at Mon Jul 20 2026 06:44:00 GMT+0700 (Indochina Time)! Possible blocking IO or high CPU user at the same process used by node-cron.
[2026-07-19T23:51:15.785Z] [PID: 27435] [32m[NODE-CRON][32m [33m[WARN][0m missed execution at Mon Jul 20 2026 06:45:00 GMT+0700 (Indochina Time)! Possible blocking IO or high CPU user at the same process used by node-cron.
[2026-07-19T23:51:15.785Z] [PID: 27435] [32m[NODE-CRON][32m [33m[WARN][0m missed execution at Mon Jul 20 2026 06:46:00 GMT+0700 (Indochina Time)! Possible blocking IO or high CPU user at the same process used by node-cron.
[2026-07-19T23:51:15.785Z] [PID: 27435] [32m[NODE-CRON][32m [33m[WARN][0m missed execution at Mon Jul 20 2026 06:47:00 GMT+0700 (Indochina Time)! Possible blocking IO or high CPU user at the same process used by node-cron.
[2026-07-19T23:51:15.785Z] [PID: 27435] [32m[NODE-CRON][32m [33m[WARN][0m missed execution at Mon Jul 20 2026 06:48:00 GMT+0700 (Indochina Time)! Possible blocking IO or high CPU user at the same process used by node-cron.
[2026-07-19T23:51:15.785Z] [PID: 27435] [32m[NODE-CRON][32m [33m[WARN][0m missed execution at Mon Jul 20 2026 06:49:00 GMT+0700 (Indochina Time)! Possible blocking IO or high CPU user at the same process used by node-cron.
[2026-07-19T23:51:15.785Z] [PID: 27435] [32m[NODE-CRON][32m [33m[WARN][0m missed execution at Mon Jul 20 2026 06:50:00 GMT+0700 (Indochina Time)! Possible blocking IO or high CPU user at the same process used by node-cron.
[2026-07-19T23:51:15.785Z] [PID: 27435] [32m[NODE-CRON][32m [33m[WARN][0m missed execution at Mon Jul 20 2026 06:51:00 GMT+0700 (Indochina Time)! Possible blocking IO or high CPU user at the same process used by node-cron.
[2026-07-20T00:08:40.789Z] [PID: 27435] [32m[NODE-CRON][32m [33m[WARN][0m missed execution at Mon Jul 20 2026 06:52:00 GMT+0700 (Indochina Time)! Possible blocking IO or high CPU user at the same process used by node-cron.
[2026-07-20T00:08:40.789Z] [PID: 27435] [32m[NODE-CRON][32m [33m[WARN][0m missed execution at Mon Jul 20 2026 06:53:00 GMT+0700 (Indochina Time)! Possible blocking IO or high CPU user at the same process used by node-cron.
[2026-07-20T00:08:40.789Z] [PID: 27435] [32m[NODE-CRON][32m [33m[WARN][0m missed execution at Mon Jul 20 2026 06:54:00 GMT+0700 (Indochina Time)! Possible blocking IO or high CPU user at the same process used by node-cron.
[2026-07-20T00:08:40.789Z] [PID: 27435] [32m[NODE-CRON][32m [33m[WARN][0m missed execution at Mon Jul 20 2026 06:55:00 GMT+0700 (Indochina Time)! Possible blocking IO or high CPU user at the same process used by node-cron.
[2026-07-20T00:08:40.789Z] [PID: 27435] [32m[NODE-CRON][32m [33m[WARN][0m missed execution at Mon Jul 20 2026 06:56:00 GMT+0700 (Indochina Time)! Possible blocking IO or high CPU user at the same process used by node-cron.
[2026-07-20T00:08:40.789Z] [PID: 27435] [32m[NODE-CRON][32m [33m[WARN][0m missed execution at Mon Jul 20 2026 06:57:00 GMT+0700 (Indochina Time)! Possible blocking IO or high CPU user at the same process used by node-cron.
[2026-07-20T00:08:40.789Z] [PID: 27435] [32m[NODE-CRON][32m [33m[WARN][0m missed execution at Mon Jul 20 2026 06:58:00 GMT+0700 (Indochina Time)! Possible blocking IO or high CPU user at the same process used by node-cron.
[2026-07-20T00:08:40.789Z] [PID: 27435] [32m[NODE-CRON][32m [33m[WARN][0m missed execution at Mon Jul 20 2026 06:59:00 GMT+0700 (Indochina Time)! Possible blocking IO or high CPU user at the same process used by node-cron.
[2026-07-20T00:08:40.789Z] [PID: 27435] [32m[NODE-CRON][32m [33m[WARN][0m missed execution at Mon Jul 20 2026 07:00:00 GMT+0700 (Indochina Time)! Possible blocking IO or high CPU user at the same process used by node-cron.
[2026-07-20T00:08:40.789Z] [PID: 27435] [32m[NODE-CRON][32m [33m[WARN][0m missed execution at Mon Jul 20 2026 07:01:00 GMT+0700 (Indochina Time)! Possible blocking IO or high CPU user at the same process used by node-cron.
[2026-07-20T00:08:40.789Z] [PID: 27435] [32m[NODE-CRON][32m [33m[WARN][0m missed execution at Mon Jul 20 2026 07:02:00 GMT+0700 (Indochina Time)! Possible blocking IO or high CPU user at the same process used by node-cron.
[2026-07-20T00:08:40.790Z] [PID: 27435] [32m[NODE-CRON][32m [33m[WARN][0m missed execution at Mon Jul 20 2026 07:03:00 GMT+0700 (Indochina Time)! Possible blocking IO or high CPU user at the same process used by node-cron.
[2026-07-20T00:08:40.790Z] [PID: 27435] [32m[NODE-CRON][32m [33m[WARN][0m missed execution at Mon Jul 20 2026 07:04:00 GMT+0700 (Indochina Time)! Possible blocking IO or high CPU user at the same process used by node-cron.
[2026-07-20T00:08:40.790Z] [PID: 27435] [32m[NODE-CRON][32m [33m[WARN][0m missed execution at Mon Jul 20 2026 07:05:00 GMT+0700 (Indochina Time)! Possible blocking IO or high CPU user at the same process used by node-cron.
[2026-07-20T00:08:40.790Z] [PID: 27435] [32m[NODE-CRON][32m [33m[WARN][0m missed execution at Mon Jul 20 2026 07:06:00 GMT+0700 (Indochina Time)! Possible blocking IO or high CPU user at the same process used by node-cron.
[2026-07-20T00:08:40.790Z] [PID: 27435] [32m[NODE-CRON][32m [33m[WARN][0m missed execution at Mon Jul 20 2026 07:07:00 GMT+0700 (Indochina Time)! Possible blocking IO or high CPU user at the same process used by node-cron.
[2026-07-20T00:08:40.790Z] [PID: 27435] [32m[NODE-CRON][32m [33m[WARN][0m missed execution at Mon Jul 20 2026 07:08:00 GMT+0700 (Indochina Time)! Possible blocking IO or high CPU user at the same process used by node-cron.
[2026-07-20T00:11:24.469Z] [PID: 27435] [32m[NODE-CRON][32m [33m[WARN][0m missed execution at Mon Jul 20 2026 07:09:00 GMT+0700 (Indochina Time)! Possible blocking IO or high CPU user at the same process used by node-cron.
[2026-07-20T00:11:24.470Z] [PID: 27435] [32m[NODE-CRON][32m [33m[WARN][0m missed execution at Mon Jul 20 2026 07:10:00 GMT+0700 (Indochina Time)! Possible blocking IO or high CPU user at the same process used by node-cron.
[2026-07-20T00:11:24.470Z] [PID: 27435] [32m[NODE-CRON][32m [33m[WARN][0m missed execution at Mon Jul 20 2026 07:11:00 GMT+0700 (Indochina Time)! Possible blocking IO or high CPU user at the same process used by node-cron.
[2026-07-20T00:29:16.790Z] [PID: 27435] [32m[NODE-CRON][32m [33m[WARN][0m missed execution at Mon Jul 20 2026 07:12:00 GMT+0700 (Indochina Time)! Possible blocking IO or high CPU user at the same process used by node-cron.
[2026-07-20T00:29:16.790Z] [PID: 27435] [32m[NODE-CRON][32m [33m[WARN][0m missed execution at Mon Jul 20 2026 07:13:00 GMT+0700 (Indochina Time)! Possible blocking IO or high CPU user at the same process used by node-cron.
[2026-07-20T00:29:16.790Z] [PID: 27435] [32m[NODE-CRON][32m [33m[WARN][0m missed execution at Mon Jul 20 2026 07:14:00 GMT+0700 (Indochina Time)! Possible blocking IO or high CPU user at the same process used by node-cron.
[2026-07-20T00:29:16.790Z] [PID: 27435] [32m[NODE-CRON][32m [33m[WARN][0m missed execution at Mon Jul 20 2026 07:15:00 GMT+0700 (Indochina Time)! Possible blocking IO or high CPU user at the same process used by node-cron.
[2026-07-20T00:29:16.790Z] [PID: 27435] [32m[NODE-CRON][32m [33m[WARN][0m missed execution at Mon Jul 20 2026 07:16:00 GMT+0700 (Indochina Time)! Possible blocking IO or high CPU user at the same process used by node-cron.
[2026-07-20T00:29:16.790Z] [PID: 27435] [32m[NODE-CRON][32m [33m[WARN][0m missed execution at Mon Jul 20 2026 07:17:00 GMT+0700 (Indochina Time)! Possible blocking IO or high CPU user at the same process used by node-cron.
[2026-07-20T00:29:16.790Z] [PID: 27435] [32m[NODE-CRON][32m [33m[WARN][0m missed execution at Mon Jul 20 2026 07:18:00 GMT+0700 (Indochina Time)! Possible blocking IO or high CPU user at the same process used by node-cron.
[2026-07-20T00:29:16.790Z] [PID: 27435] [32m[NODE-CRON][32m [33m[WARN][0m missed execution at Mon Jul 20 2026 07:19:00 GMT+0700 (Indochina Time)! Possible blocking IO or high CPU user at the same process used by node-cron.
[2026-07-20T00:29:16.790Z] [PID: 27435] [32m[NODE-CRON][32m [33m[WARN][0m missed execution at Mon Jul 20 2026 07:20:00 GMT+0700 (Indochina Time)! Possible blocking IO or high CPU user at the same process used by node-cron.
[2026-07-20T00:29:16.790Z] [PID: 27435] [32m[NODE-CRON][32m [33m[WARN][0m missed execution at Mon Jul 20 2026 07:21:00 GMT+0700 (Indochina Time)! Possible blocking IO or high CPU user at the same process used by node-cron.
[2026-07-20T00:29:16.790Z] [PID: 27435] [32m[NODE-CRON][32m [33m[WARN][0m missed execution at Mon Jul 20 2026 07:22:00 GMT+0700 (Indochina Time)! Possible blocking IO or high CPU user at the same process used by node-cron.
[2026-07-20T00:29:16.790Z] [PID: 27435] [32m[NODE-CRON][32m [33m[WARN][0m missed execution at Mon Jul 20 2026 07:23:00 GMT+0700 (Indochina Time)! Possible blocking IO or high CPU user at the same process used by node-cron.
[2026-07-20T00:29:16.790Z] [PID: 27435] [32m[NODE-CRON][32m [33m[WARN][0m missed execution at Mon Jul 20 2026 07:24:00 GMT+0700 (Indochina Time)! Possible blocking IO or high CPU user at the same process used by node-cron.
[2026-07-20T00:29:16.790Z] [PID: 27435] [32m[NODE-CRON][32m [33m[WARN][0m missed execution at Mon Jul 20 2026 07:25:00 GMT+0700 (Indochina Time)! Possible blocking IO or high CPU user at the same process used by node-cron.
[2026-07-20T00:29:16.790Z] [PID: 27435] [32m[NODE-CRON][32m [33m[WARN][0m missed execution at Mon Jul 20 2026 07:26:00 GMT+0700 (Indochina Time)! Possible blocking IO or high CPU user at the same process used by node-cron.
[2026-07-20T00:29:16.790Z] [PID: 27435] [32m[NODE-CRON][32m [33m[WARN][0m missed execution at Mon Jul 20 2026 07:27:00 GMT+0700 (Indochina Time)! Possible blocking IO or high CPU user at the same process used by node-cron.
[2026-07-20T00:29:16.790Z] [PID: 27435] [32m[NODE-CRON][32m [33m[WARN][0m missed execution at Mon Jul 20 2026 07:28:00 GMT+0700 (Indochina Time)! Possible blocking IO or high CPU user at the same process used by node-cron.
[2026-07-20T00:29:16.790Z] [PID: 27435] [32m[NODE-CRON][32m [33m[WARN][0m missed execution at Mon Jul 20 2026 07:29:00 GMT+0700 (Indochina Time)! Possible blocking IO or high CPU user at the same process used by node-cron.
[2026-07-20T00:45:10.478Z] [PID: 27435] [32m[NODE-CRON][32m [33m[WARN][0m missed execution at Mon Jul 20 2026 07:30:00 GMT+0700 (Indochina Time)! Possible blocking IO or high CPU user at the same process used by node-cron.
[2026-07-20T00:45:10.479Z] [PID: 27435] [32m[NODE-CRON][32m [33m[WARN][0m missed execution at Mon Jul 20 2026 07:31:00 GMT+0700 (Indochina Time)! Possible blocking IO or high CPU user at the same process used by node-cron.
[2026-07-20T00:45:10.479Z] [PID: 27435] [32m[NODE-CRON][32m [33m[WARN][0m missed execution at Mon Jul 20 2026 07:32:00 GMT+0700 (Indochina Time)! Possible blocking IO or high CPU user at the same process used by node-cron.
[2026-07-20T00:45:10.479Z] [PID: 27435] [32m[NODE-CRON][32m [33m[WARN][0m missed execution at Mon Jul 20 2026 07:33:00 GMT+0700 (Indochina Time)! Possible blocking IO or high CPU user at the same process used by node-cron.
[2026-07-20T00:45:10.479Z] [PID: 27435] [32m[NODE-CRON][32m [33m[WARN][0m missed execution at Mon Jul 20 2026 07:34:00 GMT+0700 (Indochina Time)! Possible blocking IO or high CPU user at the same process used by node-cron.
[2026-07-20T00:45:10.479Z] [PID: 27435] [32m[NODE-CRON][32m [33m[WARN][0m missed execution at Mon Jul 20 2026 07:35:00 GMT+0700 (Indochina Time)! Possible blocking IO or high CPU user at the same process used by node-cron.
[2026-07-20T00:45:10.480Z] [PID: 27435] [32m[NODE-CRON][32m [33m[WARN][0m missed execution at Mon Jul 20 2026 07:36:00 GMT+0700 (Indochina Time)! Possible blocking IO or high CPU user at the same process used by node-cron.
[2026-07-20T00:45:10.480Z] [PID: 27435] [32m[NODE-CRON][32m [33m[WARN][0m missed execution at Mon Jul 20 2026 07:37:00 GMT+0700 (Indochina Time)! Possible blocking IO or high CPU user at the same process used by node-cron.
[2026-07-20T00:45:10.480Z] [PID: 27435] [32m[NODE-CRON][32m [33m[WARN][0m missed execution at Mon Jul 20 2026 07:38:00 GMT+0700 (Indochina Time)! Possible blocking IO or high CPU user at the same process used by node-cron.
[2026-07-20T00:45:10.480Z] [PID: 27435] [32m[NODE-CRON][32m [33m[WARN][0m missed execution at Mon Jul 20 2026 07:39:00 GMT+0700 (Indochina Time)! Possible blocking IO or high CPU user at the same process used by node-cron.
[2026-07-20T00:45:10.480Z] [PID: 27435] [32m[NODE-CRON][32m [33m[WARN][0m missed execution at Mon Jul 20 2026 07:40:00 GMT+0700 (Indochina Time)! Possible blocking IO or high CPU user at the same process used by node-cron.
[2026-07-20T00:45:10.480Z] [PID: 27435] [32m[NODE-CRON][32m [33m[WARN][0m missed execution at Mon Jul 20 2026 07:41:00 GMT+0700 (Indochina Time)! Possible blocking IO or high CPU user at the same process used by node-cron.
[2026-07-20T00:45:10.480Z] [PID: 27435] [32m[NODE-CRON][32m [33m[WARN][0m missed execution at Mon Jul 20 2026 07:42:00 GMT+0700 (Indochina Time)! Possible blocking IO or high CPU user at the same process used by node-cron.
[2026-07-20T00:45:10.480Z] [PID: 27435] [32m[NODE-CRON][32m [33m[WARN][0m missed execution at Mon Jul 20 2026 07:43:00 GMT+0700 (Indochina Time)! Possible blocking IO or high CPU user at the same process used by node-cron.
[2026-07-20T00:45:10.481Z] [PID: 27435] [32m[NODE-CRON][32m [33m[WARN][0m missed execution at Mon Jul 20 2026 07:44:00 GMT+0700 (Indochina Time)! Possible blocking IO or high CPU user at the same process used by node-cron.
[2026-07-20T00:45:10.481Z] [PID: 27435] [32m[NODE-CRON][32m [33m[WARN][0m missed execution at Mon Jul 20 2026 07:45:00 GMT+0700 (Indochina Time)! Possible blocking IO or high CPU user at the same process used by node-cron.
[2026-07-20T01:00:44.820Z] [PID: 27435] [32m[NODE-CRON][32m [33m[WARN][0m missed execution at Mon Jul 20 2026 07:46:00 GMT+0700 (Indochina Time)! Possible blocking IO or high CPU user at the same process used by node-cron.
[2026-07-20T01:00:44.820Z] [PID: 27435] [32m[NODE-CRON][32m [33m[WARN][0m missed execution at Mon Jul 20 2026 07:47:00 GMT+0700 (Indochina Time)! Possible blocking IO or high CPU user at the same process used by node-cron.
[2026-07-20T01:00:44.820Z] [PID: 27435] [32m[NODE-CRON][32m [33m[WARN][0m missed execution at Mon Jul 20 2026 07:48:00 GMT+0700 (Indochina Time)! Possible blocking IO or high CPU user at the same process used by node-cron.
[2026-07-20T01:00:44.820Z] [PID: 27435] [32m[NODE-CRON][32m [33m[WARN][0m missed execution at Mon Jul 20 2026 07:49:00 GMT+0700 (Indochina Time)! Possible blocking IO or high CPU user at the same process used by node-cron.
[2026-07-20T01:00:44.820Z] [PID: 27435] [32m[NODE-CRON][32m [33m[WARN][0m missed execution at Mon Jul 20 2026 07:50:00 GMT+0700 (Indochina Time)! Possible blocking IO or high CPU user at the same process used by node-cron.
[2026-07-20T01:00:44.820Z] [PID: 27435] [32m[NODE-CRON][32m [33m[WARN][0m missed execution at Mon Jul 20 2026 07:51:00 GMT+0700 (Indochina Time)! Possible blocking IO or high CPU user at the same process used by node-cron.
[2026-07-20T01:00:44.820Z] [PID: 27435] [32m[NODE-CRON][32m [33m[WARN][0m missed execution at Mon Jul 20 2026 07:52:00 GMT+0700 (Indochina Time)! Possible blocking IO or high CPU user at the same process used by node-cron.
[2026-07-20T01:00:44.820Z] [PID: 27435] [32m[NODE-CRON][32m [33m[WARN][0m missed execution at Mon Jul 20 2026 07:53:00 GMT+0700 (Indochina Time)! Possible blocking IO or high CPU user at the same process used by node-cron.
[2026-07-20T01:00:44.820Z] [PID: 27435] [32m[NODE-CRON][32m [33m[WARN][0m missed execution at Mon Jul 20 2026 07:54:00 GMT+0700 (Indochina Time)! Possible blocking IO or high CPU user at the same process used by node-cron.
[2026-07-20T01:00:44.820Z] [PID: 27435] [32m[NODE-CRON][32m [33m[WARN][0m missed execution at Mon Jul 20 2026 07:55:00 GMT+0700 (Indochina Time)! Possible blocking IO or high CPU user at the same process used by node-cron.
[2026-07-20T01:00:44.820Z] [PID: 27435] [32m[NODE-CRON][32m [33m[WARN][0m missed execution at Mon Jul 20 2026 07:56:00 GMT+0700 (Indochina Time)! Possible blocking IO or high CPU user at the same process used by node-cron.
[2026-07-20T01:00:44.828Z] [PID: 27435] [32m[NODE-CRON][32m [33m[WARN][0m missed execution at Mon Jul 20 2026 07:57:00 GMT+0700 (Indochina Time)! Possible blocking IO or high CPU user at the same process used by node-cron.
[2026-07-20T01:00:44.828Z] [PID: 27435] [32m[NODE-CRON][32m [33m[WARN][0m missed execution at Mon Jul 20 2026 07:58:00 GMT+0700 (Indochina Time)! Possible blocking IO or high CPU user at the same process used by node-cron.
[2026-07-20T01:00:44.828Z] [PID: 27435] [32m[NODE-CRON][32m [33m[WARN][0m missed execution at Mon Jul 20 2026 07:59:00 GMT+0700 (Indochina Time)! Possible blocking IO or high CPU user at the same process used by node-cron.
[2026-07-20T01:00:44.828Z] [PID: 27435] [32m[NODE-CRON][32m [33m[WARN][0m missed execution at Mon Jul 20 2026 08:00:00 GMT+0700 (Indochina Time)! Possible blocking IO or high CPU user at the same process used by node-cron.
[2026-07-20T01:02:04.549Z] [PID: 27435] [32m[NODE-CRON][32m [33m[WARN][0m missed execution at Mon Jul 20 2026 08:01:00 GMT+0700 (Indochina Time)! Possible blocking IO or high CPU user at the same process used by node-cron.
[2026-07-20T01:02:04.551Z] [PID: 27435] [32m[NODE-CRON][32m [33m[WARN][0m missed execution at Mon Jul 20 2026 08:02:00 GMT+0700 (Indochina Time)! Possible blocking IO or high CPU user at the same process used by node-cron.
[2026-07-20T01:03:03.277Z] [PID: 27435] [32m[NODE-CRON][32m [33m[WARN][0m missed execution at Mon Jul 20 2026 08:03:00 GMT+0700 (Indochina Time)! Possible blocking IO or high CPU user at the same process used by node-cron.
[2026-07-20T01:04:17.923Z] [PID: 27435] [32m[NODE-CRON][32m [33m[WARN][0m missed execution at Mon Jul 20 2026 08:04:00 GMT+0700 (Indochina Time)! Possible blocking IO or high CPU user at the same process used by node-cron.
[2026-07-20T01:20:11.426Z] [PID: 27435] [32m[NODE-CRON][32m [33m[WARN][0m missed execution at Mon Jul 20 2026 08:05:00 GMT+0700 (Indochina Time)! Possible blocking IO or high CPU user at the same process used by node-cron.
[2026-07-20T01:20:11.427Z] [PID: 27435] [32m[NODE-CRON][32m [33m[WARN][0m missed execution at Mon Jul 20 2026 08:06:00 GMT+0700 (Indochina Time)! Possible blocking IO or high CPU user at the same process used by node-cron.
[2026-07-20T01:20:11.427Z] [PID: 27435] [32m[NODE-CRON][32m [33m[WARN][0m missed execution at Mon Jul 20 2026 08:07:00 GMT+0700 (Indochina Time)! Possible blocking IO or high CPU user at the same process used by node-cron.
[2026-07-20T01:20:11.427Z] [PID: 27435] [32m[NODE-CRON][32m [33m[WARN][0m missed execution at Mon Jul 20 2026 08:08:00 GMT+0700 (Indochina Time)! Possible blocking IO or high CPU user at the same process used by node-cron.
[2026-07-20T01:20:11.427Z] [PID: 27435] [32m[NODE-CRON][32m [33m[WARN][0m missed execution at Mon Jul 20 2026 08:09:00 GMT+0700 (Indochina Time)! Possible blocking IO or high CPU user at the same process used by node-cron.
[2026-07-20T01:20:11.427Z] [PID: 27435] [32m[NODE-CRON][32m [33m[WARN][0m missed execution at Mon Jul 20 2026 08:10:00 GMT+0700 (Indochina Time)! Possible blocking IO or high CPU user at the same process used by node-cron.
[2026-07-20T01:20:11.427Z] [PID: 27435] [32m[NODE-CRON][32m [33m[WARN][0m missed execution at Mon Jul 20 2026 08:11:00 GMT+0700 (Indochina Time)! Possible blocking IO or high CPU user at the same process used by node-cron.
[2026-07-20T01:20:11.427Z] [PID: 27435] [32m[NODE-CRON][32m [33m[WARN][0m missed execution at Mon Jul 20 2026 08:12:00 GMT+0700 (Indochina Time)! Possible blocking IO or high CPU user at the same process used by node-cron.
[2026-07-20T01:20:11.427Z] [PID: 27435] [32m[NODE-CRON][32m [33m[WARN][0m missed execution at Mon Jul 20 2026 08:13:00 GMT+0700 (Indochina Time)! Possible blocking IO or high CPU user at the same process used by node-cron.
[2026-07-20T01:20:11.428Z] [PID: 27435] [32m[NODE-CRON][32m [33m[WARN][0m missed execution at Mon Jul 20 2026 08:14:00 GMT+0700 (Indochina Time)! Possible blocking IO or high CPU user at the same process used by node-cron.
[2026-07-20T01:20:11.430Z] [PID: 27435] [32m[NODE-CRON][32m [33m[WARN][0m missed execution at Mon Jul 20 2026 08:15:00 GMT+0700 (Indochina Time)! Possible blocking IO or high CPU user at the same process used by node-cron.
[2026-07-20T01:20:11.430Z] [PID: 27435] [32m[NODE-CRON][32m [33m[WARN][0m missed execution at Mon Jul 20 2026 08:16:00 GMT+0700 (Indochina Time)! Possible blocking IO or high CPU user at the same process used by node-cron.
[2026-07-20T01:20:11.430Z] [PID: 27435] [32m[NODE-CRON][32m [33m[WARN][0m missed execution at Mon Jul 20 2026 08:17:00 GMT+0700 (Indochina Time)! Possible blocking IO or high CPU user at the same process used by node-cron.
[2026-07-20T01:20:11.430Z] [PID: 27435] [32m[NODE-CRON][32m [33m[WARN][0m missed execution at Mon Jul 20 2026 08:18:00 GMT+0700 (Indochina Time)! Possible blocking IO or high CPU user at the same process used by node-cron.
[2026-07-20T01:20:11.430Z] [PID: 27435] [32m[NODE-CRON][32m [33m[WARN][0m missed execution at Mon Jul 20 2026 08:19:00 GMT+0700 (Indochina Time)! Possible blocking IO or high CPU user at the same process used by node-cron.
[2026-07-20T01:20:11.430Z] [PID: 27435] [32m[NODE-CRON][32m [33m[WARN][0m missed execution at Mon Jul 20 2026 08:20:00 GMT+0700 (Indochina Time)! Possible blocking IO or high CPU user at the same process used by node-cron.
[2026-07-20T01:26:03.248Z] [PID: 27435] [32m[NODE-CRON][32m [33m[WARN][0m missed execution at Mon Jul 20 2026 08:21:00 GMT+0700 (Indochina Time)! Possible blocking IO or high CPU user at the same process used by node-cron.
[2026-07-20T01:26:03.248Z] [PID: 27435] [32m[NODE-CRON][32m [33m[WARN][0m missed execution at Mon Jul 20 2026 08:22:00 GMT+0700 (Indochina Time)! Possible blocking IO or high CPU user at the same process used by node-cron.
[2026-07-20T01:26:03.249Z] [PID: 27435] [32m[NODE-CRON][32m [33m[WARN][0m missed execution at Mon Jul 20 2026 08:23:00 GMT+0700 (Indochina Time)! Possible blocking IO or high CPU user at the same process used by node-cron.
[2026-07-20T01:26:03.249Z] [PID: 27435] [32m[NODE-CRON][32m [33m[WARN][0m missed execution at Mon Jul 20 2026 08:24:00 GMT+0700 (Indochina Time)! Possible blocking IO or high CPU user at the same process used by node-cron.
[2026-07-20T01:26:03.249Z] [PID: 27435] [32m[NODE-CRON][32m [33m[WARN][0m missed execution at Mon Jul 20 2026 08:25:00 GMT+0700 (Indochina Time)! Possible blocking IO or high CPU user at the same process used by node-cron.
[2026-07-20T01:26:03.249Z] [PID: 27435] [32m[NODE-CRON][32m [33m[WARN][0m missed execution at Mon Jul 20 2026 08:26:00 GMT+0700 (Indochina Time)! Possible blocking IO or high CPU user at the same process used by node-cron.
[2026-07-20T01:36:22.556Z] [PID: 27435] [32m[NODE-CRON][32m [33m[WARN][0m missed execution at Mon Jul 20 2026 08:27:00 GMT+0700 (Indochina Time)! Possible blocking IO or high CPU user at the same process used by node-cron.
[2026-07-20T01:36:22.632Z] [PID: 27435] [32m[NODE-CRON][32m [33m[WARN][0m missed execution at Mon Jul 20 2026 08:28:00 GMT+0700 (Indochina Time)! Possible blocking IO or high CPU user at the same process used by node-cron.
[2026-07-20T01:36:22.633Z] [PID: 27435] [32m[NODE-CRON][32m [33m[WARN][0m missed execution at Mon Jul 20 2026 08:29:00 GMT+0700 (Indochina Time)! Possible blocking IO or high CPU user at the same process used by node-cron.
[2026-07-20T01:36:22.633Z] [PID: 27435] [32m[NODE-CRON][32m [33m[WARN][0m missed execution at Mon Jul 20 2026 08:30:00 GMT+0700 (Indochina Time)! Possible blocking IO or high CPU user at the same process used by node-cron.
[2026-07-20T01:36:22.634Z] [PID: 27435] [32m[NODE-CRON][32m [33m[WARN][0m missed execution at Mon Jul 20 2026 08:31:00 GMT+0700 (Indochina Time)! Possible blocking IO or high CPU user at the same process used by node-cron.
[2026-07-20T01:36:22.634Z] [PID: 27435] [32m[NODE-CRON][32m [33m[WARN][0m missed execution at Mon Jul 20 2026 08:32:00 GMT+0700 (Indochina Time)! Possible blocking IO or high CPU user at the same process used by node-cron.
[2026-07-20T01:36:22.634Z] [PID: 27435] [32m[NODE-CRON][32m [33m[WARN][0m missed execution at Mon Jul 20 2026 08:33:00 GMT+0700 (Indochina Time)! Possible blocking IO or high CPU user at the same process used by node-cron.
[2026-07-20T01:36:22.634Z] [PID: 27435] [32m[NODE-CRON][32m [33m[WARN][0m missed execution at Mon Jul 20 2026 08:34:00 GMT+0700 (Indochina Time)! Possible blocking IO or high CPU user at the same process used by node-cron.
[2026-07-20T01:36:22.634Z] [PID: 27435] [32m[NODE-CRON][32m [33m[WARN][0m missed execution at Mon Jul 20 2026 08:35:00 GMT+0700 (Indochina Time)! Possible blocking IO or high CPU user at the same process used by node-cron.
[2026-07-20T01:36:22.634Z] [PID: 27435] [32m[NODE-CRON][32m [33m[WARN][0m missed execution at Mon Jul 20 2026 08:36:00 GMT+0700 (Indochina Time)! Possible blocking IO or high CPU user at the same process used by node-cron.
[2026-07-20T01:37:30.949Z] [PID: 27435] [32m[NODE-CRON][32m [33m[WARN][0m missed execution at Mon Jul 20 2026 08:37:00 GMT+0700 (Indochina Time)! Possible blocking IO or high CPU user at the same process used by node-cron.
[2026-07-20T01:42:31.818Z] [PID: 27435] [32m[NODE-CRON][32m [33m[WARN][0m missed execution at Mon Jul 20 2026 08:38:00 GMT+0700 (Indochina Time)! Possible blocking IO or high CPU user at the same process used by node-cron.
[2026-07-20T01:42:31.819Z] [PID: 27435] [32m[NODE-CRON][32m [33m[WARN][0m missed execution at Mon Jul 20 2026 08:39:00 GMT+0700 (Indochina Time)! Possible blocking IO or high CPU user at the same process used by node-cron.
[2026-07-20T01:42:31.819Z] [PID: 27435] [32m[NODE-CRON][32m [33m[WARN][0m missed execution at Mon Jul 20 2026 08:40:00 GMT+0700 (Indochina Time)! Possible blocking IO or high CPU user at the same process used by node-cron.
[2026-07-20T01:42:31.819Z] [PID: 27435] [32m[NODE-CRON][32m [33m[WARN][0m missed execution at Mon Jul 20 2026 08:41:00 GMT+0700 (Indochina Time)! Possible blocking IO or high CPU user at the same process used by node-cron.
[2026-07-20T01:42:31.819Z] [PID: 27435] [32m[NODE-CRON][32m [33m[WARN][0m missed execution at Mon Jul 20 2026 08:42:00 GMT+0700 (Indochina Time)! Possible blocking IO or high CPU user at the same process used by node-cron.
CronService: Đã tự động sinh kết quả ngẫu nhiên cho kỳ quay #0802
CronService: Lỗi xử lý cron VersionError: No matching document found for id "6a5d7388c053f79020144773" version 0 modifiedPaths "winningNumbers, status"
    at generateVersionError (/Users/luannguyen/Documents/git/vuaxoso/backend/node_modules/mongoose/lib/model.js:596:10)
    at model.save (/Users/luannguyen/Documents/git/vuaxoso/backend/node_modules/mongoose/lib/model.js:658:30)
    at /Users/luannguyen/Documents/git/vuaxoso/backend/src/services/cronService.ts:60:20
    at processTicksAndRejections (node:internal/process/task_queues:95:5)
    at async execute (/Users/luannguyen/Documents/git/vuaxoso/backend/node_modules/node-cron/src/scheduler/runner.ts:194:26)
    at async runTask (/Users/luannguyen/Documents/git/vuaxoso/backend/node_modules/node-cron/src/scheduler/runner.ts:237:9)
    at async Runner.runCoordinated (/Users/luannguyen/Documents/git/vuaxoso/backend/node_modules/node-cron/src/scheduler/runner.ts:125:7)
    at async /Users/luannguyen/Documents/git/vuaxoso/backend/node_modules/node-cron/src/scheduler/runner.ts:275:13 {
  version: 0,
  modifiedPaths: [ 'winningNumbers', 'status' ]
}
[2026-07-20T01:44:20.727Z] [PID: 27435] [32m[NODE-CRON][32m [33m[WARN][0m missed execution at Mon Jul 20 2026 08:44:00 GMT+0700 (Indochina Time)! Possible blocking IO or high CPU user at the same process used by node-cron.
[2026-07-20T02:01:17.250Z] [PID: 27435] [32m[NODE-CRON][32m [33m[WARN][0m missed execution at Mon Jul 20 2026 08:45:00 GMT+0700 (Indochina Time)! Possible blocking IO or high CPU user at the same process used by node-cron.
[2026-07-20T02:01:17.251Z] [PID: 27435] [32m[NODE-CRON][32m [33m[WARN][0m missed execution at Mon Jul 20 2026 08:46:00 GMT+0700 (Indochina Time)! Possible blocking IO or high CPU user at the same process used by node-cron.
[2026-07-20T02:01:17.251Z] [PID: 27435] [32m[NODE-CRON][32m [33m[WARN][0m missed execution at Mon Jul 20 2026 08:47:00 GMT+0700 (Indochina Time)! Possible blocking IO or high CPU user at the same process used by node-cron.
[2026-07-20T02:01:17.251Z] [PID: 27435] [32m[NODE-CRON][32m [33m[WARN][0m missed execution at Mon Jul 20 2026 08:48:00 GMT+0700 (Indochina Time)! Possible blocking IO or high CPU user at the same process used by node-cron.
[2026-07-20T02:01:17.251Z] [PID: 27435] [32m[NODE-CRON][32m [33m[WARN][0m missed execution at Mon Jul 20 2026 08:49:00 GMT+0700 (Indochina Time)! Possible blocking IO or high CPU user at the same process used by node-cron.
[2026-07-20T02:01:17.251Z] [PID: 27435] [32m[NODE-CRON][32m [33m[WARN][0m missed execution at Mon Jul 20 2026 08:50:00 GMT+0700 (Indochina Time)! Possible blocking IO or high CPU user at the same process used by node-cron.
[2026-07-20T02:01:17.251Z] [PID: 27435] [32m[NODE-CRON][32m [33m[WARN][0m missed execution at Mon Jul 20 2026 08:51:00 GMT+0700 (Indochina Time)! Possible blocking IO or high CPU user at the same process used by node-cron.
[2026-07-20T02:01:17.251Z] [PID: 27435] [32m[NODE-CRON][32m [33m[WARN][0m missed execution at Mon Jul 20 2026 08:52:00 GMT+0700 (Indochina Time)! Possible blocking IO or high CPU user at the same process used by node-cron.
[2026-07-20T02:01:17.251Z] [PID: 27435] [32m[NODE-CRON][32m [33m[WARN][0m missed execution at Mon Jul 20 2026 08:53:00 GMT+0700 (Indochina Time)! Possible blocking IO or high CPU user at the same process used by node-cron.
[2026-07-20T02:01:17.251Z] [PID: 27435] [32m[NODE-CRON][32m [33m[WARN][0m missed execution at Mon Jul 20 2026 08:54:00 GMT+0700 (Indochina Time)! Possible blocking IO or high CPU user at the same process used by node-cron.
[2026-07-20T02:01:17.252Z] [PID: 27435] [32m[NODE-CRON][32m [33m[WARN][0m missed execution at Mon Jul 20 2026 08:55:00 GMT+0700 (Indochina Time)! Possible blocking IO or high CPU user at the same process used by node-cron.
[2026-07-20T02:01:17.252Z] [PID: 27435] [32m[NODE-CRON][32m [33m[WARN][0m missed execution at Mon Jul 20 2026 08:56:00 GMT+0700 (Indochina Time)! Possible blocking IO or high CPU user at the same process used by node-cron.
[2026-07-20T02:01:17.252Z] [PID: 27435] [32m[NODE-CRON][32m [33m[WARN][0m missed execution at Mon Jul 20 2026 08:57:00 GMT+0700 (Indochina Time)! Possible blocking IO or high CPU user at the same process used by node-cron.
[2026-07-20T02:01:17.252Z] [PID: 27435] [32m[NODE-CRON][32m [33m[WARN][0m missed execution at Mon Jul 20 2026 08:58:00 GMT+0700 (Indochina Time)! Possible blocking IO or high CPU user at the same process used by node-cron.
[2026-07-20T02:01:17.252Z] [PID: 27435] [32m[NODE-CRON][32m [33m[WARN][0m missed execution at Mon Jul 20 2026 08:59:00 GMT+0700 (Indochina Time)! Possible blocking IO or high CPU user at the same process used by node-cron.
[2026-07-20T02:01:17.252Z] [PID: 27435] [32m[NODE-CRON][32m [33m[WARN][0m missed execution at Mon Jul 20 2026 09:00:00 GMT+0700 (Indochina Time)! Possible blocking IO or high CPU user at the same process used by node-cron.
[2026-07-20T02:01:17.252Z] [PID: 27435] [32m[NODE-CRON][32m [33m[WARN][0m missed execution at Mon Jul 20 2026 09:01:00 GMT+0700 (Indochina Time)! Possible blocking IO or high CPU user at the same process used by node-cron.
[2026-07-20T02:02:59.701Z] [PID: 27435] [32m[NODE-CRON][32m [33m[WARN][0m missed execution at Mon Jul 20 2026 09:02:00 GMT+0700 (Indochina Time)! Possible blocking IO or high CPU user at the same process used by node-cron.
[2026-07-20T02:20:22.697Z] [PID: 27435] [32m[NODE-CRON][32m [33m[WARN][0m missed execution at Mon Jul 20 2026 09:04:00 GMT+0700 (Indochina Time)! Possible blocking IO or high CPU user at the same process used by node-cron.
[2026-07-20T02:20:22.698Z] [PID: 27435] [32m[NODE-CRON][32m [33m[WARN][0m missed execution at Mon Jul 20 2026 09:05:00 GMT+0700 (Indochina Time)! Possible blocking IO or high CPU user at the same process used by node-cron.
[2026-07-20T02:20:22.698Z] [PID: 27435] [32m[NODE-CRON][32m [33m[WARN][0m missed execution at Mon Jul 20 2026 09:06:00 GMT+0700 (Indochina Time)! Possible blocking IO or high CPU user at the same process used by node-cron.
[2026-07-20T02:20:22.698Z] [PID: 27435] [32m[NODE-CRON][32m [33m[WARN][0m missed execution at Mon Jul 20 2026 09:07:00 GMT+0700 (Indochina Time)! Possible blocking IO or high CPU user at the same process used by node-cron.
[2026-07-20T02:20:22.698Z] [PID: 27435] [32m[NODE-CRON][32m [33m[WARN][0m missed execution at Mon Jul 20 2026 09:08:00 GMT+0700 (Indochina Time)! Possible blocking IO or high CPU user at the same process used by node-cron.
[2026-07-20T02:20:22.698Z] [PID: 27435] [32m[NODE-CRON][32m [33m[WARN][0m missed execution at Mon Jul 20 2026 09:09:00 GMT+0700 (Indochina Time)! Possible blocking IO or high CPU user at the same process used by node-cron.
[2026-07-20T02:20:22.698Z] [PID: 27435] [32m[NODE-CRON][32m [33m[WARN][0m missed execution at Mon Jul 20 2026 09:10:00 GMT+0700 (Indochina Time)! Possible blocking IO or high CPU user at the same process used by node-cron.
[2026-07-20T02:20:22.698Z] [PID: 27435] [32m[NODE-CRON][32m [33m[WARN][0m missed execution at Mon Jul 20 2026 09:11:00 GMT+0700 (Indochina Time)! Possible blocking IO or high CPU user at the same process used by node-cron.
[2026-07-20T02:20:22.698Z] [PID: 27435] [32m[NODE-CRON][32m [33m[WARN][0m missed execution at Mon Jul 20 2026 09:12:00 GMT+0700 (Indochina Time)! Possible blocking IO or high CPU user at the same process used by node-cron.
[2026-07-20T02:20:22.698Z] [PID: 27435] [32m[NODE-CRON][32m [33m[WARN][0m missed execution at Mon Jul 20 2026 09:13:00 GMT+0700 (Indochina Time)! Possible blocking IO or high CPU user at the same process used by node-cron.
[2026-07-20T02:20:22.698Z] [PID: 27435] [32m[NODE-CRON][32m [33m[WARN][0m missed execution at Mon Jul 20 2026 09:14:00 GMT+0700 (Indochina Time)! Possible blocking IO or high CPU user at the same process used by node-cron.
[2026-07-20T02:20:22.698Z] [PID: 27435] [32m[NODE-CRON][32m [33m[WARN][0m missed execution at Mon Jul 20 2026 09:15:00 GMT+0700 (Indochina Time)! Possible blocking IO or high CPU user at the same process used by node-cron.
[2026-07-20T02:20:22.698Z] [PID: 27435] [32m[NODE-CRON][32m [33m[WARN][0m missed execution at Mon Jul 20 2026 09:16:00 GMT+0700 (Indochina Time)! Possible blocking IO or high CPU user at the same process used by node-cron.
[2026-07-20T02:20:22.698Z] [PID: 27435] [32m[NODE-CRON][32m [33m[WARN][0m missed execution at Mon Jul 20 2026 09:17:00 GMT+0700 (Indochina Time)! Possible blocking IO or high CPU user at the same process used by node-cron.
[2026-07-20T02:20:22.698Z] [PID: 27435] [32m[NODE-CRON][32m [33m[WARN][0m missed execution at Mon Jul 20 2026 09:18:00 GMT+0700 (Indochina Time)! Possible blocking IO or high CPU user at the same process used by node-cron.
[2026-07-20T02:20:22.698Z] [PID: 27435] [32m[NODE-CRON][32m [33m[WARN][0m missed execution at Mon Jul 20 2026 09:19:00 GMT+0700 (Indochina Time)! Possible blocking IO or high CPU user at the same process used by node-cron.
[2026-07-20T02:20:22.698Z] [PID: 27435] [32m[NODE-CRON][32m [33m[WARN][0m missed execution at Mon Jul 20 2026 09:20:00 GMT+0700 (Indochina Time)! Possible blocking IO or high CPU user at the same process used by node-cron.
[2026-07-20T02:35:55.414Z] [PID: 27435] [32m[NODE-CRON][32m [33m[WARN][0m missed execution at Mon Jul 20 2026 09:21:00 GMT+0700 (Indochina Time)! Possible blocking IO or high CPU user at the same process used by node-cron.
[2026-07-20T02:35:55.415Z] [PID: 27435] [32m[NODE-CRON][32m [33m[WARN][0m missed execution at Mon Jul 20 2026 09:22:00 GMT+0700 (Indochina Time)! Possible blocking IO or high CPU user at the same process used by node-cron.
[2026-07-20T02:35:55.416Z] [PID: 27435] [32m[NODE-CRON][32m [33m[WARN][0m missed execution at Mon Jul 20 2026 09:23:00 GMT+0700 (Indochina Time)! Possible blocking IO or high CPU user at the same process used by node-cron.
[2026-07-20T02:35:55.416Z] [PID: 27435] [32m[NODE-CRON][32m [33m[WARN][0m missed execution at Mon Jul 20 2026 09:24:00 GMT+0700 (Indochina Time)! Possible blocking IO or high CPU user at the same process used by node-cron.
[2026-07-20T02:35:55.416Z] [PID: 27435] [32m[NODE-CRON][32m [33m[WARN][0m missed execution at Mon Jul 20 2026 09:25:00 GMT+0700 (Indochina Time)! Possible blocking IO or high CPU user at the same process used by node-cron.
[2026-07-20T02:35:55.416Z] [PID: 27435] [32m[NODE-CRON][32m [33m[WARN][0m missed execution at Mon Jul 20 2026 09:26:00 GMT+0700 (Indochina Time)! Possible blocking IO or high CPU user at the same process used by node-cron.
[2026-07-20T02:35:55.416Z] [PID: 27435] [32m[NODE-CRON][32m [33m[WARN][0m missed execution at Mon Jul 20 2026 09:27:00 GMT+0700 (Indochina Time)! Possible blocking IO or high CPU user at the same process used by node-cron.
[2026-07-20T02:35:55.417Z] [PID: 27435] [32m[NODE-CRON][32m [33m[WARN][0m missed execution at Mon Jul 20 2026 09:28:00 GMT+0700 (Indochina Time)! Possible blocking IO or high CPU user at the same process used by node-cron.
[2026-07-20T02:35:55.417Z] [PID: 27435] [32m[NODE-CRON][32m [33m[WARN][0m missed execution at Mon Jul 20 2026 09:29:00 GMT+0700 (Indochina Time)! Possible blocking IO or high CPU user at the same process used by node-cron.
[2026-07-20T02:35:55.417Z] [PID: 27435] [32m[NODE-CRON][32m [33m[WARN][0m missed execution at Mon Jul 20 2026 09:30:00 GMT+0700 (Indochina Time)! Possible blocking IO or high CPU user at the same process used by node-cron.
[2026-07-20T02:35:55.417Z] [PID: 27435] [32m[NODE-CRON][32m [33m[WARN][0m missed execution at Mon Jul 20 2026 09:31:00 GMT+0700 (Indochina Time)! Possible blocking IO or high CPU user at the same process used by node-cron.
[2026-07-20T02:35:55.417Z] [PID: 27435] [32m[NODE-CRON][32m [33m[WARN][0m missed execution at Mon Jul 20 2026 09:32:00 GMT+0700 (Indochina Time)! Possible blocking IO or high CPU user at the same process used by node-cron.
[2026-07-20T02:35:55.417Z] [PID: 27435] [32m[NODE-CRON][32m [33m[WARN][0m missed execution at Mon Jul 20 2026 09:33:00 GMT+0700 (Indochina Time)! Possible blocking IO or high CPU user at the same process used by node-cron.
[2026-07-20T02:35:55.417Z] [PID: 27435] [32m[NODE-CRON][32m [33m[WARN][0m missed execution at Mon Jul 20 2026 09:34:00 GMT+0700 (Indochina Time)! Possible blocking IO or high CPU user at the same process used by node-cron.
[2026-07-20T02:35:55.417Z] [PID: 27435] [32m[NODE-CRON][32m [33m[WARN][0m missed execution at Mon Jul 20 2026 09:35:00 GMT+0700 (Indochina Time)! Possible blocking IO or high CPU user at the same process used by node-cron.
[2026-07-20T02:53:29.715Z] [PID: 27435] [32m[NODE-CRON][32m [33m[WARN][0m missed execution at Mon Jul 20 2026 09:36:00 GMT+0700 (Indochina Time)! Possible blocking IO or high CPU user at the same process used by node-cron.
[2026-07-20T02:53:29.715Z] [PID: 27435] [32m[NODE-CRON][32m [33m[WARN][0m missed execution at Mon Jul 20 2026 09:37:00 GMT+0700 (Indochina Time)! Possible blocking IO or high CPU user at the same process used by node-cron.
[2026-07-20T02:53:29.715Z] [PID: 27435] [32m[NODE-CRON][32m [33m[WARN][0m missed execution at Mon Jul 20 2026 09:38:00 GMT+0700 (Indochina Time)! Possible blocking IO or high CPU user at the same process used by node-cron.
[2026-07-20T02:53:29.715Z] [PID: 27435] [32m[NODE-CRON][32m [33m[WARN][0m missed execution at Mon Jul 20 2026 09:39:00 GMT+0700 (Indochina Time)! Possible blocking IO or high CPU user at the same process used by node-cron.
[2026-07-20T02:53:29.715Z] [PID: 27435] [32m[NODE-CRON][32m [33m[WARN][0m missed execution at Mon Jul 20 2026 09:40:00 GMT+0700 (Indochina Time)! Possible blocking IO or high CPU user at the same process used by node-cron.
[2026-07-20T02:53:29.715Z] [PID: 27435] [32m[NODE-CRON][32m [33m[WARN][0m missed execution at Mon Jul 20 2026 09:41:00 GMT+0700 (Indochina Time)! Possible blocking IO or high CPU user at the same process used by node-cron.
[2026-07-20T02:53:29.715Z] [PID: 27435] [32m[NODE-CRON][32m [33m[WARN][0m missed execution at Mon Jul 20 2026 09:42:00 GMT+0700 (Indochina Time)! Possible blocking IO or high CPU user at the same process used by node-cron.
[2026-07-20T02:53:29.715Z] [PID: 27435] [32m[NODE-CRON][32m [33m[WARN][0m missed execution at Mon Jul 20 2026 09:43:00 GMT+0700 (Indochina Time)! Possible blocking IO or high CPU user at the same process used by node-cron.
[2026-07-20T02:53:29.715Z] [PID: 27435] [32m[NODE-CRON][32m [33m[WARN][0m missed execution at Mon Jul 20 2026 09:44:00 GMT+0700 (Indochina Time)! Possible blocking IO or high CPU user at the same process used by node-cron.
[2026-07-20T02:53:29.715Z] [PID: 27435] [32m[NODE-CRON][32m [33m[WARN][0m missed execution at Mon Jul 20 2026 09:45:00 GMT+0700 (Indochina Time)! Possible blocking IO or high CPU user at the same process used by node-cron.
[2026-07-20T02:53:29.715Z] [PID: 27435] [32m[NODE-CRON][32m [33m[WARN][0m missed execution at Mon Jul 20 2026 09:46:00 GMT+0700 (Indochina Time)! Possible blocking IO or high CPU user at the same process used by node-cron.
[2026-07-20T02:53:29.715Z] [PID: 27435] [32m[NODE-CRON][32m [33m[WARN][0m missed execution at Mon Jul 20 2026 09:47:00 GMT+0700 (Indochina Time)! Possible blocking IO or high CPU user at the same process used by node-cron.
[2026-07-20T02:53:29.715Z] [PID: 27435] [32m[NODE-CRON][32m [33m[WARN][0m missed execution at Mon Jul 20 2026 09:48:00 GMT+0700 (Indochina Time)! Possible blocking IO or high CPU user at the same process used by node-cron.
[2026-07-20T02:53:29.715Z] [PID: 27435] [32m[NODE-CRON][32m [33m[WARN][0m missed execution at Mon Jul 20 2026 09:49:00 GMT+0700 (Indochina Time)! Possible blocking IO or high CPU user at the same process used by node-cron.
[2026-07-20T02:53:29.715Z] [PID: 27435] [32m[NODE-CRON][32m [33m[WARN][0m missed execution at Mon Jul 20 2026 09:50:00 GMT+0700 (Indochina Time)! Possible blocking IO or high CPU user at the same process used by node-cron.
[2026-07-20T02:53:29.715Z] [PID: 27435] [32m[NODE-CRON][32m [33m[WARN][0m missed execution at Mon Jul 20 2026 09:51:00 GMT+0700 (Indochina Time)! Possible blocking IO or high CPU user at the same process used by node-cron.
[2026-07-20T02:53:29.715Z] [PID: 27435] [32m[NODE-CRON][32m [33m[WARN][0m missed execution at Mon Jul 20 2026 09:52:00 GMT+0700 (Indochina Time)! Possible blocking IO or high CPU user at the same process used by node-cron.
[2026-07-20T02:53:29.715Z] [PID: 27435] [32m[NODE-CRON][32m [33m[WARN][0m missed execution at Mon Jul 20 2026 09:53:00 GMT+0700 (Indochina Time)! Possible blocking IO or high CPU user at the same process used by node-cron.
[2026-07-20T03:04:04.395Z] [PID: 27435] [32m[NODE-CRON][32m [33m[WARN][0m missed execution at Mon Jul 20 2026 09:54:00 GMT+0700 (Indochina Time)! Possible blocking IO or high CPU user at the same process used by node-cron.
[2026-07-20T03:04:04.396Z] [PID: 27435] [32m[NODE-CRON][32m [33m[WARN][0m missed execution at Mon Jul 20 2026 09:55:00 GMT+0700 (Indochina Time)! Possible blocking IO or high CPU user at the same process used by node-cron.
[2026-07-20T03:04:04.396Z] [PID: 27435] [32m[NODE-CRON][32m [33m[WARN][0m missed execution at Mon Jul 20 2026 09:56:00 GMT+0700 (Indochina Time)! Possible blocking IO or high CPU user at the same process used by node-cron.
[2026-07-20T03:04:04.396Z] [PID: 27435] [32m[NODE-CRON][32m [33m[WARN][0m missed execution at Mon Jul 20 2026 09:57:00 GMT+0700 (Indochina Time)! Possible blocking IO or high CPU user at the same process used by node-cron.
[2026-07-20T03:04:04.396Z] [PID: 27435] [32m[NODE-CRON][32m [33m[WARN][0m missed execution at Mon Jul 20 2026 09:58:00 GMT+0700 (Indochina Time)! Possible blocking IO or high CPU user at the same process used by node-cron.
[2026-07-20T03:04:04.396Z] [PID: 27435] [32m[NODE-CRON][32m [33m[WARN][0m missed execution at Mon Jul 20 2026 09:59:00 GMT+0700 (Indochina Time)! Possible blocking IO or high CPU user at the same process used by node-cron.
[2026-07-20T03:04:04.397Z] [PID: 27435] [32m[NODE-CRON][32m [33m[WARN][0m missed execution at Mon Jul 20 2026 10:00:00 GMT+0700 (Indochina Time)! Possible blocking IO or high CPU user at the same process used by node-cron.
[2026-07-20T03:04:04.397Z] [PID: 27435] [32m[NODE-CRON][32m [33m[WARN][0m missed execution at Mon Jul 20 2026 10:01:00 GMT+0700 (Indochina Time)! Possible blocking IO or high CPU user at the same process used by node-cron.
[2026-07-20T03:04:04.397Z] [PID: 27435] [32m[NODE-CRON][32m [33m[WARN][0m missed execution at Mon Jul 20 2026 10:02:00 GMT+0700 (Indochina Time)! Possible blocking IO or high CPU user at the same process used by node-cron.
[2026-07-20T03:04:04.397Z] [PID: 27435] [32m[NODE-CRON][32m [33m[WARN][0m missed execution at Mon Jul 20 2026 10:03:00 GMT+0700 (Indochina Time)! Possible blocking IO or high CPU user at the same process used by node-cron.
[2026-07-20T03:04:04.397Z] [PID: 27435] [32m[NODE-CRON][32m [33m[WARN][0m missed execution at Mon Jul 20 2026 10:04:00 GMT+0700 (Indochina Time)! Possible blocking IO or high CPU user at the same process used by node-cron.
[2026-07-20T03:20:07.749Z] [PID: 27435] [32m[NODE-CRON][32m [33m[WARN][0m missed execution at Mon Jul 20 2026 10:05:00 GMT+0700 (Indochina Time)! Possible blocking IO or high CPU user at the same process used by node-cron.
[2026-07-20T03:20:07.811Z] [PID: 27435] [32m[NODE-CRON][32m [33m[WARN][0m missed execution at Mon Jul 20 2026 10:06:00 GMT+0700 (Indochina Time)! Possible blocking IO or high CPU user at the same process used by node-cron.
[2026-07-20T03:20:07.812Z] [PID: 27435] [32m[NODE-CRON][32m [33m[WARN][0m missed execution at Mon Jul 20 2026 10:07:00 GMT+0700 (Indochina Time)! Possible blocking IO or high CPU user at the same process used by node-cron.
[2026-07-20T03:20:07.812Z] [PID: 27435] [32m[NODE-CRON][32m [33m[WARN][0m missed execution at Mon Jul 20 2026 10:08:00 GMT+0700 (Indochina Time)! Possible blocking IO or high CPU user at the same process used by node-cron.
[2026-07-20T03:20:07.812Z] [PID: 27435] [32m[NODE-CRON][32m [33m[WARN][0m missed execution at Mon Jul 20 2026 10:09:00 GMT+0700 (Indochina Time)! Possible blocking IO or high CPU user at the same process used by node-cron.
[2026-07-20T03:20:07.812Z] [PID: 27435] [32m[NODE-CRON][32m [33m[WARN][0m missed execution at Mon Jul 20 2026 10:10:00 GMT+0700 (Indochina Time)! Possible blocking IO or high CPU user at the same process used by node-cron.
[2026-07-20T03:20:07.812Z] [PID: 27435] [32m[NODE-CRON][32m [33m[WARN][0m missed execution at Mon Jul 20 2026 10:11:00 GMT+0700 (Indochina Time)! Possible blocking IO or high CPU user at the same process used by node-cron.
[2026-07-20T03:20:07.812Z] [PID: 27435] [32m[NODE-CRON][32m [33m[WARN][0m missed execution at Mon Jul 20 2026 10:12:00 GMT+0700 (Indochina Time)! Possible blocking IO or high CPU user at the same process used by node-cron.
[2026-07-20T03:20:07.812Z] [PID: 27435] [32m[NODE-CRON][32m [33m[WARN][0m missed execution at Mon Jul 20 2026 10:13:00 GMT+0700 (Indochina Time)! Possible blocking IO or high CPU user at the same process used by node-cron.
[2026-07-20T03:20:07.812Z] [PID: 27435] [32m[NODE-CRON][32m [33m[WARN][0m missed execution at Mon Jul 20 2026 10:14:00 GMT+0700 (Indochina Time)! Possible blocking IO or high CPU user at the same process used by node-cron.
[2026-07-20T03:20:07.812Z] [PID: 27435] [32m[NODE-CRON][32m [33m[WARN][0m missed execution at Mon Jul 20 2026 10:15:00 GMT+0700 (Indochina Time)! Possible blocking IO or high CPU user at the same process used by node-cron.
[2026-07-20T03:20:07.812Z] [PID: 27435] [32m[NODE-CRON][32m [33m[WARN][0m missed execution at Mon Jul 20 2026 10:16:00 GMT+0700 (Indochina Time)! Possible blocking IO or high CPU user at the same process used by node-cron.
[2026-07-20T03:20:07.812Z] [PID: 27435] [32m[NODE-CRON][32m [33m[WARN][0m missed execution at Mon Jul 20 2026 10:17:00 GMT+0700 (Indochina Time)! Possible blocking IO or high CPU user at the same process used by node-cron.
[2026-07-20T03:20:07.812Z] [PID: 27435] [32m[NODE-CRON][32m [33m[WARN][0m missed execution at Mon Jul 20 2026 10:18:00 GMT+0700 (Indochina Time)! Possible blocking IO or high CPU user at the same process used by node-cron.
[2026-07-20T03:20:07.812Z] [PID: 27435] [32m[NODE-CRON][32m [33m[WARN][0m missed execution at Mon Jul 20 2026 10:19:00 GMT+0700 (Indochina Time)! Possible blocking IO or high CPU user at the same process used by node-cron.
[2026-07-20T03:20:07.812Z] [PID: 27435] [32m[NODE-CRON][32m [33m[WARN][0m missed execution at Mon Jul 20 2026 10:20:00 GMT+0700 (Indochina Time)! Possible blocking IO or high CPU user at the same process used by node-cron.
[2026-07-20T03:38:09.523Z] [PID: 27435] [32m[NODE-CRON][32m [33m[WARN][0m missed execution at Mon Jul 20 2026 10:21:00 GMT+0700 (Indochina Time)! Possible blocking IO or high CPU user at the same process used by node-cron.
[2026-07-20T03:38:09.524Z] [PID: 27435] [32m[NODE-CRON][32m [33m[WARN][0m missed execution at Mon Jul 20 2026 10:22:00 GMT+0700 (Indochina Time)! Possible blocking IO or high CPU user at the same process used by node-cron.
[2026-07-20T03:38:09.524Z] [PID: 27435] [32m[NODE-CRON][32m [33m[WARN][0m missed execution at Mon Jul 20 2026 10:23:00 GMT+0700 (Indochina Time)! Possible blocking IO or high CPU user at the same process used by node-cron.
[2026-07-20T03:38:09.524Z] [PID: 27435] [32m[NODE-CRON][32m [33m[WARN][0m missed execution at Mon Jul 20 2026 10:24:00 GMT+0700 (Indochina Time)! Possible blocking IO or high CPU user at the same process used by node-cron.
[2026-07-20T03:38:09.525Z] [PID: 27435] [32m[NODE-CRON][32m [33m[WARN][0m missed execution at Mon Jul 20 2026 10:25:00 GMT+0700 (Indochina Time)! Possible blocking IO or high CPU user at the same process used by node-cron.
[2026-07-20T03:38:09.525Z] [PID: 27435] [32m[NODE-CRON][32m [33m[WARN][0m missed execution at Mon Jul 20 2026 10:26:00 GMT+0700 (Indochina Time)! Possible blocking IO or high CPU user at the same process used by node-cron.
[2026-07-20T03:38:09.525Z] [PID: 27435] [32m[NODE-CRON][32m [33m[WARN][0m missed execution at Mon Jul 20 2026 10:27:00 GMT+0700 (Indochina Time)! Possible blocking IO or high CPU user at the same process used by node-cron.
[2026-07-20T03:38:09.525Z] [PID: 27435] [32m[NODE-CRON][32m [33m[WARN][0m missed execution at Mon Jul 20 2026 10:28:00 GMT+0700 (Indochina Time)! Possible blocking IO or high CPU user at the same process used by node-cron.
[2026-07-20T03:38:09.525Z] [PID: 27435] [32m[NODE-CRON][32m [33m[WARN][0m missed execution at Mon Jul 20 2026 10:29:00 GMT+0700 (Indochina Time)! Possible blocking IO or high CPU user at the same process used by node-cron.
[2026-07-20T03:38:09.525Z] [PID: 27435] [32m[NODE-CRON][32m [33m[WARN][0m missed execution at Mon Jul 20 2026 10:30:00 GMT+0700 (Indochina Time)! Possible blocking IO or high CPU user at the same process used by node-cron.
[2026-07-20T03:38:09.525Z] [PID: 27435] [32m[NODE-CRON][32m [33m[WARN][0m missed execution at Mon Jul 20 2026 10:31:00 GMT+0700 (Indochina Time)! Possible blocking IO or high CPU user at the same process used by node-cron.
[2026-07-20T03:38:09.525Z] [PID: 27435] [32m[NODE-CRON][32m [33m[WARN][0m missed execution at Mon Jul 20 2026 10:32:00 GMT+0700 (Indochina Time)! Possible blocking IO or high CPU user at the same process used by node-cron.
[2026-07-20T03:38:09.525Z] [PID: 27435] [32m[NODE-CRON][32m [33m[WARN][0m missed execution at Mon Jul 20 2026 10:33:00 GMT+0700 (Indochina Time)! Possible blocking IO or high CPU user at the same process used by node-cron.
[2026-07-20T03:38:09.526Z] [PID: 27435] [32m[NODE-CRON][32m [33m[WARN][0m missed execution at Mon Jul 20 2026 10:34:00 GMT+0700 (Indochina Time)! Possible blocking IO or high CPU user at the same process used by node-cron.
[2026-07-20T03:38:09.526Z] [PID: 27435] [32m[NODE-CRON][32m [33m[WARN][0m missed execution at Mon Jul 20 2026 10:35:00 GMT+0700 (Indochina Time)! Possible blocking IO or high CPU user at the same process used by node-cron.
[2026-07-20T03:38:09.526Z] [PID: 27435] [32m[NODE-CRON][32m [33m[WARN][0m missed execution at Mon Jul 20 2026 10:36:00 GMT+0700 (Indochina Time)! Possible blocking IO or high CPU user at the same process used by node-cron.
[2026-07-20T03:38:09.526Z] [PID: 27435] [32m[NODE-CRON][32m [33m[WARN][0m missed execution at Mon Jul 20 2026 10:37:00 GMT+0700 (Indochina Time)! Possible blocking IO or high CPU user at the same process used by node-cron.
[2026-07-20T03:38:09.526Z] [PID: 27435] [32m[NODE-CRON][32m [33m[WARN][0m missed execution at Mon Jul 20 2026 10:38:00 GMT+0700 (Indochina Time)! Possible blocking IO or high CPU user at the same process used by node-cron.
[2026-07-20T03:55:54.821Z] [PID: 27435] [32m[NODE-CRON][32m [33m[WARN][0m missed execution at Mon Jul 20 2026 10:39:00 GMT+0700 (Indochina Time)! Possible blocking IO or high CPU user at the same process used by node-cron.
[2026-07-20T03:55:54.821Z] [PID: 27435] [32m[NODE-CRON][32m [33m[WARN][0m missed execution at Mon Jul 20 2026 10:40:00 GMT+0700 (Indochina Time)! Possible blocking IO or high CPU user at the same process used by node-cron.
[2026-07-20T03:55:54.821Z] [PID: 27435] [32m[NODE-CRON][32m [33m[WARN][0m missed execution at Mon Jul 20 2026 10:41:00 GMT+0700 (Indochina Time)! Possible blocking IO or high CPU user at the same process used by node-cron.
[2026-07-20T03:55:54.821Z] [PID: 27435] [32m[NODE-CRON][32m [33m[WARN][0m missed execution at Mon Jul 20 2026 10:42:00 GMT+0700 (Indochina Time)! Possible blocking IO or high CPU user at the same process used by node-cron.
[2026-07-20T03:55:54.821Z] [PID: 27435] [32m[NODE-CRON][32m [33m[WARN][0m missed execution at Mon Jul 20 2026 10:43:00 GMT+0700 (Indochina Time)! Possible blocking IO or high CPU user at the same process used by node-cron.
[2026-07-20T03:55:54.821Z] [PID: 27435] [32m[NODE-CRON][32m [33m[WARN][0m missed execution at Mon Jul 20 2026 10:44:00 GMT+0700 (Indochina Time)! Possible blocking IO or high CPU user at the same process used by node-cron.
[2026-07-20T03:55:54.821Z] [PID: 27435] [32m[NODE-CRON][32m [33m[WARN][0m missed execution at Mon Jul 20 2026 10:45:00 GMT+0700 (Indochina Time)! Possible blocking IO or high CPU user at the same process used by node-cron.
[2026-07-20T03:55:54.821Z] [PID: 27435] [32m[NODE-CRON][32m [33m[WARN][0m missed execution at Mon Jul 20 2026 10:46:00 GMT+0700 (Indochina Time)! Possible blocking IO or high CPU user at the same process used by node-cron.
[2026-07-20T03:55:54.821Z] [PID: 27435] [32m[NODE-CRON][32m [33m[WARN][0m missed execution at Mon Jul 20 2026 10:47:00 GMT+0700 (Indochina Time)! Possible blocking IO or high CPU user at the same process used by node-cron.
[2026-07-20T03:55:54.821Z] [PID: 27435] [32m[NODE-CRON][32m [33m[WARN][0m missed execution at Mon Jul 20 2026 10:48:00 GMT+0700 (Indochina Time)! Possible blocking IO or high CPU user at the same process used by node-cron.
[2026-07-20T03:55:54.821Z] [PID: 27435] [32m[NODE-CRON][32m [33m[WARN][0m missed execution at Mon Jul 20 2026 10:49:00 GMT+0700 (Indochina Time)! Possible blocking IO or high CPU user at the same process used by node-cron.
[2026-07-20T03:55:54.821Z] [PID: 27435] [32m[NODE-CRON][32m [33m[WARN][0m missed execution at Mon Jul 20 2026 10:50:00 GMT+0700 (Indochina Time)! Possible blocking IO or high CPU user at the same process used by node-cron.
[2026-07-20T03:55:54.821Z] [PID: 27435] [32m[NODE-CRON][32m [33m[WARN][0m missed execution at Mon Jul 20 2026 10:51:00 GMT+0700 (Indochina Time)! Possible blocking IO or high CPU user at the same process used by node-cron.
[2026-07-20T03:55:54.821Z] [PID: 27435] [32m[NODE-CRON][32m [33m[WARN][0m missed execution at Mon Jul 20 2026 10:52:00 GMT+0700 (Indochina Time)! Possible blocking IO or high CPU user at the same process used by node-cron.
[2026-07-20T03:55:54.821Z] [PID: 27435] [32m[NODE-CRON][32m [33m[WARN][0m missed execution at Mon Jul 20 2026 10:53:00 GMT+0700 (Indochina Time)! Possible blocking IO or high CPU user at the same process used by node-cron.
[2026-07-20T03:55:54.821Z] [PID: 27435] [32m[NODE-CRON][32m [33m[WARN][0m missed execution at Mon Jul 20 2026 10:54:00 GMT+0700 (Indochina Time)! Possible blocking IO or high CPU user at the same process used by node-cron.
[2026-07-20T03:55:54.821Z] [PID: 27435] [32m[NODE-CRON][32m [33m[WARN][0m missed execution at Mon Jul 20 2026 10:55:00 GMT+0700 (Indochina Time)! Possible blocking IO or high CPU user at the same process used by node-cron.
CronService: Đã mở kỳ quay mới #1056 cho game KENO
CronService: Đã mở kỳ quay mới #1056 cho game BAO KENO
CronService: Đã mở kỳ quay mới #1056 cho game MUA CHUNG
CronService: Đã mở kỳ quay mới #1056 cho game MEGA 6/45
CronService: Đã mở kỳ quay mới #1056 cho game MAX 3D
[2026-07-20T04:04:59.884Z] [PID: 27435] [32m[NODE-CRON][32m [33m[WARN][0m missed execution at Mon Jul 20 2026 10:57:00 GMT+0700 (Indochina Time)! Possible blocking IO or high CPU user at the same process used by node-cron.
[2026-07-20T04:04:59.884Z] [PID: 27435] [32m[NODE-CRON][32m [33m[WARN][0m missed execution at Mon Jul 20 2026 10:58:00 GMT+0700 (Indochina Time)! Possible blocking IO or high CPU user at the same process used by node-cron.
[2026-07-20T04:04:59.884Z] [PID: 27435] [32m[NODE-CRON][32m [33m[WARN][0m missed execution at Mon Jul 20 2026 10:59:00 GMT+0700 (Indochina Time)! Possible blocking IO or high CPU user at the same process used by node-cron.
[2026-07-20T04:04:59.884Z] [PID: 27435] [32m[NODE-CRON][32m [33m[WARN][0m missed execution at Mon Jul 20 2026 11:00:00 GMT+0700 (Indochina Time)! Possible blocking IO or high CPU user at the same process used by node-cron.
[2026-07-20T04:04:59.885Z] [PID: 27435] [32m[NODE-CRON][32m [33m[WARN][0m missed execution at Mon Jul 20 2026 11:01:00 GMT+0700 (Indochina Time)! Possible blocking IO or high CPU user at the same process used by node-cron.
[2026-07-20T04:04:59.885Z] [PID: 27435] [32m[NODE-CRON][32m [33m[WARN][0m missed execution at Mon Jul 20 2026 11:02:00 GMT+0700 (Indochina Time)! Possible blocking IO or high CPU user at the same process used by node-cron.
[2026-07-20T04:04:59.885Z] [PID: 27435] [32m[NODE-CRON][32m [33m[WARN][0m missed execution at Mon Jul 20 2026 11:03:00 GMT+0700 (Indochina Time)! Possible blocking IO or high CPU user at the same process used by node-cron.
[2026-07-20T04:04:59.885Z] [PID: 27435] [32m[NODE-CRON][32m [33m[WARN][0m missed execution at Mon Jul 20 2026 11:04:00 GMT+0700 (Indochina Time)! Possible blocking IO or high CPU user at the same process used by node-cron.
CronService: Đã mở kỳ quay mới #1056 cho game LOTTO 5/35
CronService: Đã tự động sinh kết quả ngẫu nhiên cho kỳ quay #1056
CronService: Lỗi xử lý cron VersionError: No matching document found for id "6a5d9c50c053f79020144783" version 0 modifiedPaths "winningNumbers, status"
    at generateVersionError (/Users/luannguyen/Documents/git/vuaxoso/backend/node_modules/mongoose/lib/model.js:596:10)
    at model.save (/Users/luannguyen/Documents/git/vuaxoso/backend/node_modules/mongoose/lib/model.js:658:30)
    at /Users/luannguyen/Documents/git/vuaxoso/backend/src/services/cronService.ts:60:20
    at processTicksAndRejections (node:internal/process/task_queues:95:5)
    at async execute (/Users/luannguyen/Documents/git/vuaxoso/backend/node_modules/node-cron/src/scheduler/runner.ts:194:26)
    at async runTask (/Users/luannguyen/Documents/git/vuaxoso/backend/node_modules/node-cron/src/scheduler/runner.ts:237:9)
    at async Runner.runCoordinated (/Users/luannguyen/Documents/git/vuaxoso/backend/node_modules/node-cron/src/scheduler/runner.ts:125:7)
    at async /Users/luannguyen/Documents/git/vuaxoso/backend/node_modules/node-cron/src/scheduler/runner.ts:275:13 {
  version: 0,
  modifiedPaths: [ 'winningNumbers', 'status' ]
}
[2026-07-20T04:22:29.908Z] [PID: 27435] [32m[NODE-CRON][32m [33m[WARN][0m missed execution at Mon Jul 20 2026 11:06:00 GMT+0700 (Indochina Time)! Possible blocking IO or high CPU user at the same process used by node-cron.
[2026-07-20T04:22:29.909Z] [PID: 27435] [32m[NODE-CRON][32m [33m[WARN][0m missed execution at Mon Jul 20 2026 11:07:00 GMT+0700 (Indochina Time)! Possible blocking IO or high CPU user at the same process used by node-cron.
[2026-07-20T04:22:29.909Z] [PID: 27435] [32m[NODE-CRON][32m [33m[WARN][0m missed execution at Mon Jul 20 2026 11:08:00 GMT+0700 (Indochina Time)! Possible blocking IO or high CPU user at the same process used by node-cron.
[2026-07-20T04:22:29.909Z] [PID: 27435] [32m[NODE-CRON][32m [33m[WARN][0m missed execution at Mon Jul 20 2026 11:09:00 GMT+0700 (Indochina Time)! Possible blocking IO or high CPU user at the same process used by node-cron.
[2026-07-20T04:22:29.909Z] [PID: 27435] [32m[NODE-CRON][32m [33m[WARN][0m missed execution at Mon Jul 20 2026 11:10:00 GMT+0700 (Indochina Time)! Possible blocking IO or high CPU user at the same process used by node-cron.
[2026-07-20T04:22:29.913Z] [PID: 27435] [32m[NODE-CRON][32m [33m[WARN][0m missed execution at Mon Jul 20 2026 11:11:00 GMT+0700 (Indochina Time)! Possible blocking IO or high CPU user at the same process used by node-cron.
[2026-07-20T04:22:29.913Z] [PID: 27435] [32m[NODE-CRON][32m [33m[WARN][0m missed execution at Mon Jul 20 2026 11:12:00 GMT+0700 (Indochina Time)! Possible blocking IO or high CPU user at the same process used by node-cron.
[2026-07-20T04:22:29.913Z] [PID: 27435] [32m[NODE-CRON][32m [33m[WARN][0m missed execution at Mon Jul 20 2026 11:13:00 GMT+0700 (Indochina Time)! Possible blocking IO or high CPU user at the same process used by node-cron.
[2026-07-20T04:22:29.913Z] [PID: 27435] [32m[NODE-CRON][32m [33m[WARN][0m missed execution at Mon Jul 20 2026 11:14:00 GMT+0700 (Indochina Time)! Possible blocking IO or high CPU user at the same process used by node-cron.
[2026-07-20T04:22:29.913Z] [PID: 27435] [32m[NODE-CRON][32m [33m[WARN][0m missed execution at Mon Jul 20 2026 11:15:00 GMT+0700 (Indochina Time)! Possible blocking IO or high CPU user at the same process used by node-cron.
[2026-07-20T04:22:29.913Z] [PID: 27435] [32m[NODE-CRON][32m [33m[WARN][0m missed execution at Mon Jul 20 2026 11:16:00 GMT+0700 (Indochina Time)! Possible blocking IO or high CPU user at the same process used by node-cron.
[2026-07-20T04:22:29.913Z] [PID: 27435] [32m[NODE-CRON][32m [33m[WARN][0m missed execution at Mon Jul 20 2026 11:17:00 GMT+0700 (Indochina Time)! Possible blocking IO or high CPU user at the same process used by node-cron.
[2026-07-20T04:22:29.913Z] [PID: 27435] [32m[NODE-CRON][32m [33m[WARN][0m missed execution at Mon Jul 20 2026 11:18:00 GMT+0700 (Indochina Time)! Possible blocking IO or high CPU user at the same process used by node-cron.
[2026-07-20T04:22:29.913Z] [PID: 27435] [32m[NODE-CRON][32m [33m[WARN][0m missed execution at Mon Jul 20 2026 11:19:00 GMT+0700 (Indochina Time)! Possible blocking IO or high CPU user at the same process used by node-cron.
[2026-07-20T04:22:29.914Z] [PID: 27435] [32m[NODE-CRON][32m [33m[WARN][0m missed execution at Mon Jul 20 2026 11:20:00 GMT+0700 (Indochina Time)! Possible blocking IO or high CPU user at the same process used by node-cron.
[2026-07-20T04:22:29.914Z] [PID: 27435] [32m[NODE-CRON][32m [33m[WARN][0m missed execution at Mon Jul 20 2026 11:21:00 GMT+0700 (Indochina Time)! Possible blocking IO or high CPU user at the same process used by node-cron.
[2026-07-20T04:22:29.914Z] [PID: 27435] [32m[NODE-CRON][32m [33m[WARN][0m missed execution at Mon Jul 20 2026 11:22:00 GMT+0700 (Indochina Time)! Possible blocking IO or high CPU user at the same process used by node-cron.
[2026-07-20T04:39:13.556Z] [PID: 27435] [32m[NODE-CRON][32m [33m[WARN][0m missed execution at Mon Jul 20 2026 11:23:00 GMT+0700 (Indochina Time)! Possible blocking IO or high CPU user at the same process used by node-cron.
[2026-07-20T04:39:13.564Z] [PID: 27435] [32m[NODE-CRON][32m [33m[WARN][0m missed execution at Mon Jul 20 2026 11:24:00 GMT+0700 (Indochina Time)! Possible blocking IO or high CPU user at the same process used by node-cron.
[2026-07-20T04:39:13.564Z] [PID: 27435] [32m[NODE-CRON][32m [33m[WARN][0m missed execution at Mon Jul 20 2026 11:25:00 GMT+0700 (Indochina Time)! Possible blocking IO or high CPU user at the same process used by node-cron.
[2026-07-20T04:39:13.564Z] [PID: 27435] [32m[NODE-CRON][32m [33m[WARN][0m missed execution at Mon Jul 20 2026 11:26:00 GMT+0700 (Indochina Time)! Possible blocking IO or high CPU user at the same process used by node-cron.
[2026-07-20T04:39:13.564Z] [PID: 27435] [32m[NODE-CRON][32m [33m[WARN][0m missed execution at Mon Jul 20 2026 11:27:00 GMT+0700 (Indochina Time)! Possible blocking IO or high CPU user at the same process used by node-cron.
[2026-07-20T04:39:13.564Z] [PID: 27435] [32m[NODE-CRON][32m [33m[WARN][0m missed execution at Mon Jul 20 2026 11:28:00 GMT+0700 (Indochina Time)! Possible blocking IO or high CPU user at the same process used by node-cron.
[2026-07-20T04:39:13.564Z] [PID: 27435] [32m[NODE-CRON][32m [33m[WARN][0m missed execution at Mon Jul 20 2026 11:29:00 GMT+0700 (Indochina Time)! Possible blocking IO or high CPU user at the same process used by node-cron.
[2026-07-20T04:39:13.564Z] [PID: 27435] [32m[NODE-CRON][32m [33m[WARN][0m missed execution at Mon Jul 20 2026 11:30:00 GMT+0700 (Indochina Time)! Possible blocking IO or high CPU user at the same process used by node-cron.
[2026-07-20T04:39:13.564Z] [PID: 27435] [32m[NODE-CRON][32m [33m[WARN][0m missed execution at Mon Jul 20 2026 11:31:00 GMT+0700 (Indochina Time)! Possible blocking IO or high CPU user at the same process used by node-cron.
[2026-07-20T04:39:13.609Z] [PID: 27435] [32m[NODE-CRON][32m [33m[WARN][0m missed execution at Mon Jul 20 2026 11:32:00 GMT+0700 (Indochina Time)! Possible blocking IO or high CPU user at the same process used by node-cron.
[2026-07-20T04:39:13.623Z] [PID: 27435] [32m[NODE-CRON][32m [33m[WARN][0m missed execution at Mon Jul 20 2026 11:33:00 GMT+0700 (Indochina Time)! Possible blocking IO or high CPU user at the same process used by node-cron.
[2026-07-20T04:39:13.623Z] [PID: 27435] [32m[NODE-CRON][32m [33m[WARN][0m missed execution at Mon Jul 20 2026 11:34:00 GMT+0700 (Indochina Time)! Possible blocking IO or high CPU user at the same process used by node-cron.
[2026-07-20T04:39:13.623Z] [PID: 27435] [32m[NODE-CRON][32m [33m[WARN][0m missed execution at Mon Jul 20 2026 11:35:00 GMT+0700 (Indochina Time)! Possible blocking IO or high CPU user at the same process used by node-cron.
[2026-07-20T04:39:13.624Z] [PID: 27435] [32m[NODE-CRON][32m [33m[WARN][0m missed execution at Mon Jul 20 2026 11:36:00 GMT+0700 (Indochina Time)! Possible blocking IO or high CPU user at the same process used by node-cron.
[2026-07-20T04:39:13.624Z] [PID: 27435] [32m[NODE-CRON][32m [33m[WARN][0m missed execution at Mon Jul 20 2026 11:37:00 GMT+0700 (Indochina Time)! Possible blocking IO or high CPU user at the same process used by node-cron.
[2026-07-20T04:39:13.625Z] [PID: 27435] [32m[NODE-CRON][32m [33m[WARN][0m missed execution at Mon Jul 20 2026 11:38:00 GMT+0700 (Indochina Time)! Possible blocking IO or high CPU user at the same process used by node-cron.
[2026-07-20T04:39:13.634Z] [PID: 27435] [32m[NODE-CRON][32m [33m[WARN][0m missed execution at Mon Jul 20 2026 11:39:00 GMT+0700 (Indochina Time)! Possible blocking IO or high CPU user at the same process used by node-cron.
[2026-07-20T04:56:42.811Z] [PID: 27435] [32m[NODE-CRON][32m [33m[WARN][0m missed execution at Mon Jul 20 2026 11:40:00 GMT+0700 (Indochina Time)! Possible blocking IO or high CPU user at the same process used by node-cron.
[2026-07-20T04:56:42.919Z] [PID: 27435] [32m[NODE-CRON][32m [33m[WARN][0m missed execution at Mon Jul 20 2026 11:41:00 GMT+0700 (Indochina Time)! Possible blocking IO or high CPU user at the same process used by node-cron.
[2026-07-20T04:56:42.919Z] [PID: 27435] [32m[NODE-CRON][32m [33m[WARN][0m missed execution at Mon Jul 20 2026 11:42:00 GMT+0700 (Indochina Time)! Possible blocking IO or high CPU user at the same process used by node-cron.
[2026-07-20T04:56:42.919Z] [PID: 27435] [32m[NODE-CRON][32m [33m[WARN][0m missed execution at Mon Jul 20 2026 11:43:00 GMT+0700 (Indochina Time)! Possible blocking IO or high CPU user at the same process used by node-cron.
[2026-07-20T04:56:42.919Z] [PID: 27435] [32m[NODE-CRON][32m [33m[WARN][0m missed execution at Mon Jul 20 2026 11:44:00 GMT+0700 (Indochina Time)! Possible blocking IO or high CPU user at the same process used by node-cron.
[2026-07-20T04:56:42.995Z] [PID: 27435] [32m[NODE-CRON][32m [33m[WARN][0m missed execution at Mon Jul 20 2026 11:45:00 GMT+0700 (Indochina Time)! Possible blocking IO or high CPU user at the same process used by node-cron.
[2026-07-20T04:56:42.996Z] [PID: 27435] [32m[NODE-CRON][32m [33m[WARN][0m missed execution at Mon Jul 20 2026 11:46:00 GMT+0700 (Indochina Time)! Possible blocking IO or high CPU user at the same process used by node-cron.
[2026-07-20T04:56:42.996Z] [PID: 27435] [32m[NODE-CRON][32m [33m[WARN][0m missed execution at Mon Jul 20 2026 11:47:00 GMT+0700 (Indochina Time)! Possible blocking IO or high CPU user at the same process used by node-cron.
[2026-07-20T04:56:42.996Z] [PID: 27435] [32m[NODE-CRON][32m [33m[WARN][0m missed execution at Mon Jul 20 2026 11:48:00 GMT+0700 (Indochina Time)! Possible blocking IO or high CPU user at the same process used by node-cron.
[2026-07-20T04:56:42.996Z] [PID: 27435] [32m[NODE-CRON][32m [33m[WARN][0m missed execution at Mon Jul 20 2026 11:49:00 GMT+0700 (Indochina Time)! Possible blocking IO or high CPU user at the same process used by node-cron.
[2026-07-20T04:56:42.996Z] [PID: 27435] [32m[NODE-CRON][32m [33m[WARN][0m missed execution at Mon Jul 20 2026 11:50:00 GMT+0700 (Indochina Time)! Possible blocking IO or high CPU user at the same process used by node-cron.
[2026-07-20T04:56:42.996Z] [PID: 27435] [32m[NODE-CRON][32m [33m[WARN][0m missed execution at Mon Jul 20 2026 11:51:00 GMT+0700 (Indochina Time)! Possible blocking IO or high CPU user at the same process used by node-cron.
[2026-07-20T04:56:42.996Z] [PID: 27435] [32m[NODE-CRON][32m [33m[WARN][0m missed execution at Mon Jul 20 2026 11:52:00 GMT+0700 (Indochina Time)! Possible blocking IO or high CPU user at the same process used by node-cron.
[2026-07-20T04:56:42.996Z] [PID: 27435] [32m[NODE-CRON][32m [33m[WARN][0m missed execution at Mon Jul 20 2026 11:53:00 GMT+0700 (Indochina Time)! Possible blocking IO or high CPU user at the same process used by node-cron.
[2026-07-20T04:56:42.996Z] [PID: 27435] [32m[NODE-CRON][32m [33m[WARN][0m missed execution at Mon Jul 20 2026 11:54:00 GMT+0700 (Indochina Time)! Possible blocking IO or high CPU user at the same process used by node-cron.
[2026-07-20T04:56:42.996Z] [PID: 27435] [32m[NODE-CRON][32m [33m[WARN][0m missed execution at Mon Jul 20 2026 11:55:00 GMT+0700 (Indochina Time)! Possible blocking IO or high CPU user at the same process used by node-cron.
[2026-07-20T04:56:42.996Z] [PID: 27435] [32m[NODE-CRON][32m [33m[WARN][0m missed execution at Mon Jul 20 2026 11:56:00 GMT+0700 (Indochina Time)! Possible blocking IO or high CPU user at the same process used by node-cron.
[2026-07-20T05:06:04.340Z] [PID: 27435] [32m[NODE-CRON][32m [33m[WARN][0m missed execution at Mon Jul 20 2026 11:57:00 GMT+0700 (Indochina Time)! Possible blocking IO or high CPU user at the same process used by node-cron.
[2026-07-20T05:06:04.352Z] [PID: 27435] [32m[NODE-CRON][32m [33m[WARN][0m missed execution at Mon Jul 20 2026 11:58:00 GMT+0700 (Indochina Time)! Possible blocking IO or high CPU user at the same process used by node-cron.
[2026-07-20T05:06:04.352Z] [PID: 27435] [32m[NODE-CRON][32m [33m[WARN][0m missed execution at Mon Jul 20 2026 11:59:00 GMT+0700 (Indochina Time)! Possible blocking IO or high CPU user at the same process used by node-cron.
[2026-07-20T05:06:04.352Z] [PID: 27435] [32m[NODE-CRON][32m [33m[WARN][0m missed execution at Mon Jul 20 2026 12:00:00 GMT+0700 (Indochina Time)! Possible blocking IO or high CPU user at the same process used by node-cron.
[2026-07-20T05:06:04.352Z] [PID: 27435] [32m[NODE-CRON][32m [33m[WARN][0m missed execution at Mon Jul 20 2026 12:01:00 GMT+0700 (Indochina Time)! Possible blocking IO or high CPU user at the same process used by node-cron.
[2026-07-20T05:06:04.352Z] [PID: 27435] [32m[NODE-CRON][32m [33m[WARN][0m missed execution at Mon Jul 20 2026 12:02:00 GMT+0700 (Indochina Time)! Possible blocking IO or high CPU user at the same process used by node-cron.
[2026-07-20T05:06:04.352Z] [PID: 27435] [32m[NODE-CRON][32m [33m[WARN][0m missed execution at Mon Jul 20 2026 12:03:00 GMT+0700 (Indochina Time)! Possible blocking IO or high CPU user at the same process used by node-cron.
[2026-07-20T05:06:04.352Z] [PID: 27435] [32m[NODE-CRON][32m [33m[WARN][0m missed execution at Mon Jul 20 2026 12:04:00 GMT+0700 (Indochina Time)! Possible blocking IO or high CPU user at the same process used by node-cron.
[2026-07-20T05:06:04.352Z] [PID: 27435] [32m[NODE-CRON][32m [33m[WARN][0m missed execution at Mon Jul 20 2026 12:05:00 GMT+0700 (Indochina Time)! Possible blocking IO or high CPU user at the same process used by node-cron.
[2026-07-20T05:06:04.352Z] [PID: 27435] [32m[NODE-CRON][32m [33m[WARN][0m missed execution at Mon Jul 20 2026 12:06:00 GMT+0700 (Indochina Time)! Possible blocking IO or high CPU user at the same process used by node-cron.
[2026-07-20T05:21:38.934Z] [PID: 27435] [32m[NODE-CRON][32m [33m[WARN][0m missed execution at Mon Jul 20 2026 12:07:00 GMT+0700 (Indochina Time)! Possible blocking IO or high CPU user at the same process used by node-cron.
[2026-07-20T05:21:38.934Z] [PID: 27435] [32m[NODE-CRON][32m [33m[WARN][0m missed execution at Mon Jul 20 2026 12:08:00 GMT+0700 (Indochina Time)! Possible blocking IO or high CPU user at the same process used by node-cron.
[2026-07-20T05:21:38.935Z] [PID: 27435] [32m[NODE-CRON][32m [33m[WARN][0m missed execution at Mon Jul 20 2026 12:09:00 GMT+0700 (Indochina Time)! Possible blocking IO or high CPU user at the same process used by node-cron.
[2026-07-20T05:21:38.935Z] [PID: 27435] [32m[NODE-CRON][32m [33m[WARN][0m missed execution at Mon Jul 20 2026 12:10:00 GMT+0700 (Indochina Time)! Possible blocking IO or high CPU user at the same process used by node-cron.
[2026-07-20T05:21:38.935Z] [PID: 27435] [32m[NODE-CRON][32m [33m[WARN][0m missed execution at Mon Jul 20 2026 12:11:00 GMT+0700 (Indochina Time)! Possible blocking IO or high CPU user at the same process used by node-cron.
[2026-07-20T05:21:38.935Z] [PID: 27435] [32m[NODE-CRON][32m [33m[WARN][0m missed execution at Mon Jul 20 2026 12:12:00 GMT+0700 (Indochina Time)! Possible blocking IO or high CPU user at the same process used by node-cron.
[2026-07-20T05:21:38.935Z] [PID: 27435] [32m[NODE-CRON][32m [33m[WARN][0m missed execution at Mon Jul 20 2026 12:13:00 GMT+0700 (Indochina Time)! Possible blocking IO or high CPU user at the same process used by node-cron.
[2026-07-20T05:21:38.935Z] [PID: 27435] [32m[NODE-CRON][32m [33m[WARN][0m missed execution at Mon Jul 20 2026 12:14:00 GMT+0700 (Indochina Time)! Possible blocking IO or high CPU user at the same process used by node-cron.
[2026-07-20T05:21:38.935Z] [PID: 27435] [32m[NODE-CRON][32m [33m[WARN][0m missed execution at Mon Jul 20 2026 12:15:00 GMT+0700 (Indochina Time)! Possible blocking IO or high CPU user at the same process used by node-cron.
[2026-07-20T05:21:38.935Z] [PID: 27435] [32m[NODE-CRON][32m [33m[WARN][0m missed execution at Mon Jul 20 2026 12:16:00 GMT+0700 (Indochina Time)! Possible blocking IO or high CPU user at the same process used by node-cron.
[2026-07-20T05:21:38.935Z] [PID: 27435] [32m[NODE-CRON][32m [33m[WARN][0m missed execution at Mon Jul 20 2026 12:17:00 GMT+0700 (Indochina Time)! Possible blocking IO or high CPU user at the same process used by node-cron.
[2026-07-20T05:21:38.935Z] [PID: 27435] [32m[NODE-CRON][32m [33m[WARN][0m missed execution at Mon Jul 20 2026 12:18:00 GMT+0700 (Indochina Time)! Possible blocking IO or high CPU user at the same process used by node-cron.
[2026-07-20T05:21:38.935Z] [PID: 27435] [32m[NODE-CRON][32m [33m[WARN][0m missed execution at Mon Jul 20 2026 12:19:00 GMT+0700 (Indochina Time)! Possible blocking IO or high CPU user at the same process used by node-cron.
[2026-07-20T05:21:38.935Z] [PID: 27435] [32m[NODE-CRON][32m [33m[WARN][0m missed execution at Mon Jul 20 2026 12:20:00 GMT+0700 (Indochina Time)! Possible blocking IO or high CPU user at the same process used by node-cron.
[2026-07-20T05:21:38.935Z] [PID: 27435] [32m[NODE-CRON][32m [33m[WARN][0m missed execution at Mon Jul 20 2026 12:21:00 GMT+0700 (Indochina Time)! Possible blocking IO or high CPU user at the same process used by node-cron.
[2026-07-20T05:38:04.648Z] [PID: 27435] [32m[NODE-CRON][32m [33m[WARN][0m missed execution at Mon Jul 20 2026 12:22:00 GMT+0700 (Indochina Time)! Possible blocking IO or high CPU user at the same process used by node-cron.
[2026-07-20T05:38:04.649Z] [PID: 27435] [32m[NODE-CRON][32m [33m[WARN][0m missed execution at Mon Jul 20 2026 12:23:00 GMT+0700 (Indochina Time)! Possible blocking IO or high CPU user at the same process used by node-cron.
[2026-07-20T05:38:04.649Z] [PID: 27435] [32m[NODE-CRON][32m [33m[WARN][0m missed execution at Mon Jul 20 2026 12:24:00 GMT+0700 (Indochina Time)! Possible blocking IO or high CPU user at the same process used by node-cron.
[2026-07-20T05:38:04.649Z] [PID: 27435] [32m[NODE-CRON][32m [33m[WARN][0m missed execution at Mon Jul 20 2026 12:25:00 GMT+0700 (Indochina Time)! Possible blocking IO or high CPU user at the same process used by node-cron.
[2026-07-20T05:38:04.649Z] [PID: 27435] [32m[NODE-CRON][32m [33m[WARN][0m missed execution at Mon Jul 20 2026 12:26:00 GMT+0700 (Indochina Time)! Possible blocking IO or high CPU user at the same process used by node-cron.
[2026-07-20T05:38:04.649Z] [PID: 27435] [32m[NODE-CRON][32m [33m[WARN][0m missed execution at Mon Jul 20 2026 12:27:00 GMT+0700 (Indochina Time)! Possible blocking IO or high CPU user at the same process used by node-cron.
[2026-07-20T05:38:04.649Z] [PID: 27435] [32m[NODE-CRON][32m [33m[WARN][0m missed execution at Mon Jul 20 2026 12:28:00 GMT+0700 (Indochina Time)! Possible blocking IO or high CPU user at the same process used by node-cron.
[2026-07-20T05:38:04.649Z] [PID: 27435] [32m[NODE-CRON][32m [33m[WARN][0m missed execution at Mon Jul 20 2026 12:29:00 GMT+0700 (Indochina Time)! Possible blocking IO or high CPU user at the same process used by node-cron.
[2026-07-20T05:38:04.649Z] [PID: 27435] [32m[NODE-CRON][32m [33m[WARN][0m missed execution at Mon Jul 20 2026 12:30:00 GMT+0700 (Indochina Time)! Possible blocking IO or high CPU user at the same process used by node-cron.
[2026-07-20T05:38:04.649Z] [PID: 27435] [32m[NODE-CRON][32m [33m[WARN][0m missed execution at Mon Jul 20 2026 12:31:00 GMT+0700 (Indochina Time)! Possible blocking IO or high CPU user at the same process used by node-cron.
[2026-07-20T05:38:04.649Z] [PID: 27435] [32m[NODE-CRON][32m [33m[WARN][0m missed execution at Mon Jul 20 2026 12:32:00 GMT+0700 (Indochina Time)! Possible blocking IO or high CPU user at the same process used by node-cron.
[2026-07-20T05:38:04.649Z] [PID: 27435] [32m[NODE-CRON][32m [33m[WARN][0m missed execution at Mon Jul 20 2026 12:33:00 GMT+0700 (Indochina Time)! Possible blocking IO or high CPU user at the same process used by node-cron.
[2026-07-20T05:38:04.649Z] [PID: 27435] [32m[NODE-CRON][32m [33m[WARN][0m missed execution at Mon Jul 20 2026 12:34:00 GMT+0700 (Indochina Time)! Possible blocking IO or high CPU user at the same process used by node-cron.
[2026-07-20T05:38:04.649Z] [PID: 27435] [32m[NODE-CRON][32m [33m[WARN][0m missed execution at Mon Jul 20 2026 12:35:00 GMT+0700 (Indochina Time)! Possible blocking IO or high CPU user at the same process used by node-cron.
[2026-07-20T05:38:04.649Z] [PID: 27435] [32m[NODE-CRON][32m [33m[WARN][0m missed execution at Mon Jul 20 2026 12:36:00 GMT+0700 (Indochina Time)! Possible blocking IO or high CPU user at the same process used by node-cron.
[2026-07-20T05:38:04.649Z] [PID: 27435] [32m[NODE-CRON][32m [33m[WARN][0m missed execution at Mon Jul 20 2026 12:37:00 GMT+0700 (Indochina Time)! Possible blocking IO or high CPU user at the same process used by node-cron.
[2026-07-20T05:38:04.649Z] [PID: 27435] [32m[NODE-CRON][32m [33m[WARN][0m missed execution at Mon Jul 20 2026 12:38:00 GMT+0700 (Indochina Time)! Possible blocking IO or high CPU user at the same process used by node-cron.
[2026-07-20T05:55:49.018Z] [PID: 27435] [32m[NODE-CRON][32m [33m[WARN][0m missed execution at Mon Jul 20 2026 12:39:00 GMT+0700 (Indochina Time)! Possible blocking IO or high CPU user at the same process used by node-cron.
[2026-07-20T05:55:49.018Z] [PID: 27435] [32m[NODE-CRON][32m [33m[WARN][0m missed execution at Mon Jul 20 2026 12:40:00 GMT+0700 (Indochina Time)! Possible blocking IO or high CPU user at the same process used by node-cron.
[2026-07-20T05:55:49.018Z] [PID: 27435] [32m[NODE-CRON][32m [33m[WARN][0m missed execution at Mon Jul 20 2026 12:41:00 GMT+0700 (Indochina Time)! Possible blocking IO or high CPU user at the same process used by node-cron.
[2026-07-20T05:55:49.018Z] [PID: 27435] [32m[NODE-CRON][32m [33m[WARN][0m missed execution at Mon Jul 20 2026 12:42:00 GMT+0700 (Indochina Time)! Possible blocking IO or high CPU user at the same process used by node-cron.
[2026-07-20T05:55:49.018Z] [PID: 27435] [32m[NODE-CRON][32m [33m[WARN][0m missed execution at Mon Jul 20 2026 12:43:00 GMT+0700 (Indochina Time)! Possible blocking IO or high CPU user at the same process used by node-cron.
[2026-07-20T05:55:49.018Z] [PID: 27435] [32m[NODE-CRON][32m [33m[WARN][0m missed execution at Mon Jul 20 2026 12:44:00 GMT+0700 (Indochina Time)! Possible blocking IO or high CPU user at the same process used by node-cron.
[2026-07-20T05:55:49.018Z] [PID: 27435] [32m[NODE-CRON][32m [33m[WARN][0m missed execution at Mon Jul 20 2026 12:45:00 GMT+0700 (Indochina Time)! Possible blocking IO or high CPU user at the same process used by node-cron.
[2026-07-20T05:55:49.059Z] [PID: 27435] [32m[NODE-CRON][32m [33m[WARN][0m missed execution at Mon Jul 20 2026 12:46:00 GMT+0700 (Indochina Time)! Possible blocking IO or high CPU user at the same process used by node-cron.
[2026-07-20T05:55:49.059Z] [PID: 27435] [32m[NODE-CRON][32m [33m[WARN][0m missed execution at Mon Jul 20 2026 12:47:00 GMT+0700 (Indochina Time)! Possible blocking IO or high CPU user at the same process used by node-cron.
[2026-07-20T05:55:49.059Z] [PID: 27435] [32m[NODE-CRON][32m [33m[WARN][0m missed execution at Mon Jul 20 2026 12:48:00 GMT+0700 (Indochina Time)! Possible blocking IO or high CPU user at the same process used by node-cron.
[2026-07-20T05:55:49.059Z] [PID: 27435] [32m[NODE-CRON][32m [33m[WARN][0m missed execution at Mon Jul 20 2026 12:49:00 GMT+0700 (Indochina Time)! Possible blocking IO or high CPU user at the same process used by node-cron.
[2026-07-20T05:55:49.059Z] [PID: 27435] [32m[NODE-CRON][32m [33m[WARN][0m missed execution at Mon Jul 20 2026 12:50:00 GMT+0700 (Indochina Time)! Possible blocking IO or high CPU user at the same process used by node-cron.
[2026-07-20T05:55:49.059Z] [PID: 27435] [32m[NODE-CRON][32m [33m[WARN][0m missed execution at Mon Jul 20 2026 12:51:00 GMT+0700 (Indochina Time)! Possible blocking IO or high CPU user at the same process used by node-cron.
[2026-07-20T05:55:49.059Z] [PID: 27435] [32m[NODE-CRON][32m [33m[WARN][0m missed execution at Mon Jul 20 2026 12:52:00 GMT+0700 (Indochina Time)! Possible blocking IO or high CPU user at the same process used by node-cron.
[2026-07-20T05:55:49.059Z] [PID: 27435] [32m[NODE-CRON][32m [33m[WARN][0m missed execution at Mon Jul 20 2026 12:53:00 GMT+0700 (Indochina Time)! Possible blocking IO or high CPU user at the same process used by node-cron.
[2026-07-20T05:55:49.059Z] [PID: 27435] [32m[NODE-CRON][32m [33m[WARN][0m missed execution at Mon Jul 20 2026 12:54:00 GMT+0700 (Indochina Time)! Possible blocking IO or high CPU user at the same process used by node-cron.
[2026-07-20T05:55:49.059Z] [PID: 27435] [32m[NODE-CRON][32m [33m[WARN][0m missed execution at Mon Jul 20 2026 12:55:00 GMT+0700 (Indochina Time)! Possible blocking IO or high CPU user at the same process used by node-cron.
[2026-07-20T06:07:00.939Z] [PID: 27435] [32m[NODE-CRON][32m [33m[WARN][0m missed execution at Mon Jul 20 2026 12:56:00 GMT+0700 (Indochina Time)! Possible blocking IO or high CPU user at the same process used by node-cron.
[2026-07-20T06:07:00.983Z] [PID: 27435] [32m[NODE-CRON][32m [33m[WARN][0m missed execution at Mon Jul 20 2026 12:57:00 GMT+0700 (Indochina Time)! Possible blocking IO or high CPU user at the same process used by node-cron.
[2026-07-20T06:07:00.983Z] [PID: 27435] [32m[NODE-CRON][32m [33m[WARN][0m missed execution at Mon Jul 20 2026 12:58:00 GMT+0700 (Indochina Time)! Possible blocking IO or high CPU user at the same process used by node-cron.
[2026-07-20T06:07:00.983Z] [PID: 27435] [32m[NODE-CRON][32m [33m[WARN][0m missed execution at Mon Jul 20 2026 12:59:00 GMT+0700 (Indochina Time)! Possible blocking IO or high CPU user at the same process used by node-cron.
[2026-07-20T06:07:00.986Z] [PID: 27435] [32m[NODE-CRON][32m [33m[WARN][0m missed execution at Mon Jul 20 2026 13:00:00 GMT+0700 (Indochina Time)! Possible blocking IO or high CPU user at the same process used by node-cron.
[2026-07-20T06:07:00.986Z] [PID: 27435] [32m[NODE-CRON][32m [33m[WARN][0m missed execution at Mon Jul 20 2026 13:01:00 GMT+0700 (Indochina Time)! Possible blocking IO or high CPU user at the same process used by node-cron.
[2026-07-20T06:07:00.986Z] [PID: 27435] [32m[NODE-CRON][32m [33m[WARN][0m missed execution at Mon Jul 20 2026 13:02:00 GMT+0700 (Indochina Time)! Possible blocking IO or high CPU user at the same process used by node-cron.
[2026-07-20T06:07:00.986Z] [PID: 27435] [32m[NODE-CRON][32m [33m[WARN][0m missed execution at Mon Jul 20 2026 13:03:00 GMT+0700 (Indochina Time)! Possible blocking IO or high CPU user at the same process used by node-cron.
[2026-07-20T06:07:00.986Z] [PID: 27435] [32m[NODE-CRON][32m [33m[WARN][0m missed execution at Mon Jul 20 2026 13:04:00 GMT+0700 (Indochina Time)! Possible blocking IO or high CPU user at the same process used by node-cron.
[2026-07-20T06:07:00.986Z] [PID: 27435] [32m[NODE-CRON][32m [33m[WARN][0m missed execution at Mon Jul 20 2026 13:05:00 GMT+0700 (Indochina Time)! Possible blocking IO or high CPU user at the same process used by node-cron.
[2026-07-20T06:07:00.986Z] [PID: 27435] [32m[NODE-CRON][32m [33m[WARN][0m missed execution at Mon Jul 20 2026 13:06:00 GMT+0700 (Indochina Time)! Possible blocking IO or high CPU user at the same process used by node-cron.
CronService: Đã tự động sinh kết quả ngẫu nhiên cho kỳ quay #1238
CronService: Lỗi xử lý cron VersionError: No matching document found for id "6a5db43bc053f7902014478a" version 0 modifiedPaths "winningNumbers, status"
    at generateVersionError (/Users/luannguyen/Documents/git/vuaxoso/backend/node_modules/mongoose/lib/model.js:596:10)
    at model.save (/Users/luannguyen/Documents/git/vuaxoso/backend/node_modules/mongoose/lib/model.js:658:30)
    at /Users/luannguyen/Documents/git/vuaxoso/backend/src/services/cronService.ts:60:20
    at processTicksAndRejections (node:internal/process/task_queues:95:5)
    at async execute (/Users/luannguyen/Documents/git/vuaxoso/backend/node_modules/node-cron/src/scheduler/runner.ts:194:26)
    at async runTask (/Users/luannguyen/Documents/git/vuaxoso/backend/node_modules/node-cron/src/scheduler/runner.ts:237:9)
    at async Runner.runCoordinated (/Users/luannguyen/Documents/git/vuaxoso/backend/node_modules/node-cron/src/scheduler/runner.ts:125:7)
    at async /Users/luannguyen/Documents/git/vuaxoso/backend/node_modules/node-cron/src/scheduler/runner.ts:275:13 {
  version: 0,
  modifiedPaths: [ 'winningNumbers', 'status' ]
}
[2026-07-20T06:22:26.972Z] [PID: 27435] [32m[NODE-CRON][32m [33m[WARN][0m missed execution at Mon Jul 20 2026 13:08:00 GMT+0700 (Indochina Time)! Possible blocking IO or high CPU user at the same process used by node-cron.
[2026-07-20T06:22:27.041Z] [PID: 27435] [32m[NODE-CRON][32m [33m[WARN][0m missed execution at Mon Jul 20 2026 13:09:00 GMT+0700 (Indochina Time)! Possible blocking IO or high CPU user at the same process used by node-cron.
[2026-07-20T06:22:27.249Z] [PID: 27435] [32m[NODE-CRON][32m [33m[WARN][0m missed execution at Mon Jul 20 2026 13:10:00 GMT+0700 (Indochina Time)! Possible blocking IO or high CPU user at the same process used by node-cron.
[2026-07-20T06:22:27.288Z] [PID: 27435] [32m[NODE-CRON][32m [33m[WARN][0m missed execution at Mon Jul 20 2026 13:11:00 GMT+0700 (Indochina Time)! Possible blocking IO or high CPU user at the same process used by node-cron.
[2026-07-20T06:22:27.288Z] [PID: 27435] [32m[NODE-CRON][32m [33m[WARN][0m missed execution at Mon Jul 20 2026 13:12:00 GMT+0700 (Indochina Time)! Possible blocking IO or high CPU user at the same process used by node-cron.
[2026-07-20T06:22:27.288Z] [PID: 27435] [32m[NODE-CRON][32m [33m[WARN][0m missed execution at Mon Jul 20 2026 13:13:00 GMT+0700 (Indochina Time)! Possible blocking IO or high CPU user at the same process used by node-cron.
[2026-07-20T06:22:27.288Z] [PID: 27435] [32m[NODE-CRON][32m [33m[WARN][0m missed execution at Mon Jul 20 2026 13:14:00 GMT+0700 (Indochina Time)! Possible blocking IO or high CPU user at the same process used by node-cron.
[2026-07-20T06:22:27.288Z] [PID: 27435] [32m[NODE-CRON][32m [33m[WARN][0m missed execution at Mon Jul 20 2026 13:15:00 GMT+0700 (Indochina Time)! Possible blocking IO or high CPU user at the same process used by node-cron.
[2026-07-20T06:22:27.288Z] [PID: 27435] [32m[NODE-CRON][32m [33m[WARN][0m missed execution at Mon Jul 20 2026 13:16:00 GMT+0700 (Indochina Time)! Possible blocking IO or high CPU user at the same process used by node-cron.
[2026-07-20T06:22:27.288Z] [PID: 27435] [32m[NODE-CRON][32m [33m[WARN][0m missed execution at Mon Jul 20 2026 13:17:00 GMT+0700 (Indochina Time)! Possible blocking IO or high CPU user at the same process used by node-cron.
[2026-07-20T06:22:27.288Z] [PID: 27435] [32m[NODE-CRON][32m [33m[WARN][0m missed execution at Mon Jul 20 2026 13:18:00 GMT+0700 (Indochina Time)! Possible blocking IO or high CPU user at the same process used by node-cron.
[2026-07-20T06:22:27.288Z] [PID: 27435] [32m[NODE-CRON][32m [33m[WARN][0m missed execution at Mon Jul 20 2026 13:19:00 GMT+0700 (Indochina Time)! Possible blocking IO or high CPU user at the same process used by node-cron.
[2026-07-20T06:22:27.288Z] [PID: 27435] [32m[NODE-CRON][32m [33m[WARN][0m missed execution at Mon Jul 20 2026 13:20:00 GMT+0700 (Indochina Time)! Possible blocking IO or high CPU user at the same process used by node-cron.
[2026-07-20T06:22:27.288Z] [PID: 27435] [32m[NODE-CRON][32m [33m[WARN][0m missed execution at Mon Jul 20 2026 13:21:00 GMT+0700 (Indochina Time)! Possible blocking IO or high CPU user at the same process used by node-cron.
[2026-07-20T06:22:27.289Z] [PID: 27435] [32m[NODE-CRON][32m [33m[WARN][0m missed execution at Mon Jul 20 2026 13:22:00 GMT+0700 (Indochina Time)! Possible blocking IO or high CPU user at the same process used by node-cron.
[2026-07-20T06:38:49.209Z] [PID: 27435] [32m[NODE-CRON][32m [33m[WARN][0m missed execution at Mon Jul 20 2026 13:23:00 GMT+0700 (Indochina Time)! Possible blocking IO or high CPU user at the same process used by node-cron.
[2026-07-20T06:38:49.246Z] [PID: 27435] [32m[NODE-CRON][32m [33m[WARN][0m missed execution at Mon Jul 20 2026 13:24:00 GMT+0700 (Indochina Time)! Possible blocking IO or high CPU user at the same process used by node-cron.
[2026-07-20T06:38:49.247Z] [PID: 27435] [32m[NODE-CRON][32m [33m[WARN][0m missed execution at Mon Jul 20 2026 13:25:00 GMT+0700 (Indochina Time)! Possible blocking IO or high CPU user at the same process used by node-cron.
[2026-07-20T06:38:49.247Z] [PID: 27435] [32m[NODE-CRON][32m [33m[WARN][0m missed execution at Mon Jul 20 2026 13:26:00 GMT+0700 (Indochina Time)! Possible blocking IO or high CPU user at the same process used by node-cron.
[2026-07-20T06:38:49.247Z] [PID: 27435] [32m[NODE-CRON][32m [33m[WARN][0m missed execution at Mon Jul 20 2026 13:27:00 GMT+0700 (Indochina Time)! Possible blocking IO or high CPU user at the same process used by node-cron.
[2026-07-20T06:38:49.247Z] [PID: 27435] [32m[NODE-CRON][32m [33m[WARN][0m missed execution at Mon Jul 20 2026 13:28:00 GMT+0700 (Indochina Time)! Possible blocking IO or high CPU user at the same process used by node-cron.
[2026-07-20T06:38:49.247Z] [PID: 27435] [32m[NODE-CRON][32m [33m[WARN][0m missed execution at Mon Jul 20 2026 13:29:00 GMT+0700 (Indochina Time)! Possible blocking IO or high CPU user at the same process used by node-cron.
[2026-07-20T06:38:49.247Z] [PID: 27435] [32m[NODE-CRON][32m [33m[WARN][0m missed execution at Mon Jul 20 2026 13:30:00 GMT+0700 (Indochina Time)! Possible blocking IO or high CPU user at the same process used by node-cron.
[2026-07-20T06:38:49.247Z] [PID: 27435] [32m[NODE-CRON][32m [33m[WARN][0m missed execution at Mon Jul 20 2026 13:31:00 GMT+0700 (Indochina Time)! Possible blocking IO or high CPU user at the same process used by node-cron.
[2026-07-20T06:38:49.247Z] [PID: 27435] [32m[NODE-CRON][32m [33m[WARN][0m missed execution at Mon Jul 20 2026 13:32:00 GMT+0700 (Indochina Time)! Possible blocking IO or high CPU user at the same process used by node-cron.
[2026-07-20T06:38:49.247Z] [PID: 27435] [32m[NODE-CRON][32m [33m[WARN][0m missed execution at Mon Jul 20 2026 13:33:00 GMT+0700 (Indochina Time)! Possible blocking IO or high CPU user at the same process used by node-cron.
[2026-07-20T06:38:49.247Z] [PID: 27435] [32m[NODE-CRON][32m [33m[WARN][0m missed execution at Mon Jul 20 2026 13:34:00 GMT+0700 (Indochina Time)! Possible blocking IO or high CPU user at the same process used by node-cron.
[2026-07-20T06:38:49.247Z] [PID: 27435] [32m[NODE-CRON][32m [33m[WARN][0m missed execution at Mon Jul 20 2026 13:35:00 GMT+0700 (Indochina Time)! Possible blocking IO or high CPU user at the same process used by node-cron.
[2026-07-20T06:38:49.247Z] [PID: 27435] [32m[NODE-CRON][32m [33m[WARN][0m missed execution at Mon Jul 20 2026 13:36:00 GMT+0700 (Indochina Time)! Possible blocking IO or high CPU user at the same process used by node-cron.
[2026-07-20T06:38:49.247Z] [PID: 27435] [32m[NODE-CRON][32m [33m[WARN][0m missed execution at Mon Jul 20 2026 13:37:00 GMT+0700 (Indochina Time)! Possible blocking IO or high CPU user at the same process used by node-cron.
[2026-07-20T06:38:49.247Z] [PID: 27435] [32m[NODE-CRON][32m [33m[WARN][0m missed execution at Mon Jul 20 2026 13:38:00 GMT+0700 (Indochina Time)! Possible blocking IO or high CPU user at the same process used by node-cron.
[2026-07-20T06:44:38.373Z] [PID: 27435] [32m[NODE-CRON][32m [33m[WARN][0m missed execution at Mon Jul 20 2026 13:39:00 GMT+0700 (Indochina Time)! Possible blocking IO or high CPU user at the same process used by node-cron.
[2026-07-20T06:44:38.449Z] [PID: 27435] [32m[NODE-CRON][32m [33m[WARN][0m missed execution at Mon Jul 20 2026 13:40:00 GMT+0700 (Indochina Time)! Possible blocking IO or high CPU user at the same process used by node-cron.
[2026-07-20T06:44:38.450Z] [PID: 27435] [32m[NODE-CRON][32m [33m[WARN][0m missed execution at Mon Jul 20 2026 13:41:00 GMT+0700 (Indochina Time)! Possible blocking IO or high CPU user at the same process used by node-cron.
[2026-07-20T06:44:38.450Z] [PID: 27435] [32m[NODE-CRON][32m [33m[WARN][0m missed execution at Mon Jul 20 2026 13:42:00 GMT+0700 (Indochina Time)! Possible blocking IO or high CPU user at the same process used by node-cron.
[2026-07-20T06:44:38.450Z] [PID: 27435] [32m[NODE-CRON][32m [33m[WARN][0m missed execution at Mon Jul 20 2026 13:43:00 GMT+0700 (Indochina Time)! Possible blocking IO or high CPU user at the same process used by node-cron.
[2026-07-20T06:44:38.450Z] [PID: 27435] [32m[NODE-CRON][32m [33m[WARN][0m missed execution at Mon Jul 20 2026 13:44:00 GMT+0700 (Indochina Time)! Possible blocking IO or high CPU user at the same process used by node-cron.
[2026-07-20T07:02:50.014Z] [PID: 27435] [32m[NODE-CRON][32m [33m[WARN][0m missed execution at Mon Jul 20 2026 13:46:00 GMT+0700 (Indochina Time)! Possible blocking IO or high CPU user at the same process used by node-cron.
[2026-07-20T07:02:50.083Z] [PID: 27435] [32m[NODE-CRON][32m [33m[WARN][0m missed execution at Mon Jul 20 2026 13:47:00 GMT+0700 (Indochina Time)! Possible blocking IO or high CPU user at the same process used by node-cron.
[2026-07-20T07:02:50.083Z] [PID: 27435] [32m[NODE-CRON][32m [33m[WARN][0m missed execution at Mon Jul 20 2026 13:48:00 GMT+0700 (Indochina Time)! Possible blocking IO or high CPU user at the same process used by node-cron.
[2026-07-20T07:02:50.083Z] [PID: 27435] [32m[NODE-CRON][32m [33m[WARN][0m missed execution at Mon Jul 20 2026 13:49:00 GMT+0700 (Indochina Time)! Possible blocking IO or high CPU user at the same process used by node-cron.
[2026-07-20T07:02:50.792Z] [PID: 27435] [32m[NODE-CRON][32m [33m[WARN][0m missed execution at Mon Jul 20 2026 13:50:00 GMT+0700 (Indochina Time)! Possible blocking IO or high CPU user at the same process used by node-cron.
[2026-07-20T07:02:50.844Z] [PID: 27435] [32m[NODE-CRON][32m [33m[WARN][0m missed execution at Mon Jul 20 2026 13:51:00 GMT+0700 (Indochina Time)! Possible blocking IO or high CPU user at the same process used by node-cron.
[2026-07-20T07:02:50.844Z] [PID: 27435] [32m[NODE-CRON][32m [33m[WARN][0m missed execution at Mon Jul 20 2026 13:52:00 GMT+0700 (Indochina Time)! Possible blocking IO or high CPU user at the same process used by node-cron.
[2026-07-20T07:02:50.844Z] [PID: 27435] [32m[NODE-CRON][32m [33m[WARN][0m missed execution at Mon Jul 20 2026 13:53:00 GMT+0700 (Indochina Time)! Possible blocking IO or high CPU user at the same process used by node-cron.
[2026-07-20T07:02:50.848Z] [PID: 27435] [32m[NODE-CRON][32m [33m[WARN][0m missed execution at Mon Jul 20 2026 13:54:00 GMT+0700 (Indochina Time)! Possible blocking IO or high CPU user at the same process used by node-cron.
[2026-07-20T07:02:50.975Z] [PID: 27435] [32m[NODE-CRON][32m [33m[WARN][0m missed execution at Mon Jul 20 2026 13:55:00 GMT+0700 (Indochina Time)! Possible blocking IO or high CPU user at the same process used by node-cron.
[2026-07-20T07:02:51.353Z] [PID: 27435] [32m[NODE-CRON][32m [33m[WARN][0m missed execution at Mon Jul 20 2026 13:56:00 GMT+0700 (Indochina Time)! Possible blocking IO or high CPU user at the same process used by node-cron.
[2026-07-20T07:02:51.353Z] [PID: 27435] [32m[NODE-CRON][32m [33m[WARN][0m missed execution at Mon Jul 20 2026 13:57:00 GMT+0700 (Indochina Time)! Possible blocking IO or high CPU user at the same process used by node-cron.
[2026-07-20T07:02:51.360Z] [PID: 27435] [32m[NODE-CRON][32m [33m[WARN][0m missed execution at Mon Jul 20 2026 13:58:00 GMT+0700 (Indochina Time)! Possible blocking IO or high CPU user at the same process used by node-cron.
[2026-07-20T07:02:51.527Z] [PID: 27435] [32m[NODE-CRON][32m [33m[WARN][0m missed execution at Mon Jul 20 2026 13:59:00 GMT+0700 (Indochina Time)! Possible blocking IO or high CPU user at the same process used by node-cron.
[2026-07-20T07:02:51.605Z] [PID: 27435] [32m[NODE-CRON][32m [33m[WARN][0m missed execution at Mon Jul 20 2026 14:00:00 GMT+0700 (Indochina Time)! Possible blocking IO or high CPU user at the same process used by node-cron.
[2026-07-20T07:02:51.605Z] [PID: 27435] [32m[NODE-CRON][32m [33m[WARN][0m missed execution at Mon Jul 20 2026 14:01:00 GMT+0700 (Indochina Time)! Possible blocking IO or high CPU user at the same process used by node-cron.
[2026-07-20T07:02:51.605Z] [PID: 27435] [32m[NODE-CRON][32m [33m[WARN][0m missed execution at Mon Jul 20 2026 14:02:00 GMT+0700 (Indochina Time)! Possible blocking IO or high CPU user at the same process used by node-cron.
[2026-07-20T07:08:01.992Z] [PID: 27435] [32m[NODE-CRON][32m [33m[WARN][0m missed execution at Mon Jul 20 2026 14:04:00 GMT+0700 (Indochina Time)! Possible blocking IO or high CPU user at the same process used by node-cron.
[2026-07-20T07:08:02.211Z] [PID: 27435] [32m[NODE-CRON][32m [33m[WARN][0m missed execution at Mon Jul 20 2026 14:05:00 GMT+0700 (Indochina Time)! Possible blocking IO or high CPU user at the same process used by node-cron.
[2026-07-20T07:08:02.211Z] [PID: 27435] [32m[NODE-CRON][32m [33m[WARN][0m missed execution at Mon Jul 20 2026 14:06:00 GMT+0700 (Indochina Time)! Possible blocking IO or high CPU user at the same process used by node-cron.
[2026-07-20T07:08:02.215Z] [PID: 27435] [32m[NODE-CRON][32m [33m[WARN][0m missed execution at Mon Jul 20 2026 14:07:00 GMT+0700 (Indochina Time)! Possible blocking IO or high CPU user at the same process used by node-cron.
[2026-07-20T07:25:30.107Z] [PID: 27435] [32m[NODE-CRON][32m [33m[WARN][0m missed execution at Mon Jul 20 2026 14:09:00 GMT+0700 (Indochina Time)! Possible blocking IO or high CPU user at the same process used by node-cron.
[2026-07-20T07:25:30.148Z] [PID: 27435] [32m[NODE-CRON][32m [33m[WARN][0m missed execution at Mon Jul 20 2026 14:10:00 GMT+0700 (Indochina Time)! Possible blocking IO or high CPU user at the same process used by node-cron.
[2026-07-20T07:25:30.148Z] [PID: 27435] [32m[NODE-CRON][32m [33m[WARN][0m missed execution at Mon Jul 20 2026 14:11:00 GMT+0700 (Indochina Time)! Possible blocking IO or high CPU user at the same process used by node-cron.
[2026-07-20T07:25:30.148Z] [PID: 27435] [32m[NODE-CRON][32m [33m[WARN][0m missed execution at Mon Jul 20 2026 14:12:00 GMT+0700 (Indochina Time)! Possible blocking IO or high CPU user at the same process used by node-cron.
[2026-07-20T07:25:30.148Z] [PID: 27435] [32m[NODE-CRON][32m [33m[WARN][0m missed execution at Mon Jul 20 2026 14:13:00 GMT+0700 (Indochina Time)! Possible blocking IO or high CPU user at the same process used by node-cron.
[2026-07-20T07:25:30.148Z] [PID: 27435] [32m[NODE-CRON][32m [33m[WARN][0m missed execution at Mon Jul 20 2026 14:14:00 GMT+0700 (Indochina Time)! Possible blocking IO or high CPU user at the same process used by node-cron.
[2026-07-20T07:25:30.148Z] [PID: 27435] [32m[NODE-CRON][32m [33m[WARN][0m missed execution at Mon Jul 20 2026 14:15:00 GMT+0700 (Indochina Time)! Possible blocking IO or high CPU user at the same process used by node-cron.
[2026-07-20T07:25:30.148Z] [PID: 27435] [32m[NODE-CRON][32m [33m[WARN][0m missed execution at Mon Jul 20 2026 14:16:00 GMT+0700 (Indochina Time)! Possible blocking IO or high CPU user at the same process used by node-cron.
[2026-07-20T07:25:30.148Z] [PID: 27435] [32m[NODE-CRON][32m [33m[WARN][0m missed execution at Mon Jul 20 2026 14:17:00 GMT+0700 (Indochina Time)! Possible blocking IO or high CPU user at the same process used by node-cron.
[2026-07-20T07:25:30.148Z] [PID: 27435] [32m[NODE-CRON][32m [33m[WARN][0m missed execution at Mon Jul 20 2026 14:18:00 GMT+0700 (Indochina Time)! Possible blocking IO or high CPU user at the same process used by node-cron.
[2026-07-20T07:25:30.148Z] [PID: 27435] [32m[NODE-CRON][32m [33m[WARN][0m missed execution at Mon Jul 20 2026 14:19:00 GMT+0700 (Indochina Time)! Possible blocking IO or high CPU user at the same process used by node-cron.
[2026-07-20T07:25:30.148Z] [PID: 27435] [32m[NODE-CRON][32m [33m[WARN][0m missed execution at Mon Jul 20 2026 14:20:00 GMT+0700 (Indochina Time)! Possible blocking IO or high CPU user at the same process used by node-cron.
[2026-07-20T07:25:30.148Z] [PID: 27435] [32m[NODE-CRON][32m [33m[WARN][0m missed execution at Mon Jul 20 2026 14:21:00 GMT+0700 (Indochina Time)! Possible blocking IO or high CPU user at the same process used by node-cron.
[2026-07-20T07:25:30.148Z] [PID: 27435] [32m[NODE-CRON][32m [33m[WARN][0m missed execution at Mon Jul 20 2026 14:22:00 GMT+0700 (Indochina Time)! Possible blocking IO or high CPU user at the same process used by node-cron.
[2026-07-20T07:25:30.148Z] [PID: 27435] [32m[NODE-CRON][32m [33m[WARN][0m missed execution at Mon Jul 20 2026 14:23:00 GMT+0700 (Indochina Time)! Possible blocking IO or high CPU user at the same process used by node-cron.
[2026-07-20T07:25:30.148Z] [PID: 27435] [32m[NODE-CRON][32m [33m[WARN][0m missed execution at Mon Jul 20 2026 14:24:00 GMT+0700 (Indochina Time)! Possible blocking IO or high CPU user at the same process used by node-cron.
[2026-07-20T07:25:30.148Z] [PID: 27435] [32m[NODE-CRON][32m [33m[WARN][0m missed execution at Mon Jul 20 2026 14:25:00 GMT+0700 (Indochina Time)! Possible blocking IO or high CPU user at the same process used by node-cron.
[2026-07-20T07:42:56.770Z] [PID: 27435] [32m[NODE-CRON][32m [33m[WARN][0m missed execution at Mon Jul 20 2026 14:26:00 GMT+0700 (Indochina Time)! Possible blocking IO or high CPU user at the same process used by node-cron.
[2026-07-20T07:42:56.771Z] [PID: 27435] [32m[NODE-CRON][32m [33m[WARN][0m missed execution at Mon Jul 20 2026 14:27:00 GMT+0700 (Indochina Time)! Possible blocking IO or high CPU user at the same process used by node-cron.
[2026-07-20T07:42:56.771Z] [PID: 27435] [32m[NODE-CRON][32m [33m[WARN][0m missed execution at Mon Jul 20 2026 14:28:00 GMT+0700 (Indochina Time)! Possible blocking IO or high CPU user at the same process used by node-cron.
[2026-07-20T07:42:56.771Z] [PID: 27435] [32m[NODE-CRON][32m [33m[WARN][0m missed execution at Mon Jul 20 2026 14:29:00 GMT+0700 (Indochina Time)! Possible blocking IO or high CPU user at the same process used by node-cron.
[2026-07-20T07:42:56.771Z] [PID: 27435] [32m[NODE-CRON][32m [33m[WARN][0m missed execution at Mon Jul 20 2026 14:30:00 GMT+0700 (Indochina Time)! Possible blocking IO or high CPU user at the same process used by node-cron.
[2026-07-20T07:42:56.771Z] [PID: 27435] [32m[NODE-CRON][32m [33m[WARN][0m missed execution at Mon Jul 20 2026 14:31:00 GMT+0700 (Indochina Time)! Possible blocking IO or high CPU user at the same process used by node-cron.
[2026-07-20T07:42:56.772Z] [PID: 27435] [32m[NODE-CRON][32m [33m[WARN][0m missed execution at Mon Jul 20 2026 14:32:00 GMT+0700 (Indochina Time)! Possible blocking IO or high CPU user at the same process used by node-cron.
[2026-07-20T07:42:56.772Z] [PID: 27435] [32m[NODE-CRON][32m [33m[WARN][0m missed execution at Mon Jul 20 2026 14:33:00 GMT+0700 (Indochina Time)! Possible blocking IO or high CPU user at the same process used by node-cron.
[2026-07-20T07:42:56.772Z] [PID: 27435] [32m[NODE-CRON][32m [33m[WARN][0m missed execution at Mon Jul 20 2026 14:34:00 GMT+0700 (Indochina Time)! Possible blocking IO or high CPU user at the same process used by node-cron.
[2026-07-20T07:42:56.772Z] [PID: 27435] [32m[NODE-CRON][32m [33m[WARN][0m missed execution at Mon Jul 20 2026 14:35:00 GMT+0700 (Indochina Time)! Possible blocking IO or high CPU user at the same process used by node-cron.
[2026-07-20T07:42:56.772Z] [PID: 27435] [32m[NODE-CRON][32m [33m[WARN][0m missed execution at Mon Jul 20 2026 14:36:00 GMT+0700 (Indochina Time)! Possible blocking IO or high CPU user at the same process used by node-cron.
[2026-07-20T07:42:56.772Z] [PID: 27435] [32m[NODE-CRON][32m [33m[WARN][0m missed execution at Mon Jul 20 2026 14:37:00 GMT+0700 (Indochina Time)! Possible blocking IO or high CPU user at the same process used by node-cron.
[2026-07-20T07:42:56.772Z] [PID: 27435] [32m[NODE-CRON][32m [33m[WARN][0m missed execution at Mon Jul 20 2026 14:38:00 GMT+0700 (Indochina Time)! Possible blocking IO or high CPU user at the same process used by node-cron.
[2026-07-20T07:42:56.772Z] [PID: 27435] [32m[NODE-CRON][32m [33m[WARN][0m missed execution at Mon Jul 20 2026 14:39:00 GMT+0700 (Indochina Time)! Possible blocking IO or high CPU user at the same process used by node-cron.
[2026-07-20T07:42:56.772Z] [PID: 27435] [32m[NODE-CRON][32m [33m[WARN][0m missed execution at Mon Jul 20 2026 14:40:00 GMT+0700 (Indochina Time)! Possible blocking IO or high CPU user at the same process used by node-cron.
[2026-07-20T07:42:56.772Z] [PID: 27435] [32m[NODE-CRON][32m [33m[WARN][0m missed execution at Mon Jul 20 2026 14:41:00 GMT+0700 (Indochina Time)! Possible blocking IO or high CPU user at the same process used by node-cron.
[2026-07-20T07:42:56.772Z] [PID: 27435] [32m[NODE-CRON][32m [33m[WARN][0m missed execution at Mon Jul 20 2026 14:42:00 GMT+0700 (Indochina Time)! Possible blocking IO or high CPU user at the same process used by node-cron.
[2026-07-20T07:52:41.791Z] [PID: 27435] [32m[NODE-CRON][32m [33m[WARN][0m missed execution at Mon Jul 20 2026 14:43:00 GMT+0700 (Indochina Time)! Possible blocking IO or high CPU user at the same process used by node-cron.
[2026-07-20T07:52:41.791Z] [PID: 27435] [32m[NODE-CRON][32m [33m[WARN][0m missed execution at Mon Jul 20 2026 14:44:00 GMT+0700 (Indochina Time)! Possible blocking IO or high CPU user at the same process used by node-cron.
[2026-07-20T07:52:41.791Z] [PID: 27435] [32m[NODE-CRON][32m [33m[WARN][0m missed execution at Mon Jul 20 2026 14:45:00 GMT+0700 (Indochina Time)! Possible blocking IO or high CPU user at the same process used by node-cron.
[2026-07-20T07:52:41.791Z] [PID: 27435] [32m[NODE-CRON][32m [33m[WARN][0m missed execution at Mon Jul 20 2026 14:46:00 GMT+0700 (Indochina Time)! Possible blocking IO or high CPU user at the same process used by node-cron.
[2026-07-20T07:52:41.792Z] [PID: 27435] [32m[NODE-CRON][32m [33m[WARN][0m missed execution at Mon Jul 20 2026 14:47:00 GMT+0700 (Indochina Time)! Possible blocking IO or high CPU user at the same process used by node-cron.
[2026-07-20T07:52:41.792Z] [PID: 27435] [32m[NODE-CRON][32m [33m[WARN][0m missed execution at Mon Jul 20 2026 14:48:00 GMT+0700 (Indochina Time)! Possible blocking IO or high CPU user at the same process used by node-cron.
[2026-07-20T07:52:41.792Z] [PID: 27435] [32m[NODE-CRON][32m [33m[WARN][0m missed execution at Mon Jul 20 2026 14:49:00 GMT+0700 (Indochina Time)! Possible blocking IO or high CPU user at the same process used by node-cron.
[2026-07-20T07:52:41.792Z] [PID: 27435] [32m[NODE-CRON][32m [33m[WARN][0m missed execution at Mon Jul 20 2026 14:50:00 GMT+0700 (Indochina Time)! Possible blocking IO or high CPU user at the same process used by node-cron.
[2026-07-20T07:52:41.792Z] [PID: 27435] [32m[NODE-CRON][32m [33m[WARN][0m missed execution at Mon Jul 20 2026 14:51:00 GMT+0700 (Indochina Time)! Possible blocking IO or high CPU user at the same process used by node-cron.
[2026-07-20T07:52:41.792Z] [PID: 27435] [32m[NODE-CRON][32m [33m[WARN][0m missed execution at Mon Jul 20 2026 14:52:00 GMT+0700 (Indochina Time)! Possible blocking IO or high CPU user at the same process used by node-cron.
CronService: Đã tự động sinh kết quả ngẫu nhiên cho kỳ quay #1408
CronService: Lỗi xử lý cron VersionError: No matching document found for id "6a5dc953c053f79020144794" version 0 modifiedPaths "winningNumbers, status"
    at generateVersionError (/Users/luannguyen/Documents/git/vuaxoso/backend/node_modules/mongoose/lib/model.js:596:10)
    at model.save (/Users/luannguyen/Documents/git/vuaxoso/backend/node_modules/mongoose/lib/model.js:658:30)
    at /Users/luannguyen/Documents/git/vuaxoso/backend/src/services/cronService.ts:60:20
    at processTicksAndRejections (node:internal/process/task_queues:95:5)
    at async execute (/Users/luannguyen/Documents/git/vuaxoso/backend/node_modules/node-cron/src/scheduler/runner.ts:194:26)
    at async runTask (/Users/luannguyen/Documents/git/vuaxoso/backend/node_modules/node-cron/src/scheduler/runner.ts:237:9)
    at async Runner.runCoordinated (/Users/luannguyen/Documents/git/vuaxoso/backend/node_modules/node-cron/src/scheduler/runner.ts:125:7)
    at async /Users/luannguyen/Documents/git/vuaxoso/backend/node_modules/node-cron/src/scheduler/runner.ts:275:13 {
  version: 0,
  modifiedPaths: [ 'winningNumbers', 'status' ]
}
[2026-07-20T08:08:55.140Z] [PID: 27435] [32m[NODE-CRON][32m [33m[WARN][0m missed execution at Mon Jul 20 2026 14:54:00 GMT+0700 (Indochina Time)! Possible blocking IO or high CPU user at the same process used by node-cron.
[2026-07-20T08:08:55.140Z] [PID: 27435] [32m[NODE-CRON][32m [33m[WARN][0m missed execution at Mon Jul 20 2026 14:55:00 GMT+0700 (Indochina Time)! Possible blocking IO or high CPU user at the same process used by node-cron.
[2026-07-20T08:08:55.140Z] [PID: 27435] [32m[NODE-CRON][32m [33m[WARN][0m missed execution at Mon Jul 20 2026 14:56:00 GMT+0700 (Indochina Time)! Possible blocking IO or high CPU user at the same process used by node-cron.
[2026-07-20T08:08:55.140Z] [PID: 27435] [32m[NODE-CRON][32m [33m[WARN][0m missed execution at Mon Jul 20 2026 14:57:00 GMT+0700 (Indochina Time)! Possible blocking IO or high CPU user at the same process used by node-cron.
[2026-07-20T08:08:55.140Z] [PID: 27435] [32m[NODE-CRON][32m [33m[WARN][0m missed execution at Mon Jul 20 2026 14:58:00 GMT+0700 (Indochina Time)! Possible blocking IO or high CPU user at the same process used by node-cron.
[2026-07-20T08:08:55.140Z] [PID: 27435] [32m[NODE-CRON][32m [33m[WARN][0m missed execution at Mon Jul 20 2026 14:59:00 GMT+0700 (Indochina Time)! Possible blocking IO or high CPU user at the same process used by node-cron.
[2026-07-20T08:08:55.140Z] [PID: 27435] [32m[NODE-CRON][32m [33m[WARN][0m missed execution at Mon Jul 20 2026 15:00:00 GMT+0700 (Indochina Time)! Possible blocking IO or high CPU user at the same process used by node-cron.
[2026-07-20T08:08:55.140Z] [PID: 27435] [32m[NODE-CRON][32m [33m[WARN][0m missed execution at Mon Jul 20 2026 15:01:00 GMT+0700 (Indochina Time)! Possible blocking IO or high CPU user at the same process used by node-cron.
[2026-07-20T08:08:55.141Z] [PID: 27435] [32m[NODE-CRON][32m [33m[WARN][0m missed execution at Mon Jul 20 2026 15:02:00 GMT+0700 (Indochina Time)! Possible blocking IO or high CPU user at the same process used by node-cron.
[2026-07-20T08:08:55.141Z] [PID: 27435] [32m[NODE-CRON][32m [33m[WARN][0m missed execution at Mon Jul 20 2026 15:03:00 GMT+0700 (Indochina Time)! Possible blocking IO or high CPU user at the same process used by node-cron.
[2026-07-20T08:08:55.143Z] [PID: 27435] [32m[NODE-CRON][32m [33m[WARN][0m missed execution at Mon Jul 20 2026 15:04:00 GMT+0700 (Indochina Time)! Possible blocking IO or high CPU user at the same process used by node-cron.
[2026-07-20T08:08:55.143Z] [PID: 27435] [32m[NODE-CRON][32m [33m[WARN][0m missed execution at Mon Jul 20 2026 15:05:00 GMT+0700 (Indochina Time)! Possible blocking IO or high CPU user at the same process used by node-cron.
[2026-07-20T08:08:55.143Z] [PID: 27435] [32m[NODE-CRON][32m [33m[WARN][0m missed execution at Mon Jul 20 2026 15:06:00 GMT+0700 (Indochina Time)! Possible blocking IO or high CPU user at the same process used by node-cron.
[2026-07-20T08:08:55.143Z] [PID: 27435] [32m[NODE-CRON][32m [33m[WARN][0m missed execution at Mon Jul 20 2026 15:07:00 GMT+0700 (Indochina Time)! Possible blocking IO or high CPU user at the same process used by node-cron.
[2026-07-20T08:08:55.143Z] [PID: 27435] [32m[NODE-CRON][32m [33m[WARN][0m missed execution at Mon Jul 20 2026 15:08:00 GMT+0700 (Indochina Time)! Possible blocking IO or high CPU user at the same process used by node-cron.
[2026-07-20T08:24:19.074Z] [PID: 27435] [32m[NODE-CRON][32m [33m[WARN][0m missed execution at Mon Jul 20 2026 15:10:00 GMT+0700 (Indochina Time)! Possible blocking IO or high CPU user at the same process used by node-cron.
[2026-07-20T08:24:19.157Z] [PID: 27435] [32m[NODE-CRON][32m [33m[WARN][0m missed execution at Mon Jul 20 2026 15:11:00 GMT+0700 (Indochina Time)! Possible blocking IO or high CPU user at the same process used by node-cron.
[2026-07-20T08:24:19.158Z] [PID: 27435] [32m[NODE-CRON][32m [33m[WARN][0m missed execution at Mon Jul 20 2026 15:12:00 GMT+0700 (Indochina Time)! Possible blocking IO or high CPU user at the same process used by node-cron.
[2026-07-20T08:24:19.158Z] [PID: 27435] [32m[NODE-CRON][32m [33m[WARN][0m missed execution at Mon Jul 20 2026 15:13:00 GMT+0700 (Indochina Time)! Possible blocking IO or high CPU user at the same process used by node-cron.
[2026-07-20T08:24:19.158Z] [PID: 27435] [32m[NODE-CRON][32m [33m[WARN][0m missed execution at Mon Jul 20 2026 15:14:00 GMT+0700 (Indochina Time)! Possible blocking IO or high CPU user at the same process used by node-cron.
[2026-07-20T08:24:19.158Z] [PID: 27435] [32m[NODE-CRON][32m [33m[WARN][0m missed execution at Mon Jul 20 2026 15:15:00 GMT+0700 (Indochina Time)! Possible blocking IO or high CPU user at the same process used by node-cron.
[2026-07-20T08:24:19.160Z] [PID: 27435] [32m[NODE-CRON][32m [33m[WARN][0m missed execution at Mon Jul 20 2026 15:16:00 GMT+0700 (Indochina Time)! Possible blocking IO or high CPU user at the same process used by node-cron.
[2026-07-20T08:24:19.160Z] [PID: 27435] [32m[NODE-CRON][32m [33m[WARN][0m missed execution at Mon Jul 20 2026 15:17:00 GMT+0700 (Indochina Time)! Possible blocking IO or high CPU user at the same process used by node-cron.
[2026-07-20T08:24:19.160Z] [PID: 27435] [32m[NODE-CRON][32m [33m[WARN][0m missed execution at Mon Jul 20 2026 15:18:00 GMT+0700 (Indochina Time)! Possible blocking IO or high CPU user at the same process used by node-cron.
[2026-07-20T08:24:19.160Z] [PID: 27435] [32m[NODE-CRON][32m [33m[WARN][0m missed execution at Mon Jul 20 2026 15:19:00 GMT+0700 (Indochina Time)! Possible blocking IO or high CPU user at the same process used by node-cron.
[2026-07-20T08:24:19.160Z] [PID: 27435] [32m[NODE-CRON][32m [33m[WARN][0m missed execution at Mon Jul 20 2026 15:20:00 GMT+0700 (Indochina Time)! Possible blocking IO or high CPU user at the same process used by node-cron.
[2026-07-20T08:24:19.160Z] [PID: 27435] [32m[NODE-CRON][32m [33m[WARN][0m missed execution at Mon Jul 20 2026 15:21:00 GMT+0700 (Indochina Time)! Possible blocking IO or high CPU user at the same process used by node-cron.
[2026-07-20T08:24:19.160Z] [PID: 27435] [32m[NODE-CRON][32m [33m[WARN][0m missed execution at Mon Jul 20 2026 15:22:00 GMT+0700 (Indochina Time)! Possible blocking IO or high CPU user at the same process used by node-cron.
[2026-07-20T08:24:19.160Z] [PID: 27435] [32m[NODE-CRON][32m [33m[WARN][0m missed execution at Mon Jul 20 2026 15:23:00 GMT+0700 (Indochina Time)! Possible blocking IO or high CPU user at the same process used by node-cron.
[2026-07-20T08:24:19.160Z] [PID: 27435] [32m[NODE-CRON][32m [33m[WARN][0m missed execution at Mon Jul 20 2026 15:24:00 GMT+0700 (Indochina Time)! Possible blocking IO or high CPU user at the same process used by node-cron.
[2026-07-20T08:40:26.025Z] [PID: 27435] [32m[NODE-CRON][32m [33m[WARN][0m missed execution at Mon Jul 20 2026 15:25:00 GMT+0700 (Indochina Time)! Possible blocking IO or high CPU user at the same process used by node-cron.
[2026-07-20T08:40:26.025Z] [PID: 27435] [32m[NODE-CRON][32m [33m[WARN][0m missed execution at Mon Jul 20 2026 15:26:00 GMT+0700 (Indochina Time)! Possible blocking IO or high CPU user at the same process used by node-cron.
[2026-07-20T08:40:26.025Z] [PID: 27435] [32m[NODE-CRON][32m [33m[WARN][0m missed execution at Mon Jul 20 2026 15:27:00 GMT+0700 (Indochina Time)! Possible blocking IO or high CPU user at the same process used by node-cron.
[2026-07-20T08:40:26.025Z] [PID: 27435] [32m[NODE-CRON][32m [33m[WARN][0m missed execution at Mon Jul 20 2026 15:28:00 GMT+0700 (Indochina Time)! Possible blocking IO or high CPU user at the same process used by node-cron.
[2026-07-20T08:40:26.025Z] [PID: 27435] [32m[NODE-CRON][32m [33m[WARN][0m missed execution at Mon Jul 20 2026 15:29:00 GMT+0700 (Indochina Time)! Possible blocking IO or high CPU user at the same process used by node-cron.
[2026-07-20T08:40:26.025Z] [PID: 27435] [32m[NODE-CRON][32m [33m[WARN][0m missed execution at Mon Jul 20 2026 15:30:00 GMT+0700 (Indochina Time)! Possible blocking IO or high CPU user at the same process used by node-cron.
[2026-07-20T08:40:26.025Z] [PID: 27435] [32m[NODE-CRON][32m [33m[WARN][0m missed execution at Mon Jul 20 2026 15:31:00 GMT+0700 (Indochina Time)! Possible blocking IO or high CPU user at the same process used by node-cron.
[2026-07-20T08:40:26.025Z] [PID: 27435] [32m[NODE-CRON][32m [33m[WARN][0m missed execution at Mon Jul 20 2026 15:32:00 GMT+0700 (Indochina Time)! Possible blocking IO or high CPU user at the same process used by node-cron.
[2026-07-20T08:40:26.025Z] [PID: 27435] [32m[NODE-CRON][32m [33m[WARN][0m missed execution at Mon Jul 20 2026 15:33:00 GMT+0700 (Indochina Time)! Possible blocking IO or high CPU user at the same process used by node-cron.
[2026-07-20T08:40:26.025Z] [PID: 27435] [32m[NODE-CRON][32m [33m[WARN][0m missed execution at Mon Jul 20 2026 15:34:00 GMT+0700 (Indochina Time)! Possible blocking IO or high CPU user at the same process used by node-cron.
[2026-07-20T08:40:26.025Z] [PID: 27435] [32m[NODE-CRON][32m [33m[WARN][0m missed execution at Mon Jul 20 2026 15:35:00 GMT+0700 (Indochina Time)! Possible blocking IO or high CPU user at the same process used by node-cron.
[2026-07-20T08:40:26.025Z] [PID: 27435] [32m[NODE-CRON][32m [33m[WARN][0m missed execution at Mon Jul 20 2026 15:36:00 GMT+0700 (Indochina Time)! Possible blocking IO or high CPU user at the same process used by node-cron.
[2026-07-20T08:40:26.025Z] [PID: 27435] [32m[NODE-CRON][32m [33m[WARN][0m missed execution at Mon Jul 20 2026 15:37:00 GMT+0700 (Indochina Time)! Possible blocking IO or high CPU user at the same process used by node-cron.
[2026-07-20T08:40:26.025Z] [PID: 27435] [32m[NODE-CRON][32m [33m[WARN][0m missed execution at Mon Jul 20 2026 15:38:00 GMT+0700 (Indochina Time)! Possible blocking IO or high CPU user at the same process used by node-cron.
[2026-07-20T08:40:26.025Z] [PID: 27435] [32m[NODE-CRON][32m [33m[WARN][0m missed execution at Mon Jul 20 2026 15:39:00 GMT+0700 (Indochina Time)! Possible blocking IO or high CPU user at the same process used by node-cron.
[2026-07-20T08:40:26.025Z] [PID: 27435] [32m[NODE-CRON][32m [33m[WARN][0m missed execution at Mon Jul 20 2026 15:40:00 GMT+0700 (Indochina Time)! Possible blocking IO or high CPU user at the same process used by node-cron.
[2026-07-20T08:53:37.144Z] [PID: 27435] [32m[NODE-CRON][32m [33m[WARN][0m missed execution at Mon Jul 20 2026 15:41:00 GMT+0700 (Indochina Time)! Possible blocking IO or high CPU user at the same process used by node-cron.
[2026-07-20T08:53:37.145Z] [PID: 27435] [32m[NODE-CRON][32m [33m[WARN][0m missed execution at Mon Jul 20 2026 15:42:00 GMT+0700 (Indochina Time)! Possible blocking IO or high CPU user at the same process used by node-cron.
[2026-07-20T08:53:37.145Z] [PID: 27435] [32m[NODE-CRON][32m [33m[WARN][0m missed execution at Mon Jul 20 2026 15:43:00 GMT+0700 (Indochina Time)! Possible blocking IO or high CPU user at the same process used by node-cron.
[2026-07-20T08:53:37.145Z] [PID: 27435] [32m[NODE-CRON][32m [33m[WARN][0m missed execution at Mon Jul 20 2026 15:44:00 GMT+0700 (Indochina Time)! Possible blocking IO or high CPU user at the same process used by node-cron.
[2026-07-20T08:53:37.146Z] [PID: 27435] [32m[NODE-CRON][32m [33m[WARN][0m missed execution at Mon Jul 20 2026 15:45:00 GMT+0700 (Indochina Time)! Possible blocking IO or high CPU user at the same process used by node-cron.
[2026-07-20T08:53:37.146Z] [PID: 27435] [32m[NODE-CRON][32m [33m[WARN][0m missed execution at Mon Jul 20 2026 15:46:00 GMT+0700 (Indochina Time)! Possible blocking IO or high CPU user at the same process used by node-cron.
[2026-07-20T08:53:37.146Z] [PID: 27435] [32m[NODE-CRON][32m [33m[WARN][0m missed execution at Mon Jul 20 2026 15:47:00 GMT+0700 (Indochina Time)! Possible blocking IO or high CPU user at the same process used by node-cron.
[2026-07-20T08:53:37.146Z] [PID: 27435] [32m[NODE-CRON][32m [33m[WARN][0m missed execution at Mon Jul 20 2026 15:48:00 GMT+0700 (Indochina Time)! Possible blocking IO or high CPU user at the same process used by node-cron.
[2026-07-20T08:53:37.146Z] [PID: 27435] [32m[NODE-CRON][32m [33m[WARN][0m missed execution at Mon Jul 20 2026 15:49:00 GMT+0700 (Indochina Time)! Possible blocking IO or high CPU user at the same process used by node-cron.
[2026-07-20T08:53:37.146Z] [PID: 27435] [32m[NODE-CRON][32m [33m[WARN][0m missed execution at Mon Jul 20 2026 15:50:00 GMT+0700 (Indochina Time)! Possible blocking IO or high CPU user at the same process used by node-cron.
[2026-07-20T08:53:37.146Z] [PID: 27435] [32m[NODE-CRON][32m [33m[WARN][0m missed execution at Mon Jul 20 2026 15:51:00 GMT+0700 (Indochina Time)! Possible blocking IO or high CPU user at the same process used by node-cron.
[2026-07-20T08:53:37.146Z] [PID: 27435] [32m[NODE-CRON][32m [33m[WARN][0m missed execution at Mon Jul 20 2026 15:52:00 GMT+0700 (Indochina Time)! Possible blocking IO or high CPU user at the same process used by node-cron.
[2026-07-20T08:53:37.146Z] [PID: 27435] [32m[NODE-CRON][32m [33m[WARN][0m missed execution at Mon Jul 20 2026 15:53:00 GMT+0700 (Indochina Time)! Possible blocking IO or high CPU user at the same process used by node-cron.
[2026-07-20T09:09:55.054Z] [PID: 27435] [32m[NODE-CRON][32m [33m[WARN][0m missed execution at Mon Jul 20 2026 15:54:00 GMT+0700 (Indochina Time)! Possible blocking IO or high CPU user at the same process used by node-cron.
[2026-07-20T09:09:55.054Z] [PID: 27435] [32m[NODE-CRON][32m [33m[WARN][0m missed execution at Mon Jul 20 2026 15:55:00 GMT+0700 (Indochina Time)! Possible blocking IO or high CPU user at the same process used by node-cron.
[2026-07-20T09:09:55.054Z] [PID: 27435] [32m[NODE-CRON][32m [33m[WARN][0m missed execution at Mon Jul 20 2026 15:56:00 GMT+0700 (Indochina Time)! Possible blocking IO or high CPU user at the same process used by node-cron.
[2026-07-20T09:09:55.054Z] [PID: 27435] [32m[NODE-CRON][32m [33m[WARN][0m missed execution at Mon Jul 20 2026 15:57:00 GMT+0700 (Indochina Time)! Possible blocking IO or high CPU user at the same process used by node-cron.
[2026-07-20T09:09:55.054Z] [PID: 27435] [32m[NODE-CRON][32m [33m[WARN][0m missed execution at Mon Jul 20 2026 15:58:00 GMT+0700 (Indochina Time)! Possible blocking IO or high CPU user at the same process used by node-cron.
[2026-07-20T09:09:55.054Z] [PID: 27435] [32m[NODE-CRON][32m [33m[WARN][0m missed execution at Mon Jul 20 2026 15:59:00 GMT+0700 (Indochina Time)! Possible blocking IO or high CPU user at the same process used by node-cron.
[2026-07-20T09:09:55.054Z] [PID: 27435] [32m[NODE-CRON][32m [33m[WARN][0m missed execution at Mon Jul 20 2026 16:00:00 GMT+0700 (Indochina Time)! Possible blocking IO or high CPU user at the same process used by node-cron.
[2026-07-20T09:09:55.054Z] [PID: 27435] [32m[NODE-CRON][32m [33m[WARN][0m missed execution at Mon Jul 20 2026 16:01:00 GMT+0700 (Indochina Time)! Possible blocking IO or high CPU user at the same process used by node-cron.
[2026-07-20T09:09:55.054Z] [PID: 27435] [32m[NODE-CRON][32m [33m[WARN][0m missed execution at Mon Jul 20 2026 16:02:00 GMT+0700 (Indochina Time)! Possible blocking IO or high CPU user at the same process used by node-cron.
[2026-07-20T09:09:55.054Z] [PID: 27435] [32m[NODE-CRON][32m [33m[WARN][0m missed execution at Mon Jul 20 2026 16:03:00 GMT+0700 (Indochina Time)! Possible blocking IO or high CPU user at the same process used by node-cron.
[2026-07-20T09:09:55.054Z] [PID: 27435] [32m[NODE-CRON][32m [33m[WARN][0m missed execution at Mon Jul 20 2026 16:04:00 GMT+0700 (Indochina Time)! Possible blocking IO or high CPU user at the same process used by node-cron.
[2026-07-20T09:09:55.054Z] [PID: 27435] [32m[NODE-CRON][32m [33m[WARN][0m missed execution at Mon Jul 20 2026 16:05:00 GMT+0700 (Indochina Time)! Possible blocking IO or high CPU user at the same process used by node-cron.
[2026-07-20T09:09:55.054Z] [PID: 27435] [32m[NODE-CRON][32m [33m[WARN][0m missed execution at Mon Jul 20 2026 16:06:00 GMT+0700 (Indochina Time)! Possible blocking IO or high CPU user at the same process used by node-cron.
[2026-07-20T09:09:55.054Z] [PID: 27435] [32m[NODE-CRON][32m [33m[WARN][0m missed execution at Mon Jul 20 2026 16:07:00 GMT+0700 (Indochina Time)! Possible blocking IO or high CPU user at the same process used by node-cron.
[2026-07-20T09:09:55.054Z] [PID: 27435] [32m[NODE-CRON][32m [33m[WARN][0m missed execution at Mon Jul 20 2026 16:08:00 GMT+0700 (Indochina Time)! Possible blocking IO or high CPU user at the same process used by node-cron.
[2026-07-20T09:09:55.054Z] [PID: 27435] [32m[NODE-CRON][32m [33m[WARN][0m missed execution at Mon Jul 20 2026 16:09:00 GMT+0700 (Indochina Time)! Possible blocking IO or high CPU user at the same process used by node-cron.
CronService: Đã mở kỳ quay mới #1610 cho game KENO
CronService: Đã mở kỳ quay mới #1610 cho game BAO KENO
CronService: Đã mở kỳ quay mới #1610 cho game MUA CHUNG
CronService: Đã mở kỳ quay mới #1610 cho game POWER 6/55
CronService: Đã mở kỳ quay mới #1610 cho game MEGA 6/45
CronService: Đã mở kỳ quay mới #1610 cho game MAX 3D
CronService: Đã mở kỳ quay mới #1610 cho game LOTTO 5/35
CronService: Đã mở kỳ quay mới #1610 cho game LÔ TÔ 2, 3, 5 Số
CronService: Đã mở kỳ quay mới #1610 cho game LÔ TÔ 2, 3, 4 Cặp
CronService: Đã mở kỳ quay mới #1610 cho game ĐIỆN TOÁN 6x36
CronService: Đã mở kỳ quay mới #1610 cho game BAO LÔ TÔ 2 Số
CronService: Đã mở kỳ quay mới #1610 cho game Thần Tài 4 / ĐT 1-2-3
CronService: Đã mở kỳ quay mới #1610 cho game BAO 6x36
CronService: Đã mở kỳ quay mới #1610 cho game Xổ số Miền Bắc
CronService: Đã mở kỳ quay mới #1610 cho game Xổ số Miền Trung
CronService: Đã mở kỳ quay mới #1610 cho game Xổ số Miền Nam
[2026-07-20T09:25:00.979Z] [PID: 27435] [32m[NODE-CRON][32m [33m[WARN][0m missed execution at Mon Jul 20 2026 16:11:00 GMT+0700 (Indochina Time)! Possible blocking IO or high CPU user at the same process used by node-cron.
[2026-07-20T09:25:00.979Z] [PID: 27435] [32m[NODE-CRON][32m [33m[WARN][0m missed execution at Mon Jul 20 2026 16:12:00 GMT+0700 (Indochina Time)! Possible blocking IO or high CPU user at the same process used by node-cron.
[2026-07-20T09:25:00.979Z] [PID: 27435] [32m[NODE-CRON][32m [33m[WARN][0m missed execution at Mon Jul 20 2026 16:13:00 GMT+0700 (Indochina Time)! Possible blocking IO or high CPU user at the same process used by node-cron.
[2026-07-20T09:25:00.979Z] [PID: 27435] [32m[NODE-CRON][32m [33m[WARN][0m missed execution at Mon Jul 20 2026 16:14:00 GMT+0700 (Indochina Time)! Possible blocking IO or high CPU user at the same process used by node-cron.
[2026-07-20T09:25:00.979Z] [PID: 27435] [32m[NODE-CRON][32m [33m[WARN][0m missed execution at Mon Jul 20 2026 16:15:00 GMT+0700 (Indochina Time)! Possible blocking IO or high CPU user at the same process used by node-cron.
[2026-07-20T09:25:00.979Z] [PID: 27435] [32m[NODE-CRON][32m [33m[WARN][0m missed execution at Mon Jul 20 2026 16:16:00 GMT+0700 (Indochina Time)! Possible blocking IO or high CPU user at the same process used by node-cron.
[2026-07-20T09:25:00.979Z] [PID: 27435] [32m[NODE-CRON][32m [33m[WARN][0m missed execution at Mon Jul 20 2026 16:17:00 GMT+0700 (Indochina Time)! Possible blocking IO or high CPU user at the same process used by node-cron.
[2026-07-20T09:25:00.979Z] [PID: 27435] [32m[NODE-CRON][32m [33m[WARN][0m missed execution at Mon Jul 20 2026 16:18:00 GMT+0700 (Indochina Time)! Possible blocking IO or high CPU user at the same process used by node-cron.
[2026-07-20T09:25:00.979Z] [PID: 27435] [32m[NODE-CRON][32m [33m[WARN][0m missed execution at Mon Jul 20 2026 16:19:00 GMT+0700 (Indochina Time)! Possible blocking IO or high CPU user at the same process used by node-cron.
[2026-07-20T09:25:00.979Z] [PID: 27435] [32m[NODE-CRON][32m [33m[WARN][0m missed execution at Mon Jul 20 2026 16:20:00 GMT+0700 (Indochina Time)! Possible blocking IO or high CPU user at the same process used by node-cron.
[2026-07-20T09:25:00.979Z] [PID: 27435] [32m[NODE-CRON][32m [33m[WARN][0m missed execution at Mon Jul 20 2026 16:21:00 GMT+0700 (Indochina Time)! Possible blocking IO or high CPU user at the same process used by node-cron.
[2026-07-20T09:25:00.979Z] [PID: 27435] [32m[NODE-CRON][32m [33m[WARN][0m missed execution at Mon Jul 20 2026 16:22:00 GMT+0700 (Indochina Time)! Possible blocking IO or high CPU user at the same process used by node-cron.
[2026-07-20T09:25:00.979Z] [PID: 27435] [32m[NODE-CRON][32m [33m[WARN][0m missed execution at Mon Jul 20 2026 16:23:00 GMT+0700 (Indochina Time)! Possible blocking IO or high CPU user at the same process used by node-cron.
[2026-07-20T09:25:00.979Z] [PID: 27435] [32m[NODE-CRON][32m [33m[WARN][0m missed execution at Mon Jul 20 2026 16:24:00 GMT+0700 (Indochina Time)! Possible blocking IO or high CPU user at the same process used by node-cron.
CronService: Đã tự động sinh kết quả ngẫu nhiên cho kỳ quay #1610
CronService: Lỗi xử lý cron VersionError: No matching document found for id "6a5de5e8d0218a5665ddc9de" version 0 modifiedPaths "winningNumbers, status"
    at generateVersionError (/Users/luannguyen/Documents/git/vuaxoso/backend/node_modules/mongoose/lib/model.js:596:10)
    at model.save (/Users/luannguyen/Documents/git/vuaxoso/backend/node_modules/mongoose/lib/model.js:658:30)
    at /Users/luannguyen/Documents/git/vuaxoso/backend/src/services/cronService.ts:60:20
    at processTicksAndRejections (node:internal/process/task_queues:95:5)
    at async execute (/Users/luannguyen/Documents/git/vuaxoso/backend/node_modules/node-cron/src/scheduler/runner.ts:194:26)
    at async runTask (/Users/luannguyen/Documents/git/vuaxoso/backend/node_modules/node-cron/src/scheduler/runner.ts:237:9)
    at async Runner.runCoordinated (/Users/luannguyen/Documents/git/vuaxoso/backend/node_modules/node-cron/src/scheduler/runner.ts:125:7)
    at async /Users/luannguyen/Documents/git/vuaxoso/backend/node_modules/node-cron/src/scheduler/runner.ts:275:13 {
  version: 0,
  modifiedPaths: [ 'winningNumbers', 'status' ]
}
[2026-07-20T09:42:50.976Z] [PID: 27435] [32m[NODE-CRON][32m [33m[WARN][0m missed execution at Mon Jul 20 2026 16:26:00 GMT+0700 (Indochina Time)! Possible blocking IO or high CPU user at the same process used by node-cron.
[2026-07-20T09:42:50.976Z] [PID: 27435] [32m[NODE-CRON][32m [33m[WARN][0m missed execution at Mon Jul 20 2026 16:27:00 GMT+0700 (Indochina Time)! Possible blocking IO or high CPU user at the same process used by node-cron.
[2026-07-20T09:42:50.979Z] [PID: 27435] [32m[NODE-CRON][32m [33m[WARN][0m missed execution at Mon Jul 20 2026 16:28:00 GMT+0700 (Indochina Time)! Possible blocking IO or high CPU user at the same process used by node-cron.
[2026-07-20T09:42:50.979Z] [PID: 27435] [32m[NODE-CRON][32m [33m[WARN][0m missed execution at Mon Jul 20 2026 16:29:00 GMT+0700 (Indochina Time)! Possible blocking IO or high CPU user at the same process used by node-cron.
[2026-07-20T09:42:50.979Z] [PID: 27435] [32m[NODE-CRON][32m [33m[WARN][0m missed execution at Mon Jul 20 2026 16:30:00 GMT+0700 (Indochina Time)! Possible blocking IO or high CPU user at the same process used by node-cron.
[2026-07-20T09:42:50.979Z] [PID: 27435] [32m[NODE-CRON][32m [33m[WARN][0m missed execution at Mon Jul 20 2026 16:31:00 GMT+0700 (Indochina Time)! Possible blocking IO or high CPU user at the same process used by node-cron.
[2026-07-20T09:42:50.979Z] [PID: 27435] [32m[NODE-CRON][32m [33m[WARN][0m missed execution at Mon Jul 20 2026 16:32:00 GMT+0700 (Indochina Time)! Possible blocking IO or high CPU user at the same process used by node-cron.
[2026-07-20T09:42:50.979Z] [PID: 27435] [32m[NODE-CRON][32m [33m[WARN][0m missed execution at Mon Jul 20 2026 16:33:00 GMT+0700 (Indochina Time)! Possible blocking IO or high CPU user at the same process used by node-cron.
[2026-07-20T09:42:50.979Z] [PID: 27435] [32m[NODE-CRON][32m [33m[WARN][0m missed execution at Mon Jul 20 2026 16:34:00 GMT+0700 (Indochina Time)! Possible blocking IO or high CPU user at the same process used by node-cron.
[2026-07-20T09:42:50.979Z] [PID: 27435] [32m[NODE-CRON][32m [33m[WARN][0m missed execution at Mon Jul 20 2026 16:35:00 GMT+0700 (Indochina Time)! Possible blocking IO or high CPU user at the same process used by node-cron.
[2026-07-20T09:42:50.979Z] [PID: 27435] [32m[NODE-CRON][32m [33m[WARN][0m missed execution at Mon Jul 20 2026 16:36:00 GMT+0700 (Indochina Time)! Possible blocking IO or high CPU user at the same process used by node-cron.
[2026-07-20T09:42:50.979Z] [PID: 27435] [32m[NODE-CRON][32m [33m[WARN][0m missed execution at Mon Jul 20 2026 16:37:00 GMT+0700 (Indochina Time)! Possible blocking IO or high CPU user at the same process used by node-cron.
[2026-07-20T09:42:50.979Z] [PID: 27435] [32m[NODE-CRON][32m [33m[WARN][0m missed execution at Mon Jul 20 2026 16:38:00 GMT+0700 (Indochina Time)! Possible blocking IO or high CPU user at the same process used by node-cron.
[2026-07-20T09:42:50.979Z] [PID: 27435] [32m[NODE-CRON][32m [33m[WARN][0m missed execution at Mon Jul 20 2026 16:39:00 GMT+0700 (Indochina Time)! Possible blocking IO or high CPU user at the same process used by node-cron.
[2026-07-20T09:42:50.979Z] [PID: 27435] [32m[NODE-CRON][32m [33m[WARN][0m missed execution at Mon Jul 20 2026 16:40:00 GMT+0700 (Indochina Time)! Possible blocking IO or high CPU user at the same process used by node-cron.
[2026-07-20T09:42:50.979Z] [PID: 27435] [32m[NODE-CRON][32m [33m[WARN][0m missed execution at Mon Jul 20 2026 16:41:00 GMT+0700 (Indochina Time)! Possible blocking IO or high CPU user at the same process used by node-cron.
[2026-07-20T09:42:50.979Z] [PID: 27435] [32m[NODE-CRON][32m [33m[WARN][0m missed execution at Mon Jul 20 2026 16:42:00 GMT+0700 (Indochina Time)! Possible blocking IO or high CPU user at the same process used by node-cron.
[2026-07-20T09:52:47.712Z] [PID: 27435] [32m[NODE-CRON][32m [33m[WARN][0m missed execution at Mon Jul 20 2026 16:43:00 GMT+0700 (Indochina Time)! Possible blocking IO or high CPU user at the same process used by node-cron.
[2026-07-20T09:52:47.713Z] [PID: 27435] [32m[NODE-CRON][32m [33m[WARN][0m missed execution at Mon Jul 20 2026 16:44:00 GMT+0700 (Indochina Time)! Possible blocking IO or high CPU user at the same process used by node-cron.
[2026-07-20T09:52:47.713Z] [PID: 27435] [32m[NODE-CRON][32m [33m[WARN][0m missed execution at Mon Jul 20 2026 16:45:00 GMT+0700 (Indochina Time)! Possible blocking IO or high CPU user at the same process used by node-cron.
[2026-07-20T09:52:47.713Z] [PID: 27435] [32m[NODE-CRON][32m [33m[WARN][0m missed execution at Mon Jul 20 2026 16:46:00 GMT+0700 (Indochina Time)! Possible blocking IO or high CPU user at the same process used by node-cron.
[2026-07-20T09:52:47.713Z] [PID: 27435] [32m[NODE-CRON][32m [33m[WARN][0m missed execution at Mon Jul 20 2026 16:47:00 GMT+0700 (Indochina Time)! Possible blocking IO or high CPU user at the same process used by node-cron.
[2026-07-20T09:52:47.713Z] [PID: 27435] [32m[NODE-CRON][32m [33m[WARN][0m missed execution at Mon Jul 20 2026 16:48:00 GMT+0700 (Indochina Time)! Possible blocking IO or high CPU user at the same process used by node-cron.
[2026-07-20T09:52:47.713Z] [PID: 27435] [32m[NODE-CRON][32m [33m[WARN][0m missed execution at Mon Jul 20 2026 16:49:00 GMT+0700 (Indochina Time)! Possible blocking IO or high CPU user at the same process used by node-cron.
[2026-07-20T09:52:47.713Z] [PID: 27435] [32m[NODE-CRON][32m [33m[WARN][0m missed execution at Mon Jul 20 2026 16:50:00 GMT+0700 (Indochina Time)! Possible blocking IO or high CPU user at the same process used by node-cron.
[2026-07-20T09:52:47.714Z] [PID: 27435] [32m[NODE-CRON][32m [33m[WARN][0m missed execution at Mon Jul 20 2026 16:51:00 GMT+0700 (Indochina Time)! Possible blocking IO or high CPU user at the same process used by node-cron.
[2026-07-20T09:52:47.714Z] [PID: 27435] [32m[NODE-CRON][32m [33m[WARN][0m missed execution at Mon Jul 20 2026 16:52:00 GMT+0700 (Indochina Time)! Possible blocking IO or high CPU user at the same process used by node-cron.
[2026-07-20T10:08:47.947Z] [PID: 27435] [32m[NODE-CRON][32m [33m[WARN][0m missed execution at Mon Jul 20 2026 16:53:00 GMT+0700 (Indochina Time)! Possible blocking IO or high CPU user at the same process used by node-cron.
[2026-07-20T10:08:47.947Z] [PID: 27435] [32m[NODE-CRON][32m [33m[WARN][0m missed execution at Mon Jul 20 2026 16:54:00 GMT+0700 (Indochina Time)! Possible blocking IO or high CPU user at the same process used by node-cron.
[2026-07-20T10:08:47.947Z] [PID: 27435] [32m[NODE-CRON][32m [33m[WARN][0m missed execution at Mon Jul 20 2026 16:55:00 GMT+0700 (Indochina Time)! Possible blocking IO or high CPU user at the same process used by node-cron.
[2026-07-20T10:08:47.948Z] [PID: 27435] [32m[NODE-CRON][32m [33m[WARN][0m missed execution at Mon Jul 20 2026 16:56:00 GMT+0700 (Indochina Time)! Possible blocking IO or high CPU user at the same process used by node-cron.
[2026-07-20T10:08:47.948Z] [PID: 27435] [32m[NODE-CRON][32m [33m[WARN][0m missed execution at Mon Jul 20 2026 16:57:00 GMT+0700 (Indochina Time)! Possible blocking IO or high CPU user at the same process used by node-cron.
[2026-07-20T10:08:47.948Z] [PID: 27435] [32m[NODE-CRON][32m [33m[WARN][0m missed execution at Mon Jul 20 2026 16:58:00 GMT+0700 (Indochina Time)! Possible blocking IO or high CPU user at the same process used by node-cron.
[2026-07-20T10:08:47.948Z] [PID: 27435] [32m[NODE-CRON][32m [33m[WARN][0m missed execution at Mon Jul 20 2026 16:59:00 GMT+0700 (Indochina Time)! Possible blocking IO or high CPU user at the same process used by node-cron.
[2026-07-20T10:08:47.948Z] [PID: 27435] [32m[NODE-CRON][32m [33m[WARN][0m missed execution at Mon Jul 20 2026 17:00:00 GMT+0700 (Indochina Time)! Possible blocking IO or high CPU user at the same process used by node-cron.
[2026-07-20T10:08:47.948Z] [PID: 27435] [32m[NODE-CRON][32m [33m[WARN][0m missed execution at Mon Jul 20 2026 17:01:00 GMT+0700 (Indochina Time)! Possible blocking IO or high CPU user at the same process used by node-cron.
[2026-07-20T10:08:47.948Z] [PID: 27435] [32m[NODE-CRON][32m [33m[WARN][0m missed execution at Mon Jul 20 2026 17:02:00 GMT+0700 (Indochina Time)! Possible blocking IO or high CPU user at the same process used by node-cron.
[2026-07-20T10:08:47.948Z] [PID: 27435] [32m[NODE-CRON][32m [33m[WARN][0m missed execution at Mon Jul 20 2026 17:03:00 GMT+0700 (Indochina Time)! Possible blocking IO or high CPU user at the same process used by node-cron.
[2026-07-20T10:08:47.948Z] [PID: 27435] [32m[NODE-CRON][32m [33m[WARN][0m missed execution at Mon Jul 20 2026 17:04:00 GMT+0700 (Indochina Time)! Possible blocking IO or high CPU user at the same process used by node-cron.
[2026-07-20T10:08:47.948Z] [PID: 27435] [32m[NODE-CRON][32m [33m[WARN][0m missed execution at Mon Jul 20 2026 17:05:00 GMT+0700 (Indochina Time)! Possible blocking IO or high CPU user at the same process used by node-cron.
[2026-07-20T10:08:47.948Z] [PID: 27435] [32m[NODE-CRON][32m [33m[WARN][0m missed execution at Mon Jul 20 2026 17:06:00 GMT+0700 (Indochina Time)! Possible blocking IO or high CPU user at the same process used by node-cron.
[2026-07-20T10:08:47.948Z] [PID: 27435] [32m[NODE-CRON][32m [33m[WARN][0m missed execution at Mon Jul 20 2026 17:07:00 GMT+0700 (Indochina Time)! Possible blocking IO or high CPU user at the same process used by node-cron.
[2026-07-20T10:08:47.948Z] [PID: 27435] [32m[NODE-CRON][32m [33m[WARN][0m missed execution at Mon Jul 20 2026 17:08:00 GMT+0700 (Indochina Time)! Possible blocking IO or high CPU user at the same process used by node-cron.
[2026-07-20T10:11:00.620Z] [PID: 27435] [32m[NODE-CRON][32m [33m[WARN][0m missed execution at Mon Jul 20 2026 17:09:00 GMT+0700 (Indochina Time)! Possible blocking IO or high CPU user at the same process used by node-cron.
[2026-07-20T10:11:00.621Z] [PID: 27435] [32m[NODE-CRON][32m [33m[WARN][0m missed execution at Mon Jul 20 2026 17:10:00 GMT+0700 (Indochina Time)! Possible blocking IO or high CPU user at the same process used by node-cron.
[2026-07-20T10:16:47.184Z] [PID: 27435] [32m[NODE-CRON][32m [33m[WARN][0m missed execution at Mon Jul 20 2026 17:12:00 GMT+0700 (Indochina Time)! Possible blocking IO or high CPU user at the same process used by node-cron.
[2026-07-20T10:16:47.184Z] [PID: 27435] [32m[NODE-CRON][32m [33m[WARN][0m missed execution at Mon Jul 20 2026 17:13:00 GMT+0700 (Indochina Time)! Possible blocking IO or high CPU user at the same process used by node-cron.
[2026-07-20T10:16:47.184Z] [PID: 27435] [32m[NODE-CRON][32m [33m[WARN][0m missed execution at Mon Jul 20 2026 17:14:00 GMT+0700 (Indochina Time)! Possible blocking IO or high CPU user at the same process used by node-cron.
[2026-07-20T10:16:47.184Z] [PID: 27435] [32m[NODE-CRON][32m [33m[WARN][0m missed execution at Mon Jul 20 2026 17:15:00 GMT+0700 (Indochina Time)! Possible blocking IO or high CPU user at the same process used by node-cron.
[2026-07-20T10:16:47.184Z] [PID: 27435] [32m[NODE-CRON][32m [33m[WARN][0m missed execution at Mon Jul 20 2026 17:16:00 GMT+0700 (Indochina Time)! Possible blocking IO or high CPU user at the same process used by node-cron.
[2026-07-20T10:32:54.407Z] [PID: 27435] [32m[NODE-CRON][32m [33m[WARN][0m missed execution at Mon Jul 20 2026 17:17:00 GMT+0700 (Indochina Time)! Possible blocking IO or high CPU user at the same process used by node-cron.
[2026-07-20T10:32:54.408Z] [PID: 27435] [32m[NODE-CRON][32m [33m[WARN][0m missed execution at Mon Jul 20 2026 17:18:00 GMT+0700 (Indochina Time)! Possible blocking IO or high CPU user at the same process used by node-cron.
[2026-07-20T10:32:54.408Z] [PID: 27435] [32m[NODE-CRON][32m [33m[WARN][0m missed execution at Mon Jul 20 2026 17:19:00 GMT+0700 (Indochina Time)! Possible blocking IO or high CPU user at the same process used by node-cron.
[2026-07-20T10:32:54.408Z] [PID: 27435] [32m[NODE-CRON][32m [33m[WARN][0m missed execution at Mon Jul 20 2026 17:20:00 GMT+0700 (Indochina Time)! Possible blocking IO or high CPU user at the same process used by node-cron.
[2026-07-20T10:32:54.408Z] [PID: 27435] [32m[NODE-CRON][32m [33m[WARN][0m missed execution at Mon Jul 20 2026 17:21:00 GMT+0700 (Indochina Time)! Possible blocking IO or high CPU user at the same process used by node-cron.
[2026-07-20T10:32:54.409Z] [PID: 27435] [32m[NODE-CRON][32m [33m[WARN][0m missed execution at Mon Jul 20 2026 17:22:00 GMT+0700 (Indochina Time)! Possible blocking IO or high CPU user at the same process used by node-cron.
[2026-07-20T10:32:54.409Z] [PID: 27435] [32m[NODE-CRON][32m [33m[WARN][0m missed execution at Mon Jul 20 2026 17:23:00 GMT+0700 (Indochina Time)! Possible blocking IO or high CPU user at the same process used by node-cron.
[2026-07-20T10:32:54.409Z] [PID: 27435] [32m[NODE-CRON][32m [33m[WARN][0m missed execution at Mon Jul 20 2026 17:24:00 GMT+0700 (Indochina Time)! Possible blocking IO or high CPU user at the same process used by node-cron.
[2026-07-20T10:32:54.409Z] [PID: 27435] [32m[NODE-CRON][32m [33m[WARN][0m missed execution at Mon Jul 20 2026 17:25:00 GMT+0700 (Indochina Time)! Possible blocking IO or high CPU user at the same process used by node-cron.
[2026-07-20T10:32:54.409Z] [PID: 27435] [32m[NODE-CRON][32m [33m[WARN][0m missed execution at Mon Jul 20 2026 17:26:00 GMT+0700 (Indochina Time)! Possible blocking IO or high CPU user at the same process used by node-cron.
[2026-07-20T10:32:54.409Z] [PID: 27435] [32m[NODE-CRON][32m [33m[WARN][0m missed execution at Mon Jul 20 2026 17:27:00 GMT+0700 (Indochina Time)! Possible blocking IO or high CPU user at the same process used by node-cron.
[2026-07-20T10:32:54.409Z] [PID: 27435] [32m[NODE-CRON][32m [33m[WARN][0m missed execution at Mon Jul 20 2026 17:28:00 GMT+0700 (Indochina Time)! Possible blocking IO or high CPU user at the same process used by node-cron.
[2026-07-20T10:32:54.409Z] [PID: 27435] [32m[NODE-CRON][32m [33m[WARN][0m missed execution at Mon Jul 20 2026 17:29:00 GMT+0700 (Indochina Time)! Possible blocking IO or high CPU user at the same process used by node-cron.
[2026-07-20T10:32:54.409Z] [PID: 27435] [32m[NODE-CRON][32m [33m[WARN][0m missed execution at Mon Jul 20 2026 17:30:00 GMT+0700 (Indochina Time)! Possible blocking IO or high CPU user at the same process used by node-cron.
[2026-07-20T10:32:54.410Z] [PID: 27435] [32m[NODE-CRON][32m [33m[WARN][0m missed execution at Mon Jul 20 2026 17:31:00 GMT+0700 (Indochina Time)! Possible blocking IO or high CPU user at the same process used by node-cron.
[2026-07-20T10:32:54.410Z] [PID: 27435] [32m[NODE-CRON][32m [33m[WARN][0m missed execution at Mon Jul 20 2026 17:32:00 GMT+0700 (Indochina Time)! Possible blocking IO or high CPU user at the same process used by node-cron.
[2026-07-20T10:35:16.404Z] [PID: 27435] [32m[NODE-CRON][32m [33m[WARN][0m missed execution at Mon Jul 20 2026 17:33:00 GMT+0700 (Indochina Time)! Possible blocking IO or high CPU user at the same process used by node-cron.
[2026-07-20T10:35:16.404Z] [PID: 27435] [32m[NODE-CRON][32m [33m[WARN][0m missed execution at Mon Jul 20 2026 17:34:00 GMT+0700 (Indochina Time)! Possible blocking IO or high CPU user at the same process used by node-cron.
[2026-07-20T10:35:16.404Z] [PID: 27435] [32m[NODE-CRON][32m [33m[WARN][0m missed execution at Mon Jul 20 2026 17:35:00 GMT+0700 (Indochina Time)! Possible blocking IO or high CPU user at the same process used by node-cron.
[2026-07-20T10:47:31.124Z] [PID: 27435] [32m[NODE-CRON][32m [33m[WARN][0m missed execution at Mon Jul 20 2026 17:36:00 GMT+0700 (Indochina Time)! Possible blocking IO or high CPU user at the same process used by node-cron.
[2026-07-20T10:47:31.196Z] [PID: 27435] [32m[NODE-CRON][32m [33m[WARN][0m missed execution at Mon Jul 20 2026 17:37:00 GMT+0700 (Indochina Time)! Possible blocking IO or high CPU user at the same process used by node-cron.
[2026-07-20T10:47:31.197Z] [PID: 27435] [32m[NODE-CRON][32m [33m[WARN][0m missed execution at Mon Jul 20 2026 17:38:00 GMT+0700 (Indochina Time)! Possible blocking IO or high CPU user at the same process used by node-cron.
[2026-07-20T10:47:31.199Z] [PID: 27435] [32m[NODE-CRON][32m [33m[WARN][0m missed execution at Mon Jul 20 2026 17:39:00 GMT+0700 (Indochina Time)! Possible blocking IO or high CPU user at the same process used by node-cron.
[2026-07-20T10:47:31.199Z] [PID: 27435] [32m[NODE-CRON][32m [33m[WARN][0m missed execution at Mon Jul 20 2026 17:40:00 GMT+0700 (Indochina Time)! Possible blocking IO or high CPU user at the same process used by node-cron.
[2026-07-20T10:47:31.199Z] [PID: 27435] [32m[NODE-CRON][32m [33m[WARN][0m missed execution at Mon Jul 20 2026 17:41:00 GMT+0700 (Indochina Time)! Possible blocking IO or high CPU user at the same process used by node-cron.
[2026-07-20T10:47:31.199Z] [PID: 27435] [32m[NODE-CRON][32m [33m[WARN][0m missed execution at Mon Jul 20 2026 17:42:00 GMT+0700 (Indochina Time)! Possible blocking IO or high CPU user at the same process used by node-cron.
[2026-07-20T10:47:31.199Z] [PID: 27435] [32m[NODE-CRON][32m [33m[WARN][0m missed execution at Mon Jul 20 2026 17:43:00 GMT+0700 (Indochina Time)! Possible blocking IO or high CPU user at the same process used by node-cron.
[2026-07-20T10:47:31.199Z] [PID: 27435] [32m[NODE-CRON][32m [33m[WARN][0m missed execution at Mon Jul 20 2026 17:44:00 GMT+0700 (Indochina Time)! Possible blocking IO or high CPU user at the same process used by node-cron.
[2026-07-20T10:47:31.199Z] [PID: 27435] [32m[NODE-CRON][32m [33m[WARN][0m missed execution at Mon Jul 20 2026 17:45:00 GMT+0700 (Indochina Time)! Possible blocking IO or high CPU user at the same process used by node-cron.
[2026-07-20T10:47:31.199Z] [PID: 27435] [32m[NODE-CRON][32m [33m[WARN][0m missed execution at Mon Jul 20 2026 17:46:00 GMT+0700 (Indochina Time)! Possible blocking IO or high CPU user at the same process used by node-cron.
[2026-07-20T10:47:31.199Z] [PID: 27435] [32m[NODE-CRON][32m [33m[WARN][0m missed execution at Mon Jul 20 2026 17:47:00 GMT+0700 (Indochina Time)! Possible blocking IO or high CPU user at the same process used by node-cron.
[2026-07-20T11:03:31.989Z] [PID: 27435] [32m[NODE-CRON][32m [33m[WARN][0m missed execution at Mon Jul 20 2026 17:48:00 GMT+0700 (Indochina Time)! Possible blocking IO or high CPU user at the same process used by node-cron.
[2026-07-20T11:03:32.053Z] [PID: 27435] [32m[NODE-CRON][32m [33m[WARN][0m missed execution at Mon Jul 20 2026 17:49:00 GMT+0700 (Indochina Time)! Possible blocking IO or high CPU user at the same process used by node-cron.
[2026-07-20T11:03:32.053Z] [PID: 27435] [32m[NODE-CRON][32m [33m[WARN][0m missed execution at Mon Jul 20 2026 17:50:00 GMT+0700 (Indochina Time)! Possible blocking IO or high CPU user at the same process used by node-cron.
[2026-07-20T11:03:32.053Z] [PID: 27435] [32m[NODE-CRON][32m [33m[WARN][0m missed execution at Mon Jul 20 2026 17:51:00 GMT+0700 (Indochina Time)! Possible blocking IO or high CPU user at the same process used by node-cron.
[2026-07-20T11:03:32.053Z] [PID: 27435] [32m[NODE-CRON][32m [33m[WARN][0m missed execution at Mon Jul 20 2026 17:52:00 GMT+0700 (Indochina Time)! Possible blocking IO or high CPU user at the same process used by node-cron.
[2026-07-20T11:03:32.053Z] [PID: 27435] [32m[NODE-CRON][32m [33m[WARN][0m missed execution at Mon Jul 20 2026 17:53:00 GMT+0700 (Indochina Time)! Possible blocking IO or high CPU user at the same process used by node-cron.
[2026-07-20T11:03:32.054Z] [PID: 27435] [32m[NODE-CRON][32m [33m[WARN][0m missed execution at Mon Jul 20 2026 17:54:00 GMT+0700 (Indochina Time)! Possible blocking IO or high CPU user at the same process used by node-cron.
[2026-07-20T11:03:32.054Z] [PID: 27435] [32m[NODE-CRON][32m [33m[WARN][0m missed execution at Mon Jul 20 2026 17:55:00 GMT+0700 (Indochina Time)! Possible blocking IO or high CPU user at the same process used by node-cron.
[2026-07-20T11:03:32.054Z] [PID: 27435] [32m[NODE-CRON][32m [33m[WARN][0m missed execution at Mon Jul 20 2026 17:56:00 GMT+0700 (Indochina Time)! Possible blocking IO or high CPU user at the same process used by node-cron.
[2026-07-20T11:03:32.054Z] [PID: 27435] [32m[NODE-CRON][32m [33m[WARN][0m missed execution at Mon Jul 20 2026 17:57:00 GMT+0700 (Indochina Time)! Possible blocking IO or high CPU user at the same process used by node-cron.
[2026-07-20T11:03:32.054Z] [PID: 27435] [32m[NODE-CRON][32m [33m[WARN][0m missed execution at Mon Jul 20 2026 17:58:00 GMT+0700 (Indochina Time)! Possible blocking IO or high CPU user at the same process used by node-cron.
[2026-07-20T11:03:32.054Z] [PID: 27435] [32m[NODE-CRON][32m [33m[WARN][0m missed execution at Mon Jul 20 2026 17:59:00 GMT+0700 (Indochina Time)! Possible blocking IO or high CPU user at the same process used by node-cron.
[2026-07-20T11:03:32.054Z] [PID: 27435] [32m[NODE-CRON][32m [33m[WARN][0m missed execution at Mon Jul 20 2026 18:00:00 GMT+0700 (Indochina Time)! Possible blocking IO or high CPU user at the same process used by node-cron.
[2026-07-20T11:03:32.054Z] [PID: 27435] [32m[NODE-CRON][32m [33m[WARN][0m missed execution at Mon Jul 20 2026 18:01:00 GMT+0700 (Indochina Time)! Possible blocking IO or high CPU user at the same process used by node-cron.
[2026-07-20T11:03:32.054Z] [PID: 27435] [32m[NODE-CRON][32m [33m[WARN][0m missed execution at Mon Jul 20 2026 18:02:00 GMT+0700 (Indochina Time)! Possible blocking IO or high CPU user at the same process used by node-cron.
[2026-07-20T11:03:32.054Z] [PID: 27435] [32m[NODE-CRON][32m [33m[WARN][0m missed execution at Mon Jul 20 2026 18:03:00 GMT+0700 (Indochina Time)! Possible blocking IO or high CPU user at the same process used by node-cron.
[2026-07-20T11:04:44.711Z] [PID: 27435] [32m[NODE-CRON][32m [33m[WARN][0m missed execution at Mon Jul 20 2026 18:04:00 GMT+0700 (Indochina Time)! Possible blocking IO or high CPU user at the same process used by node-cron.
[2026-07-20T11:11:56.060Z] [PID: 27435] [32m[NODE-CRON][32m [33m[WARN][0m missed execution at Mon Jul 20 2026 18:05:00 GMT+0700 (Indochina Time)! Possible blocking IO or high CPU user at the same process used by node-cron.
[2026-07-20T11:11:56.060Z] [PID: 27435] [32m[NODE-CRON][32m [33m[WARN][0m missed execution at Mon Jul 20 2026 18:06:00 GMT+0700 (Indochina Time)! Possible blocking IO or high CPU user at the same process used by node-cron.
[2026-07-20T11:11:56.060Z] [PID: 27435] [32m[NODE-CRON][32m [33m[WARN][0m missed execution at Mon Jul 20 2026 18:07:00 GMT+0700 (Indochina Time)! Possible blocking IO or high CPU user at the same process used by node-cron.
[2026-07-20T11:11:56.061Z] [PID: 27435] [32m[NODE-CRON][32m [33m[WARN][0m missed execution at Mon Jul 20 2026 18:08:00 GMT+0700 (Indochina Time)! Possible blocking IO or high CPU user at the same process used by node-cron.
[2026-07-20T11:11:56.061Z] [PID: 27435] [32m[NODE-CRON][32m [33m[WARN][0m missed execution at Mon Jul 20 2026 18:09:00 GMT+0700 (Indochina Time)! Possible blocking IO or high CPU user at the same process used by node-cron.
[2026-07-20T11:11:56.061Z] [PID: 27435] [32m[NODE-CRON][32m [33m[WARN][0m missed execution at Mon Jul 20 2026 18:10:00 GMT+0700 (Indochina Time)! Possible blocking IO or high CPU user at the same process used by node-cron.
[2026-07-20T11:11:56.061Z] [PID: 27435] [32m[NODE-CRON][32m [33m[WARN][0m missed execution at Mon Jul 20 2026 18:11:00 GMT+0700 (Indochina Time)! Possible blocking IO or high CPU user at the same process used by node-cron.
CronService: Đã mở kỳ quay mới #1812 cho game KENO
CronService: Đã mở kỳ quay mới #1812 cho game BAO KENO
CronService: Đã mở kỳ quay mới #1812 cho game MUA CHUNG
CronService: Đã mở kỳ quay mới #1812 cho game POWER 6/55
CronService: Đã mở kỳ quay mới #1812 cho game MEGA 6/45
CronService: Đã mở kỳ quay mới #1812 cho game MAX 3D
CronService: Đã mở kỳ quay mới #1812 cho game LOTTO 5/35
CronService: Đã mở kỳ quay mới #1812 cho game LÔ TÔ 2, 3, 5 Số
CronService: Đã mở kỳ quay mới #1812 cho game LÔ TÔ 2, 3, 4 Cặp
CronService: Đã mở kỳ quay mới #1812 cho game ĐIỆN TOÁN 6x36
CronService: Đã mở kỳ quay mới #1812 cho game BAO LÔ TÔ 2 Số
CronService: Đã mở kỳ quay mới #1812 cho game Xổ số Miền Nam
[2026-07-20T11:27:55.062Z] [PID: 27435] [32m[NODE-CRON][32m [33m[WARN][0m missed execution at Mon Jul 20 2026 18:13:00 GMT+0700 (Indochina Time)! Possible blocking IO or high CPU user at the same process used by node-cron.
[2026-07-20T11:27:55.062Z] [PID: 27435] [32m[NODE-CRON][32m [33m[WARN][0m missed execution at Mon Jul 20 2026 18:14:00 GMT+0700 (Indochina Time)! Possible blocking IO or high CPU user at the same process used by node-cron.
[2026-07-20T11:27:55.062Z] [PID: 27435] [32m[NODE-CRON][32m [33m[WARN][0m missed execution at Mon Jul 20 2026 18:15:00 GMT+0700 (Indochina Time)! Possible blocking IO or high CPU user at the same process used by node-cron.
[2026-07-20T11:27:55.062Z] [PID: 27435] [32m[NODE-CRON][32m [33m[WARN][0m missed execution at Mon Jul 20 2026 18:16:00 GMT+0700 (Indochina Time)! Possible blocking IO or high CPU user at the same process used by node-cron.
[2026-07-20T11:27:55.062Z] [PID: 27435] [32m[NODE-CRON][32m [33m[WARN][0m missed execution at Mon Jul 20 2026 18:17:00 GMT+0700 (Indochina Time)! Possible blocking IO or high CPU user at the same process used by node-cron.
[2026-07-20T11:27:55.062Z] [PID: 27435] [32m[NODE-CRON][32m [33m[WARN][0m missed execution at Mon Jul 20 2026 18:18:00 GMT+0700 (Indochina Time)! Possible blocking IO or high CPU user at the same process used by node-cron.
[2026-07-20T11:27:55.062Z] [PID: 27435] [32m[NODE-CRON][32m [33m[WARN][0m missed execution at Mon Jul 20 2026 18:19:00 GMT+0700 (Indochina Time)! Possible blocking IO or high CPU user at the same process used by node-cron.
[2026-07-20T11:27:55.062Z] [PID: 27435] [32m[NODE-CRON][32m [33m[WARN][0m missed execution at Mon Jul 20 2026 18:20:00 GMT+0700 (Indochina Time)! Possible blocking IO or high CPU user at the same process used by node-cron.
[2026-07-20T11:27:55.062Z] [PID: 27435] [32m[NODE-CRON][32m [33m[WARN][0m missed execution at Mon Jul 20 2026 18:21:00 GMT+0700 (Indochina Time)! Possible blocking IO or high CPU user at the same process used by node-cron.
[2026-07-20T11:27:55.062Z] [PID: 27435] [32m[NODE-CRON][32m [33m[WARN][0m missed execution at Mon Jul 20 2026 18:22:00 GMT+0700 (Indochina Time)! Possible blocking IO or high CPU user at the same process used by node-cron.
[2026-07-20T11:27:55.062Z] [PID: 27435] [32m[NODE-CRON][32m [33m[WARN][0m missed execution at Mon Jul 20 2026 18:23:00 GMT+0700 (Indochina Time)! Possible blocking IO or high CPU user at the same process used by node-cron.
[2026-07-20T11:27:55.062Z] [PID: 27435] [32m[NODE-CRON][32m [33m[WARN][0m missed execution at Mon Jul 20 2026 18:24:00 GMT+0700 (Indochina Time)! Possible blocking IO or high CPU user at the same process used by node-cron.
[2026-07-20T11:27:55.062Z] [PID: 27435] [32m[NODE-CRON][32m [33m[WARN][0m missed execution at Mon Jul 20 2026 18:25:00 GMT+0700 (Indochina Time)! Possible blocking IO or high CPU user at the same process used by node-cron.
[2026-07-20T11:27:55.062Z] [PID: 27435] [32m[NODE-CRON][32m [33m[WARN][0m missed execution at Mon Jul 20 2026 18:26:00 GMT+0700 (Indochina Time)! Possible blocking IO or high CPU user at the same process used by node-cron.
[2026-07-20T11:27:55.063Z] [PID: 27435] [32m[NODE-CRON][32m [33m[WARN][0m missed execution at Mon Jul 20 2026 18:27:00 GMT+0700 (Indochina Time)! Possible blocking IO or high CPU user at the same process used by node-cron.
CronService: Đã tự động sinh kết quả ngẫu nhiên cho kỳ quay #1812
CronService: Lỗi xử lý cron VersionError: No matching document found for id "6a5e0280d0218a5665ddc9ee" version 0 modifiedPaths "winningNumbers, status"
    at generateVersionError (/Users/luannguyen/Documents/git/vuaxoso/backend/node_modules/mongoose/lib/model.js:596:10)
    at model.save (/Users/luannguyen/Documents/git/vuaxoso/backend/node_modules/mongoose/lib/model.js:658:30)
    at /Users/luannguyen/Documents/git/vuaxoso/backend/src/services/cronService.ts:60:20
    at processTicksAndRejections (node:internal/process/task_queues:95:5)
    at async execute (/Users/luannguyen/Documents/git/vuaxoso/backend/node_modules/node-cron/src/scheduler/runner.ts:194:26)
    at async runTask (/Users/luannguyen/Documents/git/vuaxoso/backend/node_modules/node-cron/src/scheduler/runner.ts:237:9)
    at async Runner.runCoordinated (/Users/luannguyen/Documents/git/vuaxoso/backend/node_modules/node-cron/src/scheduler/runner.ts:125:7)
    at async /Users/luannguyen/Documents/git/vuaxoso/backend/node_modules/node-cron/src/scheduler/runner.ts:275:13 {
  version: 0,
  modifiedPaths: [ 'winningNumbers', 'status' ]
}
[2026-07-20T11:29:03.331Z] [PID: 27435] [32m[NODE-CRON][32m [33m[WARN][0m missed execution at Mon Jul 20 2026 18:29:00 GMT+0700 (Indochina Time)! Possible blocking IO or high CPU user at the same process used by node-cron.
CronService: Đã tự động sinh kết quả ngẫu nhiên cho kỳ quay #1828
CronService: Lỗi xử lý cron VersionError: No matching document found for id "6a5e0640c053f790201447c4" version 0 modifiedPaths "winningNumbers, status"
    at generateVersionError (/Users/luannguyen/Documents/git/vuaxoso/backend/node_modules/mongoose/lib/model.js:596:10)
    at model.save (/Users/luannguyen/Documents/git/vuaxoso/backend/node_modules/mongoose/lib/model.js:658:30)
    at /Users/luannguyen/Documents/git/vuaxoso/backend/src/services/cronService.ts:60:20
    at processTicksAndRejections (node:internal/process/task_queues:95:5)
    at async execute (/Users/luannguyen/Documents/git/vuaxoso/backend/node_modules/node-cron/src/scheduler/runner.ts:194:26)
    at async runTask (/Users/luannguyen/Documents/git/vuaxoso/backend/node_modules/node-cron/src/scheduler/runner.ts:237:9)
    at async Runner.runCoordinated (/Users/luannguyen/Documents/git/vuaxoso/backend/node_modules/node-cron/src/scheduler/runner.ts:125:7)
    at async /Users/luannguyen/Documents/git/vuaxoso/backend/node_modules/node-cron/src/scheduler/runner.ts:275:13 {
  version: 0,
  modifiedPaths: [ 'winningNumbers', 'status' ]
}
CronService: Đã tự động sinh kết quả ngẫu nhiên cho kỳ quay #1830
CronService: Đã tự động sinh kết quả ngẫu nhiên cho kỳ quay #1830
PrizeService: Bắt đầu dò vé cho kỳ quay #1830 (Game: keno)
PrizeService: Tìm thấy 0 đơn hàng đang chờ dò vé.
PrizeService: Hoàn tất dò vé cho kỳ quay #1830.
CronService: Đã tự động sinh kết quả ngẫu nhiên cho kỳ quay #1830
CronService: Đã tự động sinh kết quả ngẫu nhiên cho kỳ quay #1830
PrizeService: Bắt đầu dò vé cho kỳ quay #1830 (Game: bao_keno)
PrizeService: Tìm thấy 0 đơn hàng đang chờ dò vé.
PrizeService: Hoàn tất dò vé cho kỳ quay #1830.
PrizeService: Bắt đầu dò vé cho kỳ quay #1830 (Game: mua_chung)
PrizeService: Tìm thấy 0 đơn hàng đang chờ dò vé.
PrizeService: Hoàn tất dò vé cho kỳ quay #1830.
CronService: Đã tự động sinh kết quả ngẫu nhiên cho kỳ quay #1830
CronService: Đã tự động sinh kết quả ngẫu nhiên cho kỳ quay #1830
PrizeService: Bắt đầu dò vé cho kỳ quay #1830 (Game: power_655)
CronService: Đã tự động sinh kết quả ngẫu nhiên cho kỳ quay #1830
PrizeService: Tìm thấy 0 đơn hàng đang chờ dò vé.
PrizeService: Hoàn tất dò vé cho kỳ quay #1830.
PrizeService: Bắt đầu dò vé cho kỳ quay #1830 (Game: mega_645)
PrizeService: Bắt đầu dò vé cho kỳ quay #1830 (Game: max_3d)
PrizeService: Tìm thấy 0 đơn hàng đang chờ dò vé.
PrizeService: Hoàn tất dò vé cho kỳ quay #1830.
PrizeService: Tìm thấy 0 đơn hàng đang chờ dò vé.
PrizeService: Hoàn tất dò vé cho kỳ quay #1830.
CronService: Đã tự động sinh kết quả ngẫu nhiên cho kỳ quay #1830
CronService: Đã tự động sinh kết quả ngẫu nhiên cho kỳ quay #1830
PrizeService: Bắt đầu dò vé cho kỳ quay #1830 (Game: lotto_535)
CronService: Đã tự động sinh kết quả ngẫu nhiên cho kỳ quay #1830
PrizeService: Bắt đầu dò vé cho kỳ quay #1830 (Game: loto_235)
PrizeService: Tìm thấy 0 đơn hàng đang chờ dò vé.
PrizeService: Hoàn tất dò vé cho kỳ quay #1830.
CronService: Đã tự động sinh kết quả ngẫu nhiên cho kỳ quay #1830
PrizeService: Bắt đầu dò vé cho kỳ quay #1830 (Game: loto_cap)
PrizeService: Tìm thấy 0 đơn hàng đang chờ dò vé.
PrizeService: Hoàn tất dò vé cho kỳ quay #1830.
CronService: Đã tự động sinh kết quả ngẫu nhiên cho kỳ quay #1830
PrizeService: Tìm thấy 0 đơn hàng đang chờ dò vé.
PrizeService: Hoàn tất dò vé cho kỳ quay #1830.
PrizeService: Bắt đầu dò vé cho kỳ quay #1830 (Game: dientoan_636)
CronService: Đã tự động sinh kết quả ngẫu nhiên cho kỳ quay #1830
PrizeService: Tìm thấy 0 đơn hàng đang chờ dò vé.
PrizeService: Hoàn tất dò vé cho kỳ quay #1830.
PrizeService: Bắt đầu dò vé cho kỳ quay #1830 (Game: bao_loto_2)
CronService: Đã tự động sinh kết quả ngẫu nhiên cho kỳ quay #1830
PrizeService: Tìm thấy 0 đơn hàng đang chờ dò vé.
PrizeService: Hoàn tất dò vé cho kỳ quay #1830.
PrizeService: Bắt đầu dò vé cho kỳ quay #1830 (Game: than_tai_4)
CronService: Đã tự động sinh kết quả ngẫu nhiên cho kỳ quay #1830
PrizeService: Bắt đầu dò vé cho kỳ quay #1830 (Game: bao_636)
PrizeService: Tìm thấy 0 đơn hàng đang chờ dò vé.
PrizeService: Hoàn tất dò vé cho kỳ quay #1830.
CronService: Đã tự động sinh kết quả ngẫu nhiên cho kỳ quay #1830
PrizeService: Bắt đầu dò vé cho kỳ quay #1830 (Game: MB)
PrizeService: Tìm thấy 0 đơn hàng đang chờ dò vé.
PrizeService: Hoàn tất dò vé cho kỳ quay #1830.
PrizeService: Tìm thấy 0 đơn hàng đang chờ dò vé.
PrizeService: Hoàn tất dò vé cho kỳ quay #1830.
PrizeService: Bắt đầu dò vé cho kỳ quay #1830 (Game: MT)
PrizeService: Bắt đầu dò vé cho kỳ quay #1830 (Game: MN)
PrizeService: Tìm thấy 0 đơn hàng đang chờ dò vé.
PrizeService: Hoàn tất dò vé cho kỳ quay #1830.
PrizeService: Tìm thấy 0 đơn hàng đang chờ dò vé.
PrizeService: Hoàn tất dò vé cho kỳ quay #1830.
CronService: Đã mở kỳ quay mới #1832 cho game KENO
CronService: Đã mở kỳ quay mới #1832 cho game BAO KENO
CronService: Đã mở kỳ quay mới #1832 cho game MUA CHUNG
CronService: Đã mở kỳ quay mới #1832 cho game POWER 6/55
CronService: Đã mở kỳ quay mới #1832 cho game MEGA 6/45
CronService: Đã mở kỳ quay mới #1832 cho game MAX 3D
CronService: Đã mở kỳ quay mới #1832 cho game LOTTO 5/35
CronService: Đã mở kỳ quay mới #1832 cho game LÔ TÔ 2, 3, 5 Số
CronService: Đã mở kỳ quay mới #1832 cho game LÔ TÔ 2, 3, 4 Cặp
CronService: Đã mở kỳ quay mới #1832 cho game ĐIỆN TOÁN 6x36
CronService: Đã mở kỳ quay mới #1832 cho game BAO LÔ TÔ 2 Số
CronService: Đã mở kỳ quay mới #1832 cho game Thần Tài 4 / ĐT 1-2-3
CronService: Đã mở kỳ quay mới #1832 cho game BAO 6x36
CronService: Đã mở kỳ quay mới #1832 cho game Xổ số Miền Bắc
CronService: Đã mở kỳ quay mới #1832 cho game Xổ số Miền Trung
CronService: Đã mở kỳ quay mới #1832 cho game Xổ số Miền Nam
CronService: Đã tự động sinh kết quả ngẫu nhiên cho kỳ quay #1832
CronService: Lỗi xử lý cron VersionError: No matching document found for id "6a5e0730d0218a5665ddc9fa" version 0 modifiedPaths "winningNumbers, status"
    at generateVersionError (/Users/luannguyen/Documents/git/vuaxoso/backend/node_modules/mongoose/lib/model.js:596:10)
    at model.save (/Users/luannguyen/Documents/git/vuaxoso/backend/node_modules/mongoose/lib/model.js:658:30)
    at /Users/luannguyen/Documents/git/vuaxoso/backend/src/services/cronService.ts:60:20
    at processTicksAndRejections (node:internal/process/task_queues:95:5)
    at async execute (/Users/luannguyen/Documents/git/vuaxoso/backend/node_modules/node-cron/src/scheduler/runner.ts:194:26)
    at async runTask (/Users/luannguyen/Documents/git/vuaxoso/backend/node_modules/node-cron/src/scheduler/runner.ts:237:9)
    at async Runner.runCoordinated (/Users/luannguyen/Documents/git/vuaxoso/backend/node_modules/node-cron/src/scheduler/runner.ts:125:7)
    at async /Users/luannguyen/Documents/git/vuaxoso/backend/node_modules/node-cron/src/scheduler/runner.ts:275:13 {
  version: 0,
  modifiedPaths: [ 'winningNumbers', 'status' ]
}
CronService: Đã tự động sinh kết quả ngẫu nhiên cho kỳ quay #1834
CronService: Lỗi xử lý cron VersionError: No matching document found for id "6a5e07a8c053f790201447e4" version 0 modifiedPaths "winningNumbers, status"
    at generateVersionError (/Users/luannguyen/Documents/git/vuaxoso/backend/node_modules/mongoose/lib/model.js:596:10)
    at model.save (/Users/luannguyen/Documents/git/vuaxoso/backend/node_modules/mongoose/lib/model.js:658:30)
    at /Users/luannguyen/Documents/git/vuaxoso/backend/src/services/cronService.ts:60:20
    at processTicksAndRejections (node:internal/process/task_queues:95:5)
    at async execute (/Users/luannguyen/Documents/git/vuaxoso/backend/node_modules/node-cron/src/scheduler/runner.ts:194:26)
    at async runTask (/Users/luannguyen/Documents/git/vuaxoso/backend/node_modules/node-cron/src/scheduler/runner.ts:237:9)
    at async Runner.runCoordinated (/Users/luannguyen/Documents/git/vuaxoso/backend/node_modules/node-cron/src/scheduler/runner.ts:125:7)
    at async /Users/luannguyen/Documents/git/vuaxoso/backend/node_modules/node-cron/src/scheduler/runner.ts:275:13 {
  version: 0,
  modifiedPaths: [ 'winningNumbers', 'status' ]
}
[32m[nodemon] restarting due to changes...[39m
[32m[nodemon] starting `ts-node src/index.ts`[39m
◇ injected env (1) from .env // tip: ⌘ custom filepath { path: '/custom/path/.env' }
◇ injected env (0) from .env // tip: ⌘ enable debugging { debug: true }
CronService: Bắt đầu tiến trình tự động hóa kỳ quay (chạy mỗi phút).
Server running on port 5001 (0.0.0.0)
MongoDB Connected: localhost
CronService: Đã tự động sinh kết quả ngẫu nhiên cho kỳ quay #1836
CronService: Lỗi xử lý cron VersionError: No matching document found for id "6a5e0820c053f790201447f4" version 0 modifiedPaths "winningNumbers, status"
    at generateVersionError (/Users/luannguyen/Documents/git/vuaxoso/backend/node_modules/mongoose/lib/model.js:596:10)
    at model.save (/Users/luannguyen/Documents/git/vuaxoso/backend/node_modules/mongoose/lib/model.js:658:30)
    at /Users/luannguyen/Documents/git/vuaxoso/backend/src/services/cronService.ts:60:20
    at processTicksAndRejections (node:internal/process/task_queues:95:5)
    at async execute (/Users/luannguyen/Documents/git/vuaxoso/backend/node_modules/node-cron/src/scheduler/runner.ts:194:26)
    at async runTask (/Users/luannguyen/Documents/git/vuaxoso/backend/node_modules/node-cron/src/scheduler/runner.ts:237:9)
    at async Runner.runCoordinated (/Users/luannguyen/Documents/git/vuaxoso/backend/node_modules/node-cron/src/scheduler/runner.ts:125:7)
    at async /Users/luannguyen/Documents/git/vuaxoso/backend/node_modules/node-cron/src/scheduler/runner.ts:275:13 {
  version: 0,
  modifiedPaths: [ 'winningNumbers', 'status' ]
}
CronService: Đã tự động sinh kết quả ngẫu nhiên cho kỳ quay #1838
CronService: Lỗi xử lý cron VersionError: No matching document found for id "6a5e08980af0ee08e3c72ea8" version 0 modifiedPaths "winningNumbers, status"
    at generateVersionError (/Users/luannguyen/Documents/git/vuaxoso/backend/node_modules/mongoose/lib/model.js:596:10)
    at model.save (/Users/luannguyen/Documents/git/vuaxoso/backend/node_modules/mongoose/lib/model.js:658:30)
    at /Users/luannguyen/Documents/git/vuaxoso/backend/src/services/cronService.ts:60:20
    at processTicksAndRejections (node:internal/process/task_queues:95:5)
    at async execute (/Users/luannguyen/Documents/git/vuaxoso/backend/node_modules/node-cron/src/scheduler/runner.ts:194:26)
    at async runTask (/Users/luannguyen/Documents/git/vuaxoso/backend/node_modules/node-cron/src/scheduler/runner.ts:237:9)
    at async Runner.runCoordinated (/Users/luannguyen/Documents/git/vuaxoso/backend/node_modules/node-cron/src/scheduler/runner.ts:125:7)
    at async /Users/luannguyen/Documents/git/vuaxoso/backend/node_modules/node-cron/src/scheduler/runner.ts:275:13 {
  version: 0,
  modifiedPaths: [ 'winningNumbers', 'status' ]
}
CronService: Đã tự động sinh kết quả ngẫu nhiên cho kỳ quay #1840
CronService: Lỗi xử lý cron VersionError: No matching document found for id "6a5e09100af0ee08e3c72ec2" version 0 modifiedPaths "winningNumbers, status"
    at generateVersionError (/Users/luannguyen/Documents/git/vuaxoso/backend/node_modules/mongoose/lib/model.js:596:10)
    at model.save (/Users/luannguyen/Documents/git/vuaxoso/backend/node_modules/mongoose/lib/model.js:658:30)
    at /Users/luannguyen/Documents/git/vuaxoso/backend/src/services/cronService.ts:60:20
    at processTicksAndRejections (node:internal/process/task_queues:95:5)
    at async execute (/Users/luannguyen/Documents/git/vuaxoso/backend/node_modules/node-cron/src/scheduler/runner.ts:194:26)
    at async runTask (/Users/luannguyen/Documents/git/vuaxoso/backend/node_modules/node-cron/src/scheduler/runner.ts:237:9)
    at async Runner.runCoordinated (/Users/luannguyen/Documents/git/vuaxoso/backend/node_modules/node-cron/src/scheduler/runner.ts:125:7)
    at async /Users/luannguyen/Documents/git/vuaxoso/backend/node_modules/node-cron/src/scheduler/runner.ts:275:13 {
  version: 0,
  modifiedPaths: [ 'winningNumbers', 'status' ]
}
[32m[nodemon] restarting due to changes...[39m
[32m[nodemon] starting `ts-node src/index.ts`[39m
◇ injected env (1) from .env // tip: ⌘ custom filepath { path: '/custom/path/.env' }
◇ injected env (0) from .env // tip: ⌘ enable debugging { debug: true }
CronService: Bắt đầu tiến trình tự động hóa kỳ quay (chạy mỗi phút).
Server running on port 5001 (0.0.0.0)
MongoDB Connected: localhost
[32m[nodemon] restarting due to changes...[39m
[32m[nodemon] starting `ts-node src/index.ts`[39m
◇ injected env (1) from .env // tip: ◈ encrypted .env [www.dotenvx.com]
◇ injected env (0) from .env // tip: ⌁ auth for agents [www.vestauth.com]
CronService: Bắt đầu tiến trình tự động hóa kỳ quay (chạy mỗi phút).
Server running on port 5001 (0.0.0.0)
MongoDB Connected: localhost
[32m[nodemon] restarting due to changes...[39m
[32m[nodemon] starting `ts-node src/index.ts`[39m
◇ injected env (1) from .env // tip: ⌘ custom filepath { path: '/custom/path/.env' }
◇ injected env (0) from .env // tip: ⌁ auth for agents [www.vestauth.com]
CronService: Bắt đầu tiến trình tự động hóa kỳ quay (chạy mỗi phút).
Server running on port 5001 (0.0.0.0)
MongoDB Connected: localhost
[32m[nodemon] restarting due to changes...[39m
[32m[nodemon] starting `ts-node src/index.ts`[39m
◇ injected env (1) from .env // tip: ⌘ multiple files { path: ['.env.local', '.env'] }
◇ injected env (0) from .env // tip: ⌘ custom filepath { path: '/custom/path/.env' }
CronService: Bắt đầu tiến trình tự động hóa kỳ quay (chạy mỗi phút).
Server running on port 5001 (0.0.0.0)
MongoDB Connected: localhost
CronService: Đã tự động sinh kết quả ngẫu nhiên cho kỳ quay #1842
CronService: Lỗi xử lý cron VersionError: No matching document found for id "6a5e09880af0ee08e3c72ed2" version 0 modifiedPaths "winningNumbers, status"
    at generateVersionError (/Users/luannguyen/Documents/git/vuaxoso/backend/node_modules/mongoose/lib/model.js:596:10)
    at model.save (/Users/luannguyen/Documents/git/vuaxoso/backend/node_modules/mongoose/lib/model.js:658:30)
    at /Users/luannguyen/Documents/git/vuaxoso/backend/src/services/cronService.ts:77:20
    at processTicksAndRejections (node:internal/process/task_queues:95:5)
    at async execute (/Users/luannguyen/Documents/git/vuaxoso/backend/node_modules/node-cron/src/scheduler/runner.ts:194:26)
    at async runTask (/Users/luannguyen/Documents/git/vuaxoso/backend/node_modules/node-cron/src/scheduler/runner.ts:237:9)
    at async Runner.runCoordinated (/Users/luannguyen/Documents/git/vuaxoso/backend/node_modules/node-cron/src/scheduler/runner.ts:125:7)
    at async /Users/luannguyen/Documents/git/vuaxoso/backend/node_modules/node-cron/src/scheduler/runner.ts:275:13 {
  version: 0,
  modifiedPaths: [ 'winningNumbers', 'status' ]
}
CronService: Đã tự động sinh kết quả ngẫu nhiên cho kỳ quay #1844
CronService: Đã tự động sinh kết quả ngẫu nhiên cho kỳ quay #1844
CronService: Đã tự động sinh kết quả ngẫu nhiên cho kỳ quay #1844
PrizeService: Bắt đầu dò vé cho kỳ quay #1844 (Game: keno)
CronService: Đã tự động sinh kết quả ngẫu nhiên cho kỳ quay #1844
PrizeService: Bắt đầu dò vé cho kỳ quay #1844 (Game: bao_keno)
PrizeService: Tìm thấy 0 đơn hàng đang chờ dò vé.
PrizeService: Hoàn tất dò vé cho kỳ quay #1844.
PrizeService: Tìm thấy 0 đơn hàng đang chờ dò vé.
PrizeService: Hoàn tất dò vé cho kỳ quay #1844.
CronService: Đã tự động sinh kết quả ngẫu nhiên cho kỳ quay #1844
PrizeService: Bắt đầu dò vé cho kỳ quay #1844 (Game: mua_chung)
PrizeService: Tìm thấy 0 đơn hàng đang chờ dò vé.
PrizeService: Hoàn tất dò vé cho kỳ quay #1844.
CronService: Đã tự động sinh kết quả ngẫu nhiên cho kỳ quay #1844
PrizeService: Bắt đầu dò vé cho kỳ quay #1844 (Game: power_655)
CronService: Đã tự động sinh kết quả ngẫu nhiên cho kỳ quay #1844
PrizeService: Bắt đầu dò vé cho kỳ quay #1844 (Game: mega_645)
PrizeService: Tìm thấy 0 đơn hàng đang chờ dò vé.
PrizeService: Hoàn tất dò vé cho kỳ quay #1844.
CronService: Đã tự động sinh kết quả ngẫu nhiên cho kỳ quay #1844
PrizeService: Bắt đầu dò vé cho kỳ quay #1844 (Game: max_3d)
PrizeService: Tìm thấy 0 đơn hàng đang chờ dò vé.
PrizeService: Hoàn tất dò vé cho kỳ quay #1844.
CronService: Đã tự động sinh kết quả ngẫu nhiên cho kỳ quay #1844
PrizeService: Tìm thấy 0 đơn hàng đang chờ dò vé.
PrizeService: Hoàn tất dò vé cho kỳ quay #1844.
CronService: Đã tự động sinh kết quả ngẫu nhiên cho kỳ quay #1844
PrizeService: Bắt đầu dò vé cho kỳ quay #1844 (Game: loto_235)
PrizeService: Bắt đầu dò vé cho kỳ quay #1844 (Game: loto_cap)
CronService: Đã tự động sinh kết quả ngẫu nhiên cho kỳ quay #1844
PrizeService: Tìm thấy 0 đơn hàng đang chờ dò vé.
PrizeService: Hoàn tất dò vé cho kỳ quay #1844.
PrizeService: Tìm thấy 0 đơn hàng đang chờ dò vé.
PrizeService: Hoàn tất dò vé cho kỳ quay #1844.
PrizeService: Bắt đầu dò vé cho kỳ quay #1844 (Game: dientoan_636)
PrizeService: Tìm thấy 0 đơn hàng đang chờ dò vé.
PrizeService: Hoàn tất dò vé cho kỳ quay #1844.
CronService: Đã tự động sinh kết quả ngẫu nhiên cho kỳ quay #1844
CronService: Đã tự động sinh kết quả ngẫu nhiên cho kỳ quay #1844
PrizeService: Bắt đầu dò vé cho kỳ quay #1844 (Game: bao_loto_2)
CronService: Đã tự động sinh kết quả ngẫu nhiên cho kỳ quay #1844
PrizeService: Bắt đầu dò vé cho kỳ quay #1844 (Game: than_tai_4)
PrizeService: Tìm thấy 0 đơn hàng đang chờ dò vé.
PrizeService: Hoàn tất dò vé cho kỳ quay #1844.
CronService: Đã tự động sinh kết quả ngẫu nhiên cho kỳ quay #1844
PrizeService: Bắt đầu dò vé cho kỳ quay #1844 (Game: bao_636)
PrizeService: Tìm thấy 0 đơn hàng đang chờ dò vé.
PrizeService: Hoàn tất dò vé cho kỳ quay #1844.
PrizeService: Bắt đầu dò vé cho kỳ quay #1844 (Game: lotto_535)
PrizeService: Tìm thấy 0 đơn hàng đang chờ dò vé.
PrizeService: Hoàn tất dò vé cho kỳ quay #1844.
CronService: Đã tự động sinh kết quả ngẫu nhiên cho kỳ quay #1844
PrizeService: Bắt đầu dò vé cho kỳ quay #1844 (Game: MB)
PrizeService: Tìm thấy 0 đơn hàng đang chờ dò vé.
PrizeService: Hoàn tất dò vé cho kỳ quay #1844.
PrizeService: Tìm thấy 0 đơn hàng đang chờ dò vé.
PrizeService: Hoàn tất dò vé cho kỳ quay #1844.
PrizeService: Bắt đầu dò vé cho kỳ quay #1844 (Game: MT)
PrizeService: Bắt đầu dò vé cho kỳ quay #1844 (Game: MN)
PrizeService: Tìm thấy 0 đơn hàng đang chờ dò vé.
PrizeService: Hoàn tất dò vé cho kỳ quay #1844.
PrizeService: Tìm thấy 0 đơn hàng đang chờ dò vé.
PrizeService: Hoàn tất dò vé cho kỳ quay #1844.
CronService: Đã mở kỳ quay mới #1846 cho game KENO
CronService: Đã mở kỳ quay mới #1846 cho game BAO KENO
CronService: Đã mở kỳ quay mới #1846 cho game MUA CHUNG
CronService: Đã mở kỳ quay mới #1846 cho game POWER 6/55
CronService: Đã mở kỳ quay mới #1846 cho game MEGA 6/45
CronService: Đã mở kỳ quay mới #1846 cho game MAX 3D
CronService: Đã mở kỳ quay mới #1846 cho game LOTTO 5/35
CronService: Đã mở kỳ quay mới #1846 cho game LÔ TÔ 2, 3, 5 Số
CronService: Đã mở kỳ quay mới #1846 cho game LÔ TÔ 2, 3, 4 Cặp
CronService: Đã mở kỳ quay mới #1846 cho game ĐIỆN TOÁN 6x36
CronService: Đã mở kỳ quay mới #1846 cho game BAO LÔ TÔ 2 Số
CronService: Đã mở kỳ quay mới #1846 cho game Thần Tài 4 / ĐT 1-2-3
CronService: Đã mở kỳ quay mới #1846 cho game BAO 6x36
CronService: Đã mở kỳ quay mới #1846 cho game Xổ số Miền Bắc
CronService: Đã mở kỳ quay mới #1846 cho game Xổ số Miền Trung
CronService: Đã mở kỳ quay mới #1846 cho game Xổ số Miền Nam
CronService: Đã tự động sinh kết quả ngẫu nhiên cho kỳ quay #1846
CronService: Đã tự động sinh kết quả ngẫu nhiên cho kỳ quay #1846
CronService: Đã tự động sinh kết quả ngẫu nhiên cho kỳ quay #1846
PrizeService: Bắt đầu dò vé cho kỳ quay #1846 (Game: keno)
CronService: Đã tự động sinh kết quả ngẫu nhiên cho kỳ quay #1846
PrizeService: Bắt đầu dò vé cho kỳ quay #1846 (Game: bao_keno)
PrizeService: Tìm thấy 0 đơn hàng đang chờ dò vé.
PrizeService: Hoàn tất dò vé cho kỳ quay #1846.
CronService: Đã tự động sinh kết quả ngẫu nhiên cho kỳ quay #1846
PrizeService: Bắt đầu dò vé cho kỳ quay #1846 (Game: mua_chung)
PrizeService: Tìm thấy 0 đơn hàng đang chờ dò vé.
PrizeService: Hoàn tất dò vé cho kỳ quay #1846.
PrizeService: Tìm thấy 0 đơn hàng đang chờ dò vé.
PrizeService: Hoàn tất dò vé cho kỳ quay #1846.
CronService: Đã tự động sinh kết quả ngẫu nhiên cho kỳ quay #1846
PrizeService: Bắt đầu dò vé cho kỳ quay #1846 (Game: power_655)
CronService: Đã tự động sinh kết quả ngẫu nhiên cho kỳ quay #1846
PrizeService: Bắt đầu dò vé cho kỳ quay #1846 (Game: mega_645)
PrizeService: Tìm thấy 0 đơn hàng đang chờ dò vé.
PrizeService: Hoàn tất dò vé cho kỳ quay #1846.
PrizeService: Tìm thấy 0 đơn hàng đang chờ dò vé.
PrizeService: Hoàn tất dò vé cho kỳ quay #1846.
PrizeService: Bắt đầu dò vé cho kỳ quay #1846 (Game: max_3d)
CronService: Đã tự động sinh kết quả ngẫu nhiên cho kỳ quay #1846
PrizeService: Tìm thấy 0 đơn hàng đang chờ dò vé.
PrizeService: Hoàn tất dò vé cho kỳ quay #1846.
CronService: Đã tự động sinh kết quả ngẫu nhiên cho kỳ quay #1846
PrizeService: Bắt đầu dò vé cho kỳ quay #1846 (Game: lotto_535)
CronService: Đã tự động sinh kết quả ngẫu nhiên cho kỳ quay #1846
PrizeService: Bắt đầu dò vé cho kỳ quay #1846 (Game: loto_235)
PrizeService: Tìm thấy 0 đơn hàng đang chờ dò vé.
PrizeService: Hoàn tất dò vé cho kỳ quay #1846.
PrizeService: Tìm thấy 0 đơn hàng đang chờ dò vé.
PrizeService: Hoàn tất dò vé cho kỳ quay #1846.
CronService: Đã tự động sinh kết quả ngẫu nhiên cho kỳ quay #1846
PrizeService: Bắt đầu dò vé cho kỳ quay #1846 (Game: loto_cap)
PrizeService: Tìm thấy 0 đơn hàng đang chờ dò vé.
PrizeService: Hoàn tất dò vé cho kỳ quay #1846.
CronService: Đã tự động sinh kết quả ngẫu nhiên cho kỳ quay #1846
PrizeService: Bắt đầu dò vé cho kỳ quay #1846 (Game: dientoan_636)
CronService: Đã tự động sinh kết quả ngẫu nhiên cho kỳ quay #1846
PrizeService: Bắt đầu dò vé cho kỳ quay #1846 (Game: bao_loto_2)
PrizeService: Tìm thấy 0 đơn hàng đang chờ dò vé.
PrizeService: Hoàn tất dò vé cho kỳ quay #1846.
CronService: Đã tự động sinh kết quả ngẫu nhiên cho kỳ quay #1846
PrizeService: Bắt đầu dò vé cho kỳ quay #1846 (Game: than_tai_4)
PrizeService: Tìm thấy 0 đơn hàng đang chờ dò vé.
PrizeService: Hoàn tất dò vé cho kỳ quay #1846.
CronService: Đã tự động sinh kết quả ngẫu nhiên cho kỳ quay #1846
PrizeService: Bắt đầu dò vé cho kỳ quay #1846 (Game: bao_636)
PrizeService: Tìm thấy 0 đơn hàng đang chờ dò vé.
PrizeService: Hoàn tất dò vé cho kỳ quay #1846.
CronService: Đã tự động sinh kết quả ngẫu nhiên cho kỳ quay #1846
PrizeService: Bắt đầu dò vé cho kỳ quay #1846 (Game: MB)
PrizeService: Tìm thấy 0 đơn hàng đang chờ dò vé.
PrizeService: Hoàn tất dò vé cho kỳ quay #1846.
PrizeService: Tìm thấy 0 đơn hàng đang chờ dò vé.
PrizeService: Hoàn tất dò vé cho kỳ quay #1846.
PrizeService: Bắt đầu dò vé cho kỳ quay #1846 (Game: MT)
PrizeService: Tìm thấy 0 đơn hàng đang chờ dò vé.
PrizeService: Hoàn tất dò vé cho kỳ quay #1846.
PrizeService: Bắt đầu dò vé cho kỳ quay #1846 (Game: MN)
PrizeService: Tìm thấy 0 đơn hàng đang chờ dò vé.
PrizeService: Hoàn tất dò vé cho kỳ quay #1846.
CronService: Đã mở kỳ quay mới #1848 cho game KENO
CronService: Đã mở kỳ quay mới #1848 cho game BAO KENO
CronService: Đã mở kỳ quay mới #1848 cho game MUA CHUNG
CronService: Đã mở kỳ quay mới #1848 cho game POWER 6/55
CronService: Đã mở kỳ quay mới #1848 cho game MEGA 6/45
CronService: Đã mở kỳ quay mới #1848 cho game MAX 3D
CronService: Đã mở kỳ quay mới #1848 cho game LOTTO 5/35
CronService: Đã mở kỳ quay mới #1848 cho game LÔ TÔ 2, 3, 5 Số
CronService: Đã mở kỳ quay mới #1848 cho game LÔ TÔ 2, 3, 4 Cặp
CronService: Đã mở kỳ quay mới #1848 cho game ĐIỆN TOÁN 6x36
CronService: Đã mở kỳ quay mới #1848 cho game BAO LÔ TÔ 2 Số
CronService: Đã mở kỳ quay mới #1848 cho game Thần Tài 4 / ĐT 1-2-3
CronService: Đã mở kỳ quay mới #1848 cho game BAO 6x36
CronService: Đã mở kỳ quay mới #1848 cho game Xổ số Miền Bắc
CronService: Đã mở kỳ quay mới #1848 cho game Xổ số Miền Trung
CronService: Đã mở kỳ quay mới #1848 cho game Xổ số Miền Nam
CronService: Đã tự động sinh kết quả ngẫu nhiên cho kỳ quay #1848
CronService: Lỗi xử lý cron VersionError: No matching document found for id "6a5e0af0287b79b59fcfd636" version 0 modifiedPaths "winningNumbers, status"
    at generateVersionError (/Users/luannguyen/Documents/git/vuaxoso/backend/node_modules/mongoose/lib/model.js:596:10)
    at model.save (/Users/luannguyen/Documents/git/vuaxoso/backend/node_modules/mongoose/lib/model.js:658:30)
    at /Users/luannguyen/Documents/git/vuaxoso/backend/src/services/cronService.ts:77:20
    at processTicksAndRejections (node:internal/process/task_queues:95:5)
    at async execute (/Users/luannguyen/Documents/git/vuaxoso/backend/node_modules/node-cron/src/scheduler/runner.ts:194:26)
    at async runTask (/Users/luannguyen/Documents/git/vuaxoso/backend/node_modules/node-cron/src/scheduler/runner.ts:237:9)
    at async Runner.runCoordinated (/Users/luannguyen/Documents/git/vuaxoso/backend/node_modules/node-cron/src/scheduler/runner.ts:125:7)
    at async /Users/luannguyen/Documents/git/vuaxoso/backend/node_modules/node-cron/src/scheduler/runner.ts:275:13 {
  version: 0,
  modifiedPaths: [ 'winningNumbers', 'status' ]
}
CronService: Đã tự động sinh kết quả ngẫu nhiên cho kỳ quay #1850
CronService: Lỗi xử lý cron VersionError: No matching document found for id "6a5e0b68ad9178079605158d" version 0 modifiedPaths "winningNumbers, status"
    at generateVersionError (/Users/luannguyen/Documents/git/vuaxoso/backend/node_modules/mongoose/lib/model.js:596:10)
    at model.save (/Users/luannguyen/Documents/git/vuaxoso/backend/node_modules/mongoose/lib/model.js:658:30)
    at /Users/luannguyen/Documents/git/vuaxoso/backend/src/services/cronService.ts:77:20
    at processTicksAndRejections (node:internal/process/task_queues:95:5)
    at async execute (/Users/luannguyen/Documents/git/vuaxoso/backend/node_modules/node-cron/src/scheduler/runner.ts:194:26)
    at async runTask (/Users/luannguyen/Documents/git/vuaxoso/backend/node_modules/node-cron/src/scheduler/runner.ts:237:9)
    at async Runner.runCoordinated (/Users/luannguyen/Documents/git/vuaxoso/backend/node_modules/node-cron/src/scheduler/runner.ts:125:7)
    at async /Users/luannguyen/Documents/git/vuaxoso/backend/node_modules/node-cron/src/scheduler/runner.ts:275:13 {
  version: 0,
  modifiedPaths: [ 'winningNumbers', 'status' ]
}
[32m[nodemon] restarting due to changes...[39m
[32m[nodemon] starting `ts-node src/index.ts`[39m
◇ injected env (1) from .env // tip: ⌘ custom filepath { path: '/custom/path/.env' }
◇ injected env (0) from .env // tip: ⌘ override existing { override: true }
CronService: Bắt đầu tiến trình tự động hóa kỳ quay (chạy mỗi phút).
Server running on port 5001 (0.0.0.0)
MongoDB Connected: localhost
[32m[nodemon] restarting due to changes...[39m
[32m[nodemon] starting `ts-node src/index.ts`[39m
◇ injected env (1) from .env // tip: ◈ encrypted .env [www.dotenvx.com]
◇ injected env (0) from .env // tip: ⌘ override existing { override: true }
CronService: Bắt đầu tiến trình tự động hóa kỳ quay (chạy mỗi phút).
Server running on port 5001 (0.0.0.0)
MongoDB Connected: localhost
CronService: Đã tự động sinh kết quả ngẫu nhiên cho kỳ quay #1852
CronService: Đã tự động sinh kết quả ngẫu nhiên cho kỳ quay #1852
CronService: Đã tự động sinh kết quả ngẫu nhiên cho kỳ quay #1852
PrizeService: Bắt đầu dò vé cho kỳ quay #1852 (Game: keno)
PrizeService: Bắt đầu dò vé cho kỳ quay #1852 (Game: bao_keno)
CronService: Đã tự động sinh kết quả ngẫu nhiên cho kỳ quay #1852
PrizeService: Tìm thấy 0 đơn hàng đang chờ dò vé.
PrizeService: Hoàn tất dò vé cho kỳ quay #1852.
PrizeService: Tìm thấy 0 đơn hàng đang chờ dò vé.
PrizeService: Hoàn tất dò vé cho kỳ quay #1852.
PrizeService: Bắt đầu dò vé cho kỳ quay #1852 (Game: mua_chung)
CronService: Đã tự động sinh kết quả ngẫu nhiên cho kỳ quay #1852
PrizeService: Tìm thấy 0 đơn hàng đang chờ dò vé.
PrizeService: Hoàn tất dò vé cho kỳ quay #1852.
CronService: Đã tự động sinh kết quả ngẫu nhiên cho kỳ quay #1852
PrizeService: Bắt đầu dò vé cho kỳ quay #1852 (Game: power_655)
CronService: Đã tự động sinh kết quả ngẫu nhiên cho kỳ quay #1852
PrizeService: Bắt đầu dò vé cho kỳ quay #1852 (Game: mega_645)
PrizeService: Tìm thấy 0 đơn hàng đang chờ dò vé.
PrizeService: Hoàn tất dò vé cho kỳ quay #1852.
PrizeService: Tìm thấy 0 đơn hàng đang chờ dò vé.
PrizeService: Hoàn tất dò vé cho kỳ quay #1852.
CronService: Đã tự động sinh kết quả ngẫu nhiên cho kỳ quay #1852
PrizeService: Bắt đầu dò vé cho kỳ quay #1852 (Game: max_3d)
PrizeService: Tìm thấy 0 đơn hàng đang chờ dò vé.
PrizeService: Hoàn tất dò vé cho kỳ quay #1852.
CronService: Đã tự động sinh kết quả ngẫu nhiên cho kỳ quay #1852
CronService: Đã tự động sinh kết quả ngẫu nhiên cho kỳ quay #1852
PrizeService: Bắt đầu dò vé cho kỳ quay #1852 (Game: lotto_535)
PrizeService: Bắt đầu dò vé cho kỳ quay #1852 (Game: loto_235)
CronService: Đã tự động sinh kết quả ngẫu nhiên cho kỳ quay #1852
PrizeService: Bắt đầu dò vé cho kỳ quay #1852 (Game: loto_cap)
PrizeService: Tìm thấy 0 đơn hàng đang chờ dò vé.
PrizeService: Hoàn tất dò vé cho kỳ quay #1852.
PrizeService: Tìm thấy 0 đơn hàng đang chờ dò vé.
PrizeService: Hoàn tất dò vé cho kỳ quay #1852.
CronService: Đã tự động sinh kết quả ngẫu nhiên cho kỳ quay #1852
PrizeService: Bắt đầu dò vé cho kỳ quay #1852 (Game: dientoan_636)
PrizeService: Tìm thấy 0 đơn hàng đang chờ dò vé.
PrizeService: Hoàn tất dò vé cho kỳ quay #1852.
CronService: Đã tự động sinh kết quả ngẫu nhiên cho kỳ quay #1852
PrizeService: Bắt đầu dò vé cho kỳ quay #1852 (Game: bao_loto_2)
PrizeService: Tìm thấy 0 đơn hàng đang chờ dò vé.
PrizeService: Hoàn tất dò vé cho kỳ quay #1852.
CronService: Đã tự động sinh kết quả ngẫu nhiên cho kỳ quay #1852
PrizeService: Bắt đầu dò vé cho kỳ quay #1852 (Game: than_tai_4)
PrizeService: Tìm thấy 0 đơn hàng đang chờ dò vé.
PrizeService: Hoàn tất dò vé cho kỳ quay #1852.
PrizeService: Tìm thấy 0 đơn hàng đang chờ dò vé.
PrizeService: Hoàn tất dò vé cho kỳ quay #1852.
CronService: Đã tự động sinh kết quả ngẫu nhiên cho kỳ quay #1852
PrizeService: Bắt đầu dò vé cho kỳ quay #1852 (Game: bao_636)
CronService: Đã tự động sinh kết quả ngẫu nhiên cho kỳ quay #1852
PrizeService: Bắt đầu dò vé cho kỳ quay #1852 (Game: MB)
PrizeService: Tìm thấy 0 đơn hàng đang chờ dò vé.
PrizeService: Hoàn tất dò vé cho kỳ quay #1852.
PrizeService: Bắt đầu dò vé cho kỳ quay #1852 (Game: MT)
PrizeService: Tìm thấy 0 đơn hàng đang chờ dò vé.
PrizeService: Hoàn tất dò vé cho kỳ quay #1852.
PrizeService: Bắt đầu dò vé cho kỳ quay #1852 (Game: MN)
PrizeService: Tìm thấy 0 đơn hàng đang chờ dò vé.
PrizeService: Hoàn tất dò vé cho kỳ quay #1852.
PrizeService: Tìm thấy 0 đơn hàng đang chờ dò vé.
PrizeService: Hoàn tất dò vé cho kỳ quay #1852.
CronService: Đã mở kỳ quay mới #1854 cho game KENO
CronService: Đã mở kỳ quay mới #1854 cho game BAO KENO
CronService: Đã mở kỳ quay mới #1854 cho game MUA CHUNG
CronService: Đã mở kỳ quay mới #1854 cho game POWER 6/55
CronService: Đã mở kỳ quay mới #1854 cho game MEGA 6/45
CronService: Đã mở kỳ quay mới #1854 cho game MAX 3D
CronService: Đã mở kỳ quay mới #1854 cho game LOTTO 5/35
CronService: Đã mở kỳ quay mới #1854 cho game LÔ TÔ 2, 3, 5 Số
CronService: Đã mở kỳ quay mới #1854 cho game LÔ TÔ 2, 3, 4 Cặp
CronService: Đã mở kỳ quay mới #1854 cho game ĐIỆN TOÁN 6x36
CronService: Đã mở kỳ quay mới #1854 cho game BAO LÔ TÔ 2 Số
CronService: Đã mở kỳ quay mới #1854 cho game Thần Tài 4 / ĐT 1-2-3
CronService: Đã mở kỳ quay mới #1854 cho game BAO 6x36
CronService: Đã mở kỳ quay mới #1854 cho game Xổ số Miền Bắc
CronService: Đã mở kỳ quay mới #1854 cho game Xổ số Miền Trung
CronService: Đã mở kỳ quay mới #1854 cho game Xổ số Miền Nam
[32m[nodemon] restarting due to changes...[39m
[32m[nodemon] starting `ts-node src/index.ts`[39m
◇ injected env (1) from .env // tip: ⌘ enable debugging { debug: true }
◇ injected env (0) from .env // tip: ⌘ custom filepath { path: '/custom/path/.env' }
CronService: Bắt đầu tiến trình tự động hóa kỳ quay (chạy mỗi phút).
Server running on port 5001 (0.0.0.0)
MongoDB Connected: localhost
[32m[nodemon] restarting due to changes...[39m
[32m[nodemon] starting `ts-node src/index.ts`[39m
◇ injected env (1) from .env // tip: ⌘ multiple files { path: ['.env.local', '.env'] }
◇ injected env (0) from .env // tip: ⌘ suppress logs { quiet: true }
CronService: Bắt đầu tiến trình tự động hóa kỳ quay (chạy mỗi phút).
Server running on port 5001 (0.0.0.0)
MongoDB Connected: localhost
CronService: Đã tự động sinh kết quả ngẫu nhiên cho kỳ quay #1854
CronService: Lỗi xử lý cron VersionError: No matching document found for id "6a5e0c583da86d9e086fd29a" version 0 modifiedPaths "winningNumbers, status"
    at generateVersionError (/Users/luannguyen/Documents/git/vuaxoso/backend/node_modules/mongoose/lib/model.js:596:10)
    at model.save (/Users/luannguyen/Documents/git/vuaxoso/backend/node_modules/mongoose/lib/model.js:658:30)
    at /Users/luannguyen/Documents/git/vuaxoso/backend/src/services/cronService.ts:77:20
    at processTicksAndRejections (node:internal/process/task_queues:95:5)
    at async execute (/Users/luannguyen/Documents/git/vuaxoso/backend/node_modules/node-cron/src/scheduler/runner.ts:194:26)
    at async runTask (/Users/luannguyen/Documents/git/vuaxoso/backend/node_modules/node-cron/src/scheduler/runner.ts:237:9)
    at async Runner.runCoordinated (/Users/luannguyen/Documents/git/vuaxoso/backend/node_modules/node-cron/src/scheduler/runner.ts:125:7)
    at async /Users/luannguyen/Documents/git/vuaxoso/backend/node_modules/node-cron/src/scheduler/runner.ts:275:13 {
  version: 0,
  modifiedPaths: [ 'winningNumbers', 'status' ]
}
CronService: Đã tự động sinh kết quả ngẫu nhiên cho kỳ quay #1856
CronService: Lỗi xử lý cron VersionError: No matching document found for id "6a5e0cd092bf575e8cfc2518" version 0 modifiedPaths "winningNumbers, status"
    at generateVersionError (/Users/luannguyen/Documents/git/vuaxoso/backend/node_modules/mongoose/lib/model.js:596:10)
    at model.save (/Users/luannguyen/Documents/git/vuaxoso/backend/node_modules/mongoose/lib/model.js:658:30)
    at /Users/luannguyen/Documents/git/vuaxoso/backend/src/services/cronService.ts:77:20
    at processTicksAndRejections (node:internal/process/task_queues:95:5)
    at async execute (/Users/luannguyen/Documents/git/vuaxoso/backend/node_modules/node-cron/src/scheduler/runner.ts:194:26)
    at async runTask (/Users/luannguyen/Documents/git/vuaxoso/backend/node_modules/node-cron/src/scheduler/runner.ts:237:9)
    at async Runner.runCoordinated (/Users/luannguyen/Documents/git/vuaxoso/backend/node_modules/node-cron/src/scheduler/runner.ts:125:7)
    at async /Users/luannguyen/Documents/git/vuaxoso/backend/node_modules/node-cron/src/scheduler/runner.ts:275:13 {
  version: 0,
  modifiedPaths: [ 'winningNumbers', 'status' ]
}
CronService: Đã tự động sinh kết quả ngẫu nhiên cho kỳ quay #1858
CronService: Lỗi xử lý cron VersionError: No matching document found for id "6a5e0d4892bf575e8cfc25fd" version 0 modifiedPaths "winningNumbers, status"
    at generateVersionError (/Users/luannguyen/Documents/git/vuaxoso/backend/node_modules/mongoose/lib/model.js:596:10)
    at model.save (/Users/luannguyen/Documents/git/vuaxoso/backend/node_modules/mongoose/lib/model.js:658:30)
    at /Users/luannguyen/Documents/git/vuaxoso/backend/src/services/cronService.ts:77:20
    at processTicksAndRejections (node:internal/process/task_queues:95:5)
    at async execute (/Users/luannguyen/Documents/git/vuaxoso/backend/node_modules/node-cron/src/scheduler/runner.ts:194:26)
    at async runTask (/Users/luannguyen/Documents/git/vuaxoso/backend/node_modules/node-cron/src/scheduler/runner.ts:237:9)
    at async Runner.runCoordinated (/Users/luannguyen/Documents/git/vuaxoso/backend/node_modules/node-cron/src/scheduler/runner.ts:125:7)
    at async /Users/luannguyen/Documents/git/vuaxoso/backend/node_modules/node-cron/src/scheduler/runner.ts:275:13 {
  version: 0,
  modifiedPaths: [ 'winningNumbers', 'status' ]
}
CronService: Đã tự động sinh kết quả ngẫu nhiên cho kỳ quay #1900
CronService: Lỗi xử lý cron VersionError: No matching document found for id "6a5e0dc092bf575e8cfc48cf" version 0 modifiedPaths "winningNumbers, status"
    at generateVersionError (/Users/luannguyen/Documents/git/vuaxoso/backend/node_modules/mongoose/lib/model.js:596:10)
    at model.save (/Users/luannguyen/Documents/git/vuaxoso/backend/node_modules/mongoose/lib/model.js:658:30)
    at /Users/luannguyen/Documents/git/vuaxoso/backend/src/services/cronService.ts:77:20
    at processTicksAndRejections (node:internal/process/task_queues:95:5)
    at async execute (/Users/luannguyen/Documents/git/vuaxoso/backend/node_modules/node-cron/src/scheduler/runner.ts:194:26)
    at async runTask (/Users/luannguyen/Documents/git/vuaxoso/backend/node_modules/node-cron/src/scheduler/runner.ts:237:9)
    at async Runner.runCoordinated (/Users/luannguyen/Documents/git/vuaxoso/backend/node_modules/node-cron/src/scheduler/runner.ts:125:7)
    at async /Users/luannguyen/Documents/git/vuaxoso/backend/node_modules/node-cron/src/scheduler/runner.ts:275:13 {
  version: 0,
  modifiedPaths: [ 'winningNumbers', 'status' ]
}
CronService: Đã tự động sinh kết quả ngẫu nhiên cho kỳ quay #1902
CronService: Lỗi xử lý cron VersionError: No matching document found for id "6a5e0e3892bf575e8cfc66e7" version 0 modifiedPaths "winningNumbers, status"
    at generateVersionError (/Users/luannguyen/Documents/git/vuaxoso/backend/node_modules/mongoose/lib/model.js:596:10)
    at model.save (/Users/luannguyen/Documents/git/vuaxoso/backend/node_modules/mongoose/lib/model.js:658:30)
    at /Users/luannguyen/Documents/git/vuaxoso/backend/src/services/cronService.ts:77:20
    at processTicksAndRejections (node:internal/process/task_queues:95:5)
    at async execute (/Users/luannguyen/Documents/git/vuaxoso/backend/node_modules/node-cron/src/scheduler/runner.ts:194:26)
    at async runTask (/Users/luannguyen/Documents/git/vuaxoso/backend/node_modules/node-cron/src/scheduler/runner.ts:237:9)
    at async Runner.runCoordinated (/Users/luannguyen/Documents/git/vuaxoso/backend/node_modules/node-cron/src/scheduler/runner.ts:125:7)
    at async /Users/luannguyen/Documents/git/vuaxoso/backend/node_modules/node-cron/src/scheduler/runner.ts:275:13 {
  version: 0,
  modifiedPaths: [ 'winningNumbers', 'status' ]
}
CronService: Đã tự động sinh kết quả ngẫu nhiên cho kỳ quay #1904
CronService: Lỗi xử lý cron VersionError: No matching document found for id "6a5e0eb092bf575e8cfc78df" version 0 modifiedPaths "winningNumbers, status"
    at generateVersionError (/Users/luannguyen/Documents/git/vuaxoso/backend/node_modules/mongoose/lib/model.js:596:10)
    at model.save (/Users/luannguyen/Documents/git/vuaxoso/backend/node_modules/mongoose/lib/model.js:658:30)
    at /Users/luannguyen/Documents/git/vuaxoso/backend/src/services/cronService.ts:77:20
    at processTicksAndRejections (node:internal/process/task_queues:95:5)
    at async execute (/Users/luannguyen/Documents/git/vuaxoso/backend/node_modules/node-cron/src/scheduler/runner.ts:194:26)
    at async runTask (/Users/luannguyen/Documents/git/vuaxoso/backend/node_modules/node-cron/src/scheduler/runner.ts:237:9)
    at async Runner.runCoordinated (/Users/luannguyen/Documents/git/vuaxoso/backend/node_modules/node-cron/src/scheduler/runner.ts:125:7)
    at async /Users/luannguyen/Documents/git/vuaxoso/backend/node_modules/node-cron/src/scheduler/runner.ts:275:13 {
  version: 0,
  modifiedPaths: [ 'winningNumbers', 'status' ]
}
CronService: Đã tự động sinh kết quả ngẫu nhiên cho kỳ quay #1906
CronService: Lỗi xử lý cron VersionError: No matching document found for id "6a5e0f2892bf575e8cfc78ef" version 0 modifiedPaths "winningNumbers, status"
    at generateVersionError (/Users/luannguyen/Documents/git/vuaxoso/backend/node_modules/mongoose/lib/model.js:596:10)
    at model.save (/Users/luannguyen/Documents/git/vuaxoso/backend/node_modules/mongoose/lib/model.js:658:30)
    at /Users/luannguyen/Documents/git/vuaxoso/backend/src/services/cronService.ts:77:20
    at processTicksAndRejections (node:internal/process/task_queues:95:5)
    at async execute (/Users/luannguyen/Documents/git/vuaxoso/backend/node_modules/node-cron/src/scheduler/runner.ts:194:26)
    at async runTask (/Users/luannguyen/Documents/git/vuaxoso/backend/node_modules/node-cron/src/scheduler/runner.ts:237:9)
    at async Runner.runCoordinated (/Users/luannguyen/Documents/git/vuaxoso/backend/node_modules/node-cron/src/scheduler/runner.ts:125:7)
    at async /Users/luannguyen/Documents/git/vuaxoso/backend/node_modules/node-cron/src/scheduler/runner.ts:275:13 {
  version: 0,
  modifiedPaths: [ 'winningNumbers', 'status' ]
}
CronService: Đã tự động sinh kết quả ngẫu nhiên cho kỳ quay #1908
CronService: Lỗi xử lý cron VersionError: No matching document found for id "6a5e0fa092bf575e8cfc78ff" version 0 modifiedPaths "winningNumbers, status"
    at generateVersionError (/Users/luannguyen/Documents/git/vuaxoso/backend/node_modules/mongoose/lib/model.js:596:10)
    at model.save (/Users/luannguyen/Documents/git/vuaxoso/backend/node_modules/mongoose/lib/model.js:658:30)
    at /Users/luannguyen/Documents/git/vuaxoso/backend/src/services/cronService.ts:77:20
    at processTicksAndRejections (node:internal/process/task_queues:95:5)
    at async execute (/Users/luannguyen/Documents/git/vuaxoso/backend/node_modules/node-cron/src/scheduler/runner.ts:194:26)
    at async runTask (/Users/luannguyen/Documents/git/vuaxoso/backend/node_modules/node-cron/src/scheduler/runner.ts:237:9)
    at async Runner.runCoordinated (/Users/luannguyen/Documents/git/vuaxoso/backend/node_modules/node-cron/src/scheduler/runner.ts:125:7)
    at async /Users/luannguyen/Documents/git/vuaxoso/backend/node_modules/node-cron/src/scheduler/runner.ts:275:13 {
  version: 0,
  modifiedPaths: [ 'winningNumbers', 'status' ]
}
CronService: Đã tự động sinh kết quả ngẫu nhiên cho kỳ quay #1910
CronService: Lỗi xử lý cron VersionError: No matching document found for id "6a5e101892bf575e8cfc790f" version 0 modifiedPaths "winningNumbers, status"
    at generateVersionError (/Users/luannguyen/Documents/git/vuaxoso/backend/node_modules/mongoose/lib/model.js:596:10)
    at model.save (/Users/luannguyen/Documents/git/vuaxoso/backend/node_modules/mongoose/lib/model.js:658:30)
    at /Users/luannguyen/Documents/git/vuaxoso/backend/src/services/cronService.ts:77:20
    at processTicksAndRejections (node:internal/process/task_queues:95:5)
    at async execute (/Users/luannguyen/Documents/git/vuaxoso/backend/node_modules/node-cron/src/scheduler/runner.ts:194:26)
    at async runTask (/Users/luannguyen/Documents/git/vuaxoso/backend/node_modules/node-cron/src/scheduler/runner.ts:237:9)
    at async Runner.runCoordinated (/Users/luannguyen/Documents/git/vuaxoso/backend/node_modules/node-cron/src/scheduler/runner.ts:125:7)
    at async /Users/luannguyen/Documents/git/vuaxoso/backend/node_modules/node-cron/src/scheduler/runner.ts:275:13 {
  version: 0,
  modifiedPaths: [ 'winningNumbers', 'status' ]
}
CronService: Đã tự động sinh kết quả ngẫu nhiên cho kỳ quay #1912
CronService: Lỗi xử lý cron VersionError: No matching document found for id "6a5e109092bf575e8cfc791f" version 0 modifiedPaths "winningNumbers, status"
    at generateVersionError (/Users/luannguyen/Documents/git/vuaxoso/backend/node_modules/mongoose/lib/model.js:596:10)
    at model.save (/Users/luannguyen/Documents/git/vuaxoso/backend/node_modules/mongoose/lib/model.js:658:30)
    at /Users/luannguyen/Documents/git/vuaxoso/backend/src/services/cronService.ts:77:20
    at processTicksAndRejections (node:internal/process/task_queues:95:5)
    at async execute (/Users/luannguyen/Documents/git/vuaxoso/backend/node_modules/node-cron/src/scheduler/runner.ts:194:26)
    at async runTask (/Users/luannguyen/Documents/git/vuaxoso/backend/node_modules/node-cron/src/scheduler/runner.ts:237:9)
    at async Runner.runCoordinated (/Users/luannguyen/Documents/git/vuaxoso/backend/node_modules/node-cron/src/scheduler/runner.ts:125:7)
    at async /Users/luannguyen/Documents/git/vuaxoso/backend/node_modules/node-cron/src/scheduler/runner.ts:275:13 {
  version: 0,
  modifiedPaths: [ 'winningNumbers', 'status' ]
}
CronService: Đã tự động sinh kết quả ngẫu nhiên cho kỳ quay #1914
CronService: Lỗi xử lý cron VersionError: No matching document found for id "6a5e110892bf575e8cfc792f" version 0 modifiedPaths "winningNumbers, status"
    at generateVersionError (/Users/luannguyen/Documents/git/vuaxoso/backend/node_modules/mongoose/lib/model.js:596:10)
    at model.save (/Users/luannguyen/Documents/git/vuaxoso/backend/node_modules/mongoose/lib/model.js:658:30)
    at /Users/luannguyen/Documents/git/vuaxoso/backend/src/services/cronService.ts:77:20
    at processTicksAndRejections (node:internal/process/task_queues:95:5)
    at async execute (/Users/luannguyen/Documents/git/vuaxoso/backend/node_modules/node-cron/src/scheduler/runner.ts:194:26)
    at async runTask (/Users/luannguyen/Documents/git/vuaxoso/backend/node_modules/node-cron/src/scheduler/runner.ts:237:9)
    at async Runner.runCoordinated (/Users/luannguyen/Documents/git/vuaxoso/backend/node_modules/node-cron/src/scheduler/runner.ts:125:7)
    at async /Users/luannguyen/Documents/git/vuaxoso/backend/node_modules/node-cron/src/scheduler/runner.ts:275:13 {
  version: 0,
  modifiedPaths: [ 'winningNumbers', 'status' ]
}
